{"type": "FeatureCollection", "features": [{"type": "Feature", "id": 1, "geometry": {"type": "LineString", "coordinates": [[-86.3453875449999, 39.757399573], [-86.3240394919999, 39.931452226], [-86.1620450249999, 40.036935647], [-85.4361541119999, 40.9013470460001]]}, "properties": {"FID": 1, "Opername": "BUCKEYE PARTNERS", "Pipename": "Buckeye", "Shape_Leng": 1.49743880776, "Shape__Length": 199110.25046263216}}, {"type": "Feature", "id": 2, "geometry": {"type": "LineString", "coordinates": [[-84.106300506, 40.712765647], [-83.7926864619999, 40.598850488], [-83.0972351819999, 39.966936484]]}, "properties": {"FID": 2, "Opername": "BUCKEYE PARTNERS", "Pipename": "Buckeye", "Shape_Leng": 1.27332581116, "Shape__Length": 159108.3214729113}}, {"type": "Feature", "id": 3, "geometry": {"type": "LineString", "coordinates": [[-84.08481583, 40.708218695], [-83.697847883, 41.1136267150001], [-83.451510672, 41.651951717], [-83.5778536879999, 41.8155063140001], [-83.6154964959999, 41.8981213270001], [-83.411180367, 42.2623732960001], [-83.4486679999999, 42.4748616250001], [-83.557692941, 43.085510446], [-83.6745391109999, 43.0917355190001], [-83.950163612, 43.087771382], [-84.1964087919999, 42.9976867820001]]}, "properties": {"FID": 3, "Opername": "BUCKEYE PARTNERS", "Pipename": "Buckeye", "Shape_Leng": 3.35850058036, "Shape__Length": 458537.2663100097}}, {"type": "Feature", "id": 4, "geometry": {"type": "LineString", "coordinates": [[-83.6745391109999, 43.0917355190001], [-83.864411954, 43.623414714]]}, "properties": {"FID": 4, "Opername": "BUCKEYE PARTNERS", "Pipename": "Buckeye", "Shape_Leng": 0.564565729481, "Shape__Length": 84102.45380909326}}, {"type": "Feature", "id": 5, "geometry": {"type": "LineString", "coordinates": [[-83.5778536879999, 41.8155063140001], [-83.1217628379999, 42.2755405400001]]}, "properties": {"FID": 5, "Opername": "BUCKEYE PARTNERS", "Pipename": "Buckeye", "Shape_Leng": 0.647804254806, "Shape__Length": 85635.03523616736}}, {"type": "Feature", "id": 6, "geometry": {"type": "LineString", "coordinates": [[-83.451510672, 41.651951717], [-82.799206054, 41.2521088130001]]}, "properties": {"FID": 6, "Opername": "BUCKEYE PARTNERS", "Pipename": "Buckeye", "Shape_Leng": 0.765098465914, "Shape__Length": 93805.87156267001}}, {"type": "Feature", "id": 7, "geometry": {"type": "LineString", "coordinates": [[-83.63569842, 41.2431821430001], [-82.799206054, 41.2521088130001], [-82.2234242589999, 41.275524712], [-81.227180195, 41.2872812680001]]}, "properties": {"FID": 7, "Opername": "BUCKEYE PARTNERS", "Pipename": "Buckeye", "Shape_Leng": 2.40911116306, "Shape__Length": 268231.81377647107}}, {"type": "Feature", "id": 8, "geometry": {"type": "LineString", "coordinates": [[-82.2234242589999, 41.275524712], [-81.654413932, 41.4338173200001]]}, "properties": {"FID": 8, "Opername": "BUCKEYE PARTNERS", "Pipename": "Buckeye", "Shape_Leng": 0.590617729145, "Shape__Length": 67552.00058838839}}, {"type": "Feature", "id": 9, "geometry": {"type": "LineString", "coordinates": [[-83.411180367, 42.2623732960001], [-83.1217628379999, 42.2755405400001]]}, "properties": {"FID": 9, "Opername": "BUCKEYE PARTNERS", "Pipename": "Buckeye", "Shape_Leng": 0.289716900451, "Shape__Length": 32278.644786369514}}, {"type": "Feature", "id": 10, "geometry": {"type": "LineString", "coordinates": [[-81.6815213099999, 41.4857743150001], [-81.227180195, 41.2872812680001]]}, "properties": {"FID": 10, "Opername": "BUCKEYE PARTNERS", "Pipename": "Buckeye", "Shape_Leng": 0.495807763641, "Shape__Length": 58526.936098892475}}, {"type": "Feature", "id": 11, "geometry": {"type": "LineString", "coordinates": [[-87.485676347, 41.608467579], [-87.354916727, 41.426191267], [-85.441862055, 40.88604695], [-84.0954370859999, 40.703255588]]}, "properties": {"FID": 11, "Opername": "BUCKEYE PARTNERS", "Pipename": "Buckeye", "Shape_Leng": 3.57095012019, "Shape__Length": 410477.80191597657}}, {"type": "Feature", "id": 12, "geometry": {"type": "LineString", "coordinates": [[-84.684314138, 33.8602347770001], [-85.09694716, 34.2889447800001], [-85.217006627, 34.9700449110001], [-85.195051924, 35.074523157], [-83.99896, 35.9605730000001], [-83.909226, 35.9574040000001]]}, "properties": {"FID": 12, "Opername": "COLONIALPIPELINE CO", "Pipename": "Colonial", "Shape_Leng": 2.9717083212, "Shape__Length": 371243.12004694797}}, {"type": "Feature", "id": 13, "geometry": {"type": "LineString", "coordinates": [[-85.217006627, 34.9700449110001], [-85.330709627, 34.952717733], [-85.3302209999999, 35.066786], [-85.344664641, 35.098755757], [-85.5686339069999, 35.238700556], [-86.515179178, 35.9555438240001], [-86.6662188, 36.1220870120001], [-86.785082734, 36.1820501340001]]}, "properties": {"FID": 13, "Opername": "COLONIALPIPELINE CO", "Pipename": "Colonial", "Shape_Leng": 2.07358206792, "Shape__Length": 252422.08899188667}}, {"type": "Feature", "id": 14, "geometry": {"type": "LineString", "coordinates": [[-84.684314138, 33.8602347770001], [-84.2587794249999, 33.278107499], [-83.726496897, 32.88327831], [-84.098450037, 31.9837631310001], [-84.2283567119999, 31.52163038], [-84.535750069, 30.915659313]]}, "properties": {"FID": 14, "Opername": "COLONIALPIPELINE CO", "Pipename": "Colonial", "Shape_Leng": 3.51671701557, "Shape__Length": 444045.54479059804}}, {"type": "Feature", "id": 15, "geometry": {"type": "LineString", "coordinates": [[-82.533223806, 34.528955534], [-81.923845262, 33.554585751]]}, "properties": {"FID": 15, "Opername": "COLONIALPIPELINE CO", "Pipename": "Colonial", "Shape_Leng": 1.14923395525, "Shape__Length": 147434.32387794633}}, {"type": "Feature", "id": 16, "geometry": {"type": "LineString", "coordinates": [[-79.943849233, 36.0882762530001], [-78.8159449029999, 35.7192817160001], [-78.297590654, 35.555291235]]}, "properties": {"FID": 16, "Opername": "COLONIALPIPELINE CO", "Pipename": "Colonial", "Shape_Leng": 1.73040513759, "Shape__Length": 197332.62152764626}}, {"type": "Feature", "id": 17, "geometry": {"type": "LineString", "coordinates": [[-78.8159449029999, 35.7192817160001], [-78.927401955, 35.1152628830001]]}, "properties": {"FID": 17, "Opername": "COLONIALPIPELINE CO", "Pipename": "Colonial", "Shape_Leng": 0.614216106154, "Shape__Length": 83435.12178616134}}, {"type": "Feature", "id": 18, "geometry": {"type": "LineString", "coordinates": [[-78.246450916, 37.650777857], [-79.721267187, 37.3810242800001]]}, "properties": {"FID": 18, "Opername": "COLONIALPIPELINE CO", "Pipename": "Colonial", "Shape_Leng": 1.49928317056, "Shape__Length": 168484.3306387642}}, {"type": "Feature", "id": 19, "geometry": {"type": "LineString", "coordinates": [[-78.246450916, 37.650777857], [-77.440168655, 37.4461308670001], [-77.427681067, 37.47234847], [-77.429266102, 37.47948039], [-77.430101049, 37.503995069], [-76.591838723, 37.1998519700001], [-76.694659115, 37.1459426330001], [-76.67570662, 36.9592859790001], [-76.457700939, 36.8105788060001], [-76.344908218, 36.7530497060001], [-76.308763069, 36.7735174380001], [-76.283762461, 36.822648031]]}, "properties": {"FID": 19, "Opername": "COLONIALPIPELINE CO", "Pipename": "Colonial", "Shape_Leng": 2.57534227647, "Shape__Length": 304110.89410552144}}, {"type": "Feature", "id": 20, "geometry": {"type": "LineString", "coordinates": [[-76.591838723, 37.1998519700001], [-76.539900146, 37.1666558270001], [-76.450745706, 37.1944321770001], [-76.5058169719999, 37.246736297]]}, "properties": {"FID": 20, "Opername": "COLONIALPIPELINE CO", "Pipename": "Colonial", "Shape_Leng": 0.230973118107, "Shape__Length": 27610.551019085287}}, {"type": "Feature", "id": 21, "geometry": {"type": "LineString", "coordinates": [[-74.665475602, 40.146617656], [-74.7518634959999, 40.1866213100001]]}, "properties": {"FID": 21, "Opername": "COLONIALPIPELINE CO", "Pipename": "Colonial", "Shape_Leng": 0.0952006332075, "Shape__Length": 11244.529730890028}}, {"type": "Feature", "id": 22, "geometry": {"type": "LineString", "coordinates": [[-74.9346975129999, 39.9433438830001], [-74.966706868, 39.938352982], [-75.00506573, 39.978911683], [-75.0438694059999, 39.9666183360001], [-75.0932858049999, 39.9706955980001]]}, "properties": {"FID": 22, "Opername": "COLONIALPIPELINE CO", "Pipename": "Colonial", "Shape_Leng": 0.178509689563, "Shape__Length": 21118.422001765277}}, {"type": "Feature", "id": 23, "geometry": {"type": "LineString", "coordinates": [[-74.255958133, 40.566595474], [-74.257798039, 40.543659915], [-74.2643870859999, 40.5167933970001], [-74.290094989, 40.5155122410001]]}, "properties": {"FID": 23, "Opername": "COLONIALPIPELINE CO", "Pipename": "Colonial", "Shape_Leng": 0.0764117528539, "Shape__Length": 10237.251339477081}}, {"type": "Feature", "id": 24, "geometry": {"type": "LineString", "coordinates": [[-75.20168907, 39.8191524270001], [-75.2042181749999, 39.8282973760001], [-75.208304464, 39.834724581], [-75.225291173, 39.868742146], [-75.210503365, 39.882858855], [-75.211208744, 39.8915193500001], [-75.2201357759999, 39.903947353], [-75.217611339, 39.9122019810001], [-75.215977583, 39.922222225], [-75.218438195, 39.9244131950001], [-75.210327747, 39.936802879]]}, "properties": {"FID": 24, "Opername": "COLONIALPIPELINE CO", "Pipename": "Colonial", "Shape_Leng": 0.136449986936, "Shape__Length": 18748.1323148936}}, {"type": "Feature", "id": 25, "geometry": {"type": "LineString", "coordinates": [[-75.208304464, 39.834626348], [-75.229060552, 39.8407054410001], [-75.2400988059999, 39.845691748], [-75.248397855, 39.8453481710001]]}, "properties": {"FID": 25, "Opername": "COLONIALPIPELINE CO", "Pipename": "Colonial", "Shape_Leng": 0.0420463999898, "Shape__Length": 4823.782196521216}}, {"type": "Feature", "id": 26, "geometry": {"type": "LineString", "coordinates": [[-75.2042181749999, 39.8282973760001], [-75.1650215619999, 39.851273376], [-75.163336429, 39.864214304], [-75.132990594, 39.877476282], [-75.127512302, 39.893322181]]}, "properties": {"FID": 26, "Opername": "COLONIALPIPELINE CO", "Pipename": "Colonial", "Shape_Leng": 0.108367808042, "Shape__Length": 13641.16975053933}}, {"type": "Feature", "id": 27, "geometry": {"type": "LineString", "coordinates": [[-76.498406438, 39.549895097], [-76.556967272, 39.3055652510001], [-76.568838339, 39.273898333]]}, "properties": {"FID": 27, "Opername": "COLONIALPIPELINE CO", "Pipename": "Colonial", "Shape_Leng": 0.285068635418, "Shape__Length": 40552.97455438581}}, {"type": "Feature", "id": 28, "geometry": {"type": "LineString", "coordinates": [[-76.907311529, 39.500928952], [-76.888764717, 39.3420529850001], [-76.830603961, 39.2357164420001], [-76.730298824, 39.186734555], [-76.584561434, 39.209547953], [-76.568561913, 39.2296037400001]]}, "properties": {"FID": 28, "Opername": "COLONIALPIPELINE CO", "Pipename": "Colonial", "Shape_Leng": 0.565951587516, "Shape__Length": 72733.2711040114}}, {"type": "Feature", "id": 29, "geometry": {"type": "LineString", "coordinates": [[-77.037113196, 39.3655146460001], [-76.888764717, 39.3420529850001]]}, "properties": {"FID": 29, "Opername": "COLONIALPIPELINE CO", "Pipename": "Colonial", "Shape_Leng": 0.150192279291, "Shape__Length": 16855.953252676663}}, {"type": "Feature", "id": 30, "geometry": {"type": "LineString", "coordinates": [[-76.830603961, 39.2357164420001], [-76.994964234, 38.9465559590001]]}, "properties": {"FID": 30, "Opername": "COLONIALPIPELINE CO", "Pipename": "Colonial", "Shape_Leng": 0.332608003917, "Shape__Length": 45329.89430610525}}, {"type": "Feature", "id": 31, "geometry": {"type": "LineString", "coordinates": [[-77.5058050499999, 38.80235638], [-77.401238377, 38.832398165], [-77.2752756639999, 38.8481123510001]]}, "properties": {"FID": 31, "Opername": "COLONIALPIPELINE CO", "Pipename": "Colonial", "Shape_Leng": 0.235735711837, "Shape__Length": 26607.251869598098}}, {"type": "Feature", "id": 32, "geometry": {"type": "LineString", "coordinates": [[-77.4079815169999, 38.919016261], [-77.401238377, 38.832398165]]}, "properties": {"FID": 32, "Opername": "COLONIALPIPELINE CO", "Pipename": "Colonial", "Shape_Leng": 0.0868801731796, "Shape__Length": 12408.299402958628}}, {"type": "Feature", "id": 33, "geometry": {"type": "LineString", "coordinates": [[-78.8159449029999, 35.7192817160001], [-78.7897191059999, 35.8748948040001]]}, "properties": {"FID": 33, "Opername": "COLONIALPIPELINE CO", "Pipename": "Colonial", "Shape_Leng": 0.157807558707, "Shape__Length": 21555.928660014055}}, {"type": "Feature", "id": 34, "geometry": {"type": "LineString", "coordinates": [[-82.4917643059999, 34.552947343], [-82.09614569, 33.74143805], [-81.95216893, 33.5941729], [-81.929436826, 33.4658375020001]]}, "properties": {"FID": 34, "Opername": "COLONIALPIPELINE CO", "Pipename": "Colonial", "Shape_Leng": 1.2390929012, "Shape__Length": 160424.54744440166}}, {"type": "Feature", "id": 35, "geometry": {"type": "LineString", "coordinates": [[-84.684314138, 33.8602347770001], [-84.484639654, 33.808579573], [-84.4916766709999, 33.66568033], [-84.405516511, 33.6446223670001]]}, "properties": {"FID": 35, "Opername": "COLONIALPIPELINE CO", "Pipename": "Colonial", "Shape_Leng": 0.438016389216, "Shape__Length": 52421.823868060164}}, {"type": "Feature", "id": 36, "geometry": {"type": "LineString", "coordinates": [[-84.475643464, 33.880934617], [-84.273365701, 33.914580873]]}, "properties": {"FID": 36, "Opername": "COLONIALPIPELINE CO", "Pipename": "Colonial", "Shape_Leng": 0.205056977319, "Shape__Length": 22965.14893185266}}, {"type": "Feature", "id": 37, "geometry": {"type": "LineString", "coordinates": [[-86.779920814, 33.283240097], [-86.8781491129999, 33.4492288600001]]}, "properties": {"FID": 37, "Opername": "COLONIALPIPELINE CO", "Pipename": "Colonial", "Shape_Leng": 0.192875784293, "Shape__Length": 24679.208492549686}}, {"type": "Feature", "id": 38, "geometry": {"type": "LineString", "coordinates": [[-89.515274409, 31.626525384], [-89.513999957, 30.1840975800001], [-89.736745287, 29.880210833], [-89.9792622309999, 29.6914695190001]]}, "properties": {"FID": 38, "Opername": "COLONIALPIPELINE CO", "Pipename": "Colonial", "Shape_Leng": 2.12651492138, "Shape__Length": 269689.2679845432}}, {"type": "Feature", "id": 39, "geometry": {"type": "LineString", "coordinates": [[-91.1272482159999, 30.5411684010001], [-91.2707860199999, 30.7142425020001]]}, "properties": {"FID": 39, "Opername": "COLONIALPIPELINE CO", "Pipename": "Colonial", "Shape_Leng": 0.224850496139, "Shape__Length": 27506.872470779424}}, {"type": "Feature", "id": 40, "geometry": {"type": "LineString", "coordinates": [[-95.1920942259999, 29.7490427490001], [-95.1692095769999, 29.823611675], [-94.288354247, 29.9050028630001], [-93.296689745, 30.161241821], [-92.505880706, 30.416489047], [-91.748001, 30.526508], [-91.434969324, 30.715354996], [-91.3341929859999, 30.696041372], [-91.2707860199999, 30.7142425020001], [-89.510611258, 31.626259358], [-88.7456125369999, 32.3505276010001], [-88.0484784829999, 32.78382136], [-87.628226452, 32.9821845270001], [-86.779920814, 33.283240097], [-85.776099233, 33.614860272], [-84.684314138, 33.8602347770001], [-84.475643464, 33.880934617], [-84.3981156039999, 33.9517774710001], [-83.419568334, 33.985711768], [-81.874422925, 34.9233732860001], [-80.9274361119999, 35.279328225], [-79.91781018, 36.077018149], [-78.246450916, 37.650777857], [-77.710856575, 38.5920332420001], [-77.5058050499999, 38.80235638], [-77.4079815169999, 38.919016261], [-77.037113196, 39.3655146460001], [-76.907311529, 39.500928952], [-76.683101555, 39.559443199], [-76.498406438, 39.549895097], [-75.950683234, 39.7218031730001], [-75.791733042, 39.7641767100001], [-75.6526531329999, 39.8302348230001], [-75.583112807, 39.847387118], [-75.529355771, 39.8397879620001], [-75.501862215, 39.849933778], [-75.479634295, 39.8369868720001], [-75.469242304, 39.8345855520001], [-75.463401867, 39.824708253], [-75.444175194, 39.815303008], [-75.432820068, 39.801575407], [-75.417603048, 39.7878349810001], [-75.381159698, 39.7921565400001], [-75.3722725599999, 39.785276976], [-75.331584347, 39.785530421], [-75.2812518539999, 39.7944899450001], [-75.20168907, 39.8191524270001], [-75.179561652, 39.8062035790001], [-75.099906504, 39.8552375190001], [-75.032683472, 39.8662365810001], [-74.9346975129999, 39.9433438830001], [-74.896134579, 39.975971413], [-74.841346819, 40.005676873], [-74.8137417459999, 40.028593512], [-74.665475602, 40.146617656], [-74.636944636, 40.173339475], [-74.520185639, 40.2463369920001], [-74.445820074, 40.412343461], [-74.389557407, 40.492998959], [-74.360687507, 40.51743371], [-74.325497367, 40.5340916540001], [-74.27681974, 40.5480247090001], [-74.255958133, 40.566595474], [-74.229196588, 40.596043003], [-74.212971322, 40.6205195740001], [-74.1817845639999, 40.6320354580001], [-74.1816197479999, 40.666543763], [-74.1259934029999, 40.708247111]]}, "properties": {"FID": 40, "Opername": "COLONIALPIPELINE CO", "Pipename": "Colonial", "Shape_Leng": 24.7719041076, "Shape__Length": 2935717.4223515876}}, {"type": "Feature", "id": 41, "geometry": {"type": "LineString", "coordinates": [[-122.764373174, 45.4946189720001], [-122.838890789, 46.6922205710001], [-122.592470035, 46.9989995820001], [-122.325500292, 47.1757245530001], [-122.088195284, 47.482326082], [-122.036286305, 48.060467406], [-122.425853939, 48.4552844990001], [-122.318090506, 48.705665148], [-122.745999766, 48.993900271]]}, "properties": {"FID": 41, "Opername": "ENBRIDGE", "Pipename": "Olympic", "Shape_Leng": 4.22492436247, "Shape__Length": 634605.2753150079}}, {"type": "Feature", "id": 42, "geometry": {"type": "LineString", "coordinates": [[-95.206798916, 29.7214422530001], [-95.220729133, 29.629117389], [-95.011690963, 29.410424774], [-94.9334558689999, 29.3746919230001], [-94.910472499, 29.3665415450001]]}, "properties": {"FID": 42, "Opername": "ENTERPRISE PRODUCTS", "Pipename": "TEPPCO", "Shape_Leng": 0.506293076777, "Shape__Length": 60914.87948312721}}, {"type": "Feature", "id": 43, "geometry": {"type": "LineString", "coordinates": [[-95.206798916, 29.7214422530001], [-94.8953371439999, 29.378096073]]}, "properties": {"FID": 43, "Opername": "ENTERPRISE PRODUCTS", "Pipename": "TEPPCO", "Shape_Leng": 0.463567724004, "Shape__Length": 55968.84015504555}}, {"type": "Feature", "id": 44, "geometry": {"type": "LineString", "coordinates": [[-93.9731180479999, 30.044888633], [-93.9604152799999, 30.105770869], [-93.723072642, 30.8568657930001], [-93.026905243, 32.4627369670001], [-92.673773721, 33.1997313540001], [-92.1773958799999, 34.7735722040001], [-91.797977918, 35.1190184600001], [-90.818805825, 35.9669038160001], [-89.514463252, 37.2202757470001], [-89.055407068, 37.5258708110001], [-88.374599206, 37.922911825], [-87.826730471, 38.2045551060001], [-86.582835621, 38.55634337], [-85.83552882, 39.0212189630001]]}, "properties": {"FID": 44, "Opername": "ENTERPRISE PRODUCTS", "Pipename": "TEPPCO", "Shape_Leng": 12.8133773354, "Shape__Length": 1592119.987262368}}, {"type": "Feature", "id": 45, "geometry": {"type": "LineString", "coordinates": [[-85.83552882, 39.0212189630001], [-85.898677436, 39.4413211140001], [-86.329410765, 39.8080185380001], [-86.306800214, 39.854956642], [-87.389353869, 41.152582158], [-87.572358903, 41.338679555], [-87.767475, 41.4661100000001]]}, "properties": {"FID": 45, "Opername": "ENTERPRISE PRODUCTS", "Pipename": "TEPPCO", "Shape_Leng": 3.22655000498, "Shape__Length": 427554.5179197023}}, {"type": "Feature", "id": 46, "geometry": {"type": "LineString", "coordinates": [[-91.797977918, 35.1190184600001], [-90.060195387, 35.106560991]]}, "properties": {"FID": 46, "Opername": "ENTERPRISE PRODUCTS", "Pipename": "TEPPCO", "Shape_Leng": 1.73782718174, "Shape__Length": 193456.49439057076}}, {"type": "Feature", "id": 47, "geometry": {"type": "LineString", "coordinates": [[-96.940733245, 32.964574703], [-96.932694901, 32.837405904]]}, "properties": {"FID": 47, "Opername": "EXPLORER PIPELINE", "Pipename": "Carrollton - Dallas", "Shape_Leng": 0.127422597734, "Shape__Length": 16884.36982595005}}, {"type": "Feature", "id": 48, "geometry": {"type": "LineString", "coordinates": [[-97.0446856029999, 32.9550444300001], [-97.119704863, 32.919021789], [-97.326542388, 32.7882843900001]]}, "properties": {"FID": 48, "Opername": "EXPLORER PIPELINE", "Pipename": "Grapevine - Fort Worth", "Shape_Leng": 0.327911411863, "Shape__Length": 38436.13233625086}}, {"type": "Feature", "id": 49, "geometry": {"type": "LineString", "coordinates": [[-97.042693539, 32.9551934190001], [-96.940733245, 32.964574703], [-96.19832632, 33.0328791960001]]}, "properties": {"FID": 49, "Opername": "EXPLORER PIPELINE", "Pipename": "Greenville - Grapevine", "Shape_Leng": 0.847933417476, "Shape__Length": 94558.36235868934}}, {"type": "Feature", "id": 50, "geometry": {"type": "LineString", "coordinates": [[-95.2344965129999, 29.708744338], [-95.227923582, 29.715042194], [-95.227449, 29.73245], [-95.232436868, 29.805625547], [-95.242446881, 29.8071462090001], [-95.414420144, 29.9464855310001], [-95.570885219, 30.1076853650001], [-96.385835711, 30.6198230590001], [-96.375753151, 30.6543623950001], [-96.514960832, 30.839247249], [-97.092949393, 31.5900798290001], [-97.155260992, 32.6367977250001], [-97.097175, 32.810913], [-97.047743703, 32.955905412], [-97.1651767339999, 34.205170486]]}, "properties": {"FID": 50, "Opername": "EXPLORER PIPELINE", "Pipename": "Houston - Ardmore", "Shape_Leng": 5.37351154482, "Shape__Length": 678612.050206677}}, {"type": "Feature", "id": 51, "geometry": {"type": "LineString", "coordinates": [[-95.183857613, 29.7174817690001], [-95.162891301, 29.7203328310001], [-95.1570862039999, 29.771683083], [-95.153044227, 29.775424338], [-95.155136383, 29.8188015540001], [-95.210714915, 29.8095194200001], [-95.2197411929999, 29.9921492600001], [-95.283648597, 30.021767154], [-95.300549233, 30.048243515], [-95.2908941639999, 30.081489309], [-95.319096591, 30.1811283370001], [-95.392989832, 30.3673762220001], [-95.4886825, 30.787912346], [-95.6621256619999, 31.4917003310001], [-95.7619043029999, 31.817680275], [-96.19832632, 33.0328791960001], [-96.418483684, 34.893066273], [-95.9941027469999, 35.652017141], [-95.994101634, 36.045142624], [-95.721267751, 36.085606719], [-95.3443831559999, 36.3428568410001], [-94.9601138399999, 36.6565699430001], [-94.801790694, 36.8901937110001], [-90.780324176, 38.5998888390001], [-90.6590702, 38.804910765], [-90.330889797, 38.8996048730001], [-90.098357775, 38.8212933350001]]}, "properties": {"FID": 51, "Opername": "EXPLORER PIPELINE", "Pipename": "Houston - Woodriver", "Shape_Leng": 13.4307813468, "Shape__Length": 1670442.2297532936}}, {"type": "Feature", "id": 52, "geometry": {"type": "LineString", "coordinates": [[-90.0883724289999, 38.818188289], [-88.756691038, 40.1940845010001], [-88.389153171, 40.5533782570001], [-87.841984064, 41.156709511], [-87.467345971, 41.4434565820001], [-87.477546597, 41.6307596120001]]}, "properties": {"FID": 52, "Opername": "EXPLORER PIPELINE", "Pipename": "Wood River - Hammond", "Shape_Leng": 3.90263957384, "Shape__Length": 509420.801351499}}, {"type": "Feature", "id": 53, "geometry": {"type": "LineString", "coordinates": [[-90.214936184, 38.5736807970001], [-90.0915065989999, 38.8410610820001]]}, "properties": {"FID": 53, "Opername": "EXPLORER PIPELINE", "Pipename": "Wood River -  St. Louis", "Shape_Leng": 0.294494616691, "Shape__Length": 40542.086125054506}}, {"type": "Feature", "id": 54, "geometry": {"type": "LineString", "coordinates": [[-89.53388201, 31.6333723340001], [-88.7847497829999, 31.113455859], [-88.508576772, 30.3550557940001]]}, "properties": {"FID": 54, "Opername": "KINDER MORGAN", "Pipename": "Plantation", "Shape_Leng": 1.71899261463, "Shape__Length": 210389.5442813321}}, {"type": "Feature", "id": 55, "geometry": {"type": "LineString", "coordinates": [[-86.8186387229999, 33.290513978], [-86.667832822, 32.8354670900001], [-86.384537149, 32.352597696]]}, "properties": {"FID": 55, "Opername": "KINDER MORGAN", "Pipename": "Plantation", "Shape_Leng": 1.03922374518, "Shape__Length": 133901.11576601295}}, {"type": "Feature", "id": 56, "geometry": {"type": "LineString", "coordinates": [[-85.141559694, 33.7040872110001], [-85.191570763, 35.07125426], [-83.998060164, 35.963508335]]}, "properties": {"FID": 56, "Opername": "KINDER MORGAN", "Pipename": "Plantation", "Shape_Leng": 2.85824415143, "Shape__Length": 364915.18927869876}}, {"type": "Feature", "id": 57, "geometry": {"type": "LineString", "coordinates": [[-85.1429326909999, 33.700534287], [-84.462041418, 33.162173594], [-83.647702367, 32.720357998]]}, "properties": {"FID": 57, "Opername": "KINDER MORGAN", "Pipename": "Plantation", "Shape_Leng": 1.79448351187, "Shape__Length": 212358.72440264776}}, {"type": "Feature", "id": 58, "geometry": {"type": "LineString", "coordinates": [[-85.1429326909999, 33.700534287], [-84.9036939969999, 32.5226875160001]]}, "properties": {"FID": 58, "Opername": "KINDER MORGAN", "Pipename": "Plantation", "Shape_Leng": 1.20189773636, "Shape__Length": 158792.1085330339}}, {"type": "Feature", "id": 59, "geometry": {"type": "LineString", "coordinates": [[-79.826076198, 36.141906518], [-79.823886258, 36.690121348], [-79.989300606, 37.2133164250001], [-79.9232039559999, 37.2789041450001]]}, "properties": {"FID": 59, "Opername": "KINDER MORGAN", "Pipename": "Plantation", "Shape_Leng": 1.19005604669, "Shape__Length": 162766.13590034388}}, {"type": "Feature", "id": 60, "geometry": {"type": "LineString", "coordinates": [[-77.19053489, 38.7338835090001], [-77.3547264219999, 38.753072585], [-77.4422727369999, 38.937100876]]}, "properties": {"FID": 60, "Opername": "KINDER MORGAN", "Pipename": "Plantation", "Shape_Leng": 0.369100037176, "Shape__Length": 46532.17278854909}}, {"type": "Feature", "id": 61, "geometry": {"type": "LineString", "coordinates": [[-91.192362777, 30.484306895], [-89.53388201, 31.6333723340001], [-88.725089828, 32.40708837], [-86.8186387229999, 33.290513978], [-85.1429326909999, 33.700534287], [-84.142501566, 33.9670467170001], [-83.404382729, 33.9972593730001], [-81.874422925, 34.9233732860001], [-80.925384094, 35.281223208], [-79.826076198, 36.141906518], [-77.5789829229999, 37.471126172], [-77.2647507579999, 38.559674804], [-77.19053489, 38.7338835090001], [-77.0327988449999, 38.841712756]]}, "properties": {"FID": 61, "Opername": "KINDER MORGAN", "Pipename": "Plantation", "Shape_Leng": 17.0603804774, "Shape__Length": 2025076.8173627187}}, {"type": "Feature", "id": 62, "geometry": {"type": "LineString", "coordinates": [[-94.042723661, 29.999636668], [-93.816756574, 30.4368316900001], [-93.2242768729999, 30.5950830300001], [-91.205422797, 33.167975395], [-90.897963819, 33.368408753], [-89.674684191, 34.938116042], [-89.320675856, 35.843981242], [-88.872830538, 37.206054266], [-88.852494872, 37.716461667], [-88.552530418, 38.4751890330001], [-88.529688469, 38.6936264560001], [-88.447822657, 38.80747911], [-88.413035511, 38.9299901370001], [-88.4193214809999, 39.0579630620001], [-88.4464989099999, 39.2411952580001], [-88.3870763909999, 39.6845489300001]]}, "properties": {"FID": 62, "Opername": "MARATHON PIPE LINE", "Pipename": "Centenial Pipeline", "Shape_Leng": 11.7138569539, "Shape__Length": 1516634.3242509551}}, {"type": "Feature", "id": 63, "geometry": {"type": "LineString", "coordinates": [[-100.906319827, 38.59840001], [-98.691702646, 38.370989055]]}, "properties": {"FID": 63, "Opername": "MIDSTREAM PARTNERS", "Pipename": "Magellan", "Shape_Leng": 2.22626256332, "Shape__Length": 248642.26576459626}}, {"type": "Feature", "id": 64, "geometry": {"type": "LineString", "coordinates": [[-100.906319827, 38.59840001], [-98.051097738, 37.8292535270001], [-97.372302786, 37.817876106]]}, "properties": {"FID": 64, "Opername": "MIDSTREAM PARTNERS", "Pipename": "Magellan", "Shape_Leng": 3.63589545047, "Shape__Length": 411584.5661659528}}, {"type": "Feature", "id": 65, "geometry": {"type": "LineString", "coordinates": [[-98.691702646, 38.370989055], [-98.579370209, 37.9259373850001], [-98.438607728, 37.8330921510001], [-97.372302786, 37.817876106]]}, "properties": {"FID": 65, "Opername": "MIDSTREAM PARTNERS", "Pipename": "Magellan", "Shape_Leng": 1.69404760384, "Shape__Length": 203368.52927153042}}, {"type": "Feature", "id": 66, "geometry": {"type": "LineString", "coordinates": [[-97.372302786, 37.817876106], [-96.877473508, 37.820809722]]}, "properties": {"FID": 66, "Opername": "MIDSTREAM PARTNERS", "Pipename": "Magellan", "Shape_Leng": 0.494837973956, "Shape__Length": 55085.69453293964}}, {"type": "Feature", "id": 67, "geometry": {"type": "LineString", "coordinates": [[-96.885154751, 37.823497693], [-95.6906593099999, 38.9090676750001]]}, "properties": {"FID": 67, "Opername": "MIDSTREAM PARTNERS", "Pipename": "Magellan", "Shape_Leng": 1.61408845618, "Shape__Length": 203563.50567129286}}, {"type": "Feature", "id": 68, "geometry": {"type": "LineString", "coordinates": [[-95.6906593099999, 38.9090676750001], [-94.604590112, 39.139893774]]}, "properties": {"FID": 68, "Opername": "MIDSTREAM PARTNERS", "Pipename": "Magellan", "Shape_Leng": 1.11032742505, "Shape__Length": 125343.3335093717}}, {"type": "Feature", "id": 69, "geometry": {"type": "LineString", "coordinates": [[-95.6906593099999, 38.9090676750001], [-94.9542544129999, 39.7595549220001]]}, "properties": {"FID": 69, "Opername": "MIDSTREAM PARTNERS", "Pipename": "Magellan", "Shape_Leng": 1.12499810206, "Shape__Length": 147322.2217747697}}, {"type": "Feature", "id": 70, "geometry": {"type": "LineString", "coordinates": [[-94.9542544129999, 39.7595549220001], [-93.529806788, 41.561506598]]}, "properties": {"FID": 70, "Opername": "MIDSTREAM PARTNERS", "Pipename": "Magellan", "Shape_Leng": 2.29697211106, "Shape__Length": 308353.1343400109}}, {"type": "Feature", "id": 71, "geometry": {"type": "LineString", "coordinates": [[-94.604590112, 39.139893774], [-93.529806788, 41.561506598]]}, "properties": {"FID": 71, "Opername": "MIDSTREAM PARTNERS", "Pipename": "Magellan", "Shape_Leng": 2.64940896483, "Shape__Length": 373472.9610707033}}, {"type": "Feature", "id": 72, "geometry": {"type": "LineString", "coordinates": [[-93.529806788, 41.561506598], [-92.73639736, 41.6305311240001], [-91.565726598, 41.6827496030001], [-90.4843855839999, 41.6836926660001], [-89.171970283, 41.791568043], [-87.8896543769999, 41.940044271]]}, "properties": {"FID": 72, "Opername": "MIDSTREAM PARTNERS", "Pipename": "Magellan", "Shape_Leng": 5.65730691168, "Shape__Length": 631285.3891171627}}, {"type": "Feature", "id": 73, "geometry": {"type": "LineString", "coordinates": [[-92.718489969, 41.630478414], [-92.4197710079999, 42.4379092400001]]}, "properties": {"FID": 73, "Opername": "MIDSTREAM PARTNERS", "Pipename": "Magellan", "Shape_Leng": 0.86091669541, "Shape__Length": 125502.46332417267}}, {"type": "Feature", "id": 74, "geometry": {"type": "LineString", "coordinates": [[-91.565726598, 41.6827496030001], [-90.73352706, 42.408572226]]}, "properties": {"FID": 74, "Opername": "MIDSTREAM PARTNERS", "Pipename": "Magellan", "Shape_Leng": 1.10425293801, "Shape__Length": 142900.81733668185}}, {"type": "Feature", "id": 75, "geometry": {"type": "LineString", "coordinates": [[-90.487506687, 41.683697658], [-90.469610604, 41.5321405280001]]}, "properties": {"FID": 75, "Opername": "MIDSTREAM PARTNERS", "Pipename": "Magellan", "Shape_Leng": 0.152610069919, "Shape__Length": 22651.814246925824}}, {"type": "Feature", "id": 76, "geometry": {"type": "LineString", "coordinates": [[-93.529806788, 41.561506598], [-93.3540724979999, 43.1369666780001]]}, "properties": {"FID": 76, "Opername": "MIDSTREAM PARTNERS", "Pipename": "Magellan", "Shape_Leng": 1.58523089938, "Shape__Length": 238127.87638039215}}, {"type": "Feature", "id": 77, "geometry": {"type": "LineString", "coordinates": [[-94.604590112, 39.139893774], [-94.79250432, 39.146821308], [-95.1626679409999, 39.521636949], [-95.5384110909999, 39.9991129100001], [-95.735924011, 40.3376158460001], [-95.924034304, 40.720787188]]}, "properties": {"FID": 77, "Opername": "MIDSTREAM PARTNERS", "Pipename": "Magellan", "Shape_Leng": 2.14119091035, "Shape__Length": 283526.2973484577}}, {"type": "Feature", "id": 78, "geometry": {"type": "LineString", "coordinates": [[-95.924034304, 40.720787188], [-96.700980919, 40.7000244650001], [-98.375023244, 40.7514798380001]]}, "properties": {"FID": 78, "Opername": "MIDSTREAM PARTNERS", "Pipename": "Magellan", "Shape_Leng": 2.45205692701, "Shape__Length": 273049.7870698705}}, {"type": "Feature", "id": 79, "geometry": {"type": "LineString", "coordinates": [[-95.921715241, 40.721630175], [-95.963416976, 41.127875868], [-96.074131961, 41.230319954], [-96.066194031, 41.364941802]]}, "properties": {"FID": 79, "Opername": "MIDSTREAM PARTNERS", "Pipename": "Magellan", "Shape_Leng": 0.69407577623, "Shape__Length": 99530.90586916948}}, {"type": "Feature", "id": 80, "geometry": {"type": "LineString", "coordinates": [[-96.066194031, 41.364941802], [-96.3567237019999, 42.5406736140001], [-96.405678218, 43.175099516], [-96.791697407, 43.543891606]]}, "properties": {"FID": 80, "Opername": "MIDSTREAM PARTNERS", "Pipename": "Magellan", "Shape_Leng": 2.38127870905, "Shape__Length": 346399.5145010742}}, {"type": "Feature", "id": 81, "geometry": {"type": "LineString", "coordinates": [[-96.3567237019999, 42.5406736140001], [-95.147358674, 43.356424621]]}, "properties": {"FID": 81, "Opername": "MIDSTREAM PARTNERS", "Pipename": "Magellan", "Shape_Leng": 1.4587712214, "Shape__Length": 183074.21839467215}}, {"type": "Feature", "id": 82, "geometry": {"type": "LineString", "coordinates": [[-96.791697407, 43.543891606], [-95.781237388, 44.455883772], [-95.081862671, 45.104789587]]}, "properties": {"FID": 82, "Opername": "MIDSTREAM PARTNERS", "Pipename": "Magellan", "Shape_Leng": 2.31520695092, "Shape__Length": 308611.39441873}}, {"type": "Feature", "id": 83, "geometry": {"type": "LineString", "coordinates": [[-95.081862671, 45.104789587], [-95.387327087, 45.8926978430001]]}, "properties": {"FID": 83, "Opername": "MIDSTREAM PARTNERS", "Pipename": "Magellan", "Shape_Leng": 0.845049069176, "Shape__Length": 129674.82697057597}}, {"type": "Feature", "id": 84, "geometry": {"type": "LineString", "coordinates": [[-95.781237388, 44.455883772], [-97.088768094, 44.8885115160001]]}, "properties": {"FID": 84, "Opername": "MIDSTREAM PARTNERS", "Pipename": "Magellan", "Shape_Leng": 1.37724482646, "Shape__Length": 160537.23852193635}}, {"type": "Feature", "id": 85, "geometry": {"type": "LineString", "coordinates": [[-95.387327087, 45.8926978430001], [-95.920394729, 46.1340870650001], [-96.8826164819999, 46.8766895850001]]}, "properties": {"FID": 85, "Opername": "MIDSTREAM PARTNERS", "Pipename": "Magellan", "Shape_Leng": 1.80062939445, "Shape__Length": 231772.8140558268}}, {"type": "Feature", "id": 86, "geometry": {"type": "LineString", "coordinates": [[-96.8826164819999, 46.8766895850001], [-97.086578669, 47.9333863250001]]}, "properties": {"FID": 86, "Opername": "MIDSTREAM PARTNERS", "Pipename": "Magellan", "Shape_Leng": 1.07620099148, "Shape__Length": 175286.7025089006}}, {"type": "Feature", "id": 87, "geometry": {"type": "LineString", "coordinates": [[-93.355066514, 43.137278662], [-93.389455635, 43.555071029]]}, "properties": {"FID": 87, "Opername": "MIDSTREAM PARTNERS", "Pipename": "Magellan", "Shape_Leng": 0.419205288095, "Shape__Length": 64068.61441842633}}, {"type": "Feature", "id": 88, "geometry": {"type": "LineString", "coordinates": [[-93.389455635, 43.555071029], [-93.197334166, 44.72467018], [-93.180838522, 44.7985464120001], [-93.048048721, 44.862538133], [-92.994324022, 44.880104297], [-92.998619148, 44.992145598], [-93.1857048909999, 45.0167826040001]]}, "properties": {"FID": 88, "Opername": "MIDSTREAM PARTNERS", "Pipename": "Magellan", "Shape_Leng": 1.76572136935, "Shape__Length": 257686.69192865898}}, {"type": "Feature", "id": 89, "geometry": {"type": "LineString", "coordinates": [[-93.389455635, 43.555071029], [-94.069312856, 44.1551928560001]]}, "properties": {"FID": 89, "Opername": "MIDSTREAM PARTNERS", "Pipename": "Magellan", "Shape_Leng": 0.906836285218, "Shape__Length": 119628.01663982107}}, {"type": "Feature", "id": 90, "geometry": {"type": "LineString", "coordinates": [[-95.0748142419999, 45.099326606], [-93.197334166, 44.72467018]]}, "properties": {"FID": 90, "Opername": "MIDSTREAM PARTNERS", "Pipename": "Magellan", "Shape_Leng": 1.91449702881, "Shape__Length": 217138.9199101887}}, {"type": "Feature", "id": 91, "geometry": {"type": "LineString", "coordinates": [[-93.197334166, 44.72467018], [-92.249339646, 44.003476473]]}, "properties": {"FID": 91, "Opername": "MIDSTREAM PARTNERS", "Pipename": "Magellan", "Shape_Leng": 1.19113977894, "Shape__Length": 154103.55006296045}}, {"type": "Feature", "id": 92, "geometry": {"type": "LineString", "coordinates": [[-93.1981963859999, 45.0214225990001], [-92.7721712159999, 46.477360213], [-92.4905546679999, 46.6642799050001], [-92.28862199, 46.709727117]]}, "properties": {"FID": 92, "Opername": "MIDSTREAM PARTNERS", "Pipename": "Magellan", "Shape_Leng": 2.06197565908, "Shape__Length": 304311.1588423681}}, {"type": "Feature", "id": 93, "geometry": {"type": "LineString", "coordinates": [[-92.4905546679999, 46.6642799050001], [-92.391322158, 46.631993014], [-92.293391419, 46.60246597], [-92.109812384, 46.653688603], [-92.1033216009999, 46.730340364]]}, "properties": {"FID": 93, "Opername": "MIDSTREAM PARTNERS", "Pipename": "Magellan", "Shape_Leng": 0.474155524099, "Shape__Length": 58649.43047079518}}, {"type": "Feature", "id": 94, "geometry": {"type": "LineString", "coordinates": [[-92.9877547089999, 44.880722329], [-91.790846925, 44.821048733], [-91.2093184399999, 44.9085440210001], [-89.6593853099999, 44.8405501330001]]}, "properties": {"FID": 94, "Opername": "MIDSTREAM PARTNERS", "Pipename": "Magellan", "Shape_Leng": 3.33789204895, "Shape__Length": 372614.22668110026}}, {"type": "Feature", "id": 95, "geometry": {"type": "LineString", "coordinates": [[-93.197334166, 44.72467018], [-92.992459877, 44.818099675], [-92.994324022, 44.880104297]]}, "properties": {"FID": 95, "Opername": "MIDSTREAM PARTNERS", "Pipename": "Magellan", "Shape_Leng": 0.287204893975, "Shape__Length": 36844.52620531909}}, {"type": "Feature", "id": 96, "geometry": {"type": "LineString", "coordinates": [[-96.105072064, 36.5547852], [-96.029676357, 36.131719634]]}, "properties": {"FID": 96, "Opername": "MIDSTREAM PARTNERS", "Pipename": "Magellan", "Shape_Leng": 0.429731294845, "Shape__Length": 59068.30825568235}}, {"type": "Feature", "id": 97, "geometry": {"type": "LineString", "coordinates": [[-96.732222674, 36.043480004], [-97.4419755439999, 35.4671141690001]]}, "properties": {"FID": 97, "Opername": "MIDSTREAM PARTNERS", "Pipename": "Magellan", "Shape_Leng": 0.914301215261, "Shape__Length": 111774.10820248908}}, {"type": "Feature", "id": 98, "geometry": {"type": "LineString", "coordinates": [[-97.4419755439999, 35.4671141690001], [-97.8371554559999, 36.4099493040001]]}, "properties": {"FID": 98, "Opername": "MIDSTREAM PARTNERS", "Pipename": "Magellan", "Shape_Leng": 1.02230389544, "Shape__Length": 136895.51398725426}}, {"type": "Feature", "id": 99, "geometry": {"type": "LineString", "coordinates": [[-97.0848161929999, 36.688702118], [-96.105072064, 36.5547852]]}, "properties": {"FID": 99, "Opername": "MIDSTREAM PARTNERS", "Pipename": "Magellan", "Shape_Leng": 0.988854033332, "Shape__Length": 110634.96503529564}}, {"type": "Feature", "id": 100, "geometry": {"type": "LineString", "coordinates": [[-96.877473508, 37.820809722], [-96.105072064, 36.5547852]]}, "properties": {"FID": 100, "Opername": "MIDSTREAM PARTNERS", "Pipename": "Magellan", "Shape_Leng": 1.48304486817, "Shape__Length": 196701.2649303758}}, {"type": "Feature", "id": 101, "geometry": {"type": "LineString", "coordinates": [[-97.8371554559999, 36.4099493040001], [-97.0848161929999, 36.688702118]]}, "properties": {"FID": 101, "Opername": "MIDSTREAM PARTNERS", "Pipename": "Magellan", "Shape_Leng": 0.802320072019, "Shape__Length": 92228.53032572381}}, {"type": "Feature", "id": 102, "geometry": {"type": "LineString", "coordinates": [[-96.885154751, 37.823497693], [-96.732222674, 36.043480004]]}, "properties": {"FID": 102, "Opername": "MIDSTREAM PARTNERS", "Pipename": "Magellan", "Shape_Leng": 1.78657526943, "Shape__Length": 248499.9103387875}}, {"type": "Feature", "id": 103, "geometry": {"type": "LineString", "coordinates": [[-97.4419755439999, 35.4671141690001], [-97.135819478, 34.642239174]]}, "properties": {"FID": 103, "Opername": "MIDSTREAM PARTNERS", "Pipename": "Magellan", "Shape_Leng": 0.879858110223, "Shape__Length": 117237.20617208641}}, {"type": "Feature", "id": 104, "geometry": {"type": "LineString", "coordinates": [[-96.581603941, 35.9726865810001], [-96.3654911089999, 35.8486559990001], [-96.423590587, 34.883911385]]}, "properties": {"FID": 104, "Opername": "MIDSTREAM PARTNERS", "Pipename": "Magellan", "Shape_Leng": 1.21566780561, "Shape__Length": 161344.0871754172}}, {"type": "Feature", "id": 105, "geometry": {"type": "LineString", "coordinates": [[-96.732210473, 36.03676812], [-96.581603941, 35.9726865810001]]}, "properties": {"FID": 105, "Opername": "MIDSTREAM PARTNERS", "Pipename": "Magellan", "Shape_Leng": 0.163672756199, "Shape__Length": 18943.021817729936}}, {"type": "Feature", "id": 106, "geometry": {"type": "LineString", "coordinates": [[-96.581603941, 35.9726865810001], [-96.029676357, 36.131719634]]}, "properties": {"FID": 106, "Opername": "MIDSTREAM PARTNERS", "Pipename": "Magellan", "Shape_Leng": 0.574382773006, "Shape__Length": 65225.750151227294}}, {"type": "Feature", "id": 107, "geometry": {"type": "LineString", "coordinates": [[-96.029676357, 36.131719634], [-96.020652996, 35.9920694510001]]}, "properties": {"FID": 107, "Opername": "MIDSTREAM PARTNERS", "Pipename": "Magellan", "Shape_Leng": 0.139941397219, "Shape__Length": 19256.979653397353}}, {"type": "Feature", "id": 108, "geometry": {"type": "LineString", "coordinates": [[-96.877473508, 37.820809722], [-95.326087834, 37.7961430980001]]}, "properties": {"FID": 108, "Opername": "MIDSTREAM PARTNERS", "Pipename": "Magellan", "Shape_Leng": 1.55158175802, "Shape__Length": 172734.4313513518}}, {"type": "Feature", "id": 109, "geometry": {"type": "LineString", "coordinates": [[-96.105072064, 36.5547852], [-95.8777460749999, 37.0292024440001], [-95.7507858119999, 37.2159766620001]]}, "properties": {"FID": 109, "Opername": "MIDSTREAM PARTNERS", "Pipename": "Magellan", "Shape_Leng": 0.751908804532, "Shape__Length": 100296.45651922993}}, {"type": "Feature", "id": 110, "geometry": {"type": "LineString", "coordinates": [[-95.7507858119999, 37.2159766620001], [-95.6446528019999, 37.059853143]]}, "properties": {"FID": 110, "Opername": "MIDSTREAM PARTNERS", "Pipename": "Magellan", "Shape_Leng": 0.188782332321, "Shape__Length": 24796.773774467776}}, {"type": "Feature", "id": 111, "geometry": {"type": "LineString", "coordinates": [[-95.8777460749999, 37.0292024440001], [-95.6446528019999, 37.059853143]]}, "properties": {"FID": 111, "Opername": "MIDSTREAM PARTNERS", "Pipename": "Magellan", "Shape_Leng": 0.235099849568, "Shape__Length": 26297.597887924097}}, {"type": "Feature", "id": 112, "geometry": {"type": "LineString", "coordinates": [[-95.7507858119999, 37.2159766620001], [-95.326087834, 37.7961430980001]]}, "properties": {"FID": 112, "Opername": "MIDSTREAM PARTNERS", "Pipename": "Magellan", "Shape_Leng": 0.719000324046, "Shape__Length": 94145.04107151333}}, {"type": "Feature", "id": 113, "geometry": {"type": "LineString", "coordinates": [[-95.310431538, 37.820282074], [-94.745518389, 38.883540252], [-94.604590112, 39.139893774]]}, "properties": {"FID": 113, "Opername": "MIDSTREAM PARTNERS", "Pipename": "Magellan", "Shape_Leng": 1.49654898699, "Shape__Length": 203448.1310391057}}, {"type": "Feature", "id": 114, "geometry": {"type": "LineString", "coordinates": [[-94.745518389, 38.883540252], [-94.5566845129999, 38.8648608550001], [-94.192682893, 38.860170246]]}, "properties": {"FID": 114, "Opername": "MIDSTREAM PARTNERS", "Pipename": "Magellan", "Shape_Leng": 0.553787348305, "Shape__Length": 61715.919078785606}}, {"type": "Feature", "id": 115, "geometry": {"type": "LineString", "coordinates": [[-95.326087834, 37.7961430980001], [-94.30339571, 37.314035846], [-93.424573266, 37.1586410410001]]}, "properties": {"FID": 115, "Opername": "MIDSTREAM PARTNERS", "Pipename": "Magellan", "Shape_Leng": 2.02308633893, "Shape__Length": 232666.66711542156}}, {"type": "Feature", "id": 116, "geometry": {"type": "LineString", "coordinates": [[-92.263866265, 38.8856241660001], [-91.3746961269999, 39.611329868], [-91.5252441549999, 39.8811753300001]]}, "properties": {"FID": 116, "Opername": "MIDSTREAM PARTNERS", "Pipename": "Magellan", "Shape_Leng": 1.45672529293, "Shape__Length": 186317.07557453847}}, {"type": "Feature", "id": 117, "geometry": {"type": "LineString", "coordinates": [[-88.115292731, 41.2716887170001], [-88.947356338, 40.297988429], [-89.5565715769999, 40.0847673060001], [-90.56392578, 39.8224834650001], [-91.3746961269999, 39.611329868]]}, "properties": {"FID": 117, "Opername": "MIDSTREAM PARTNERS", "Pipename": "Magellan", "Shape_Leng": 3.80499509845, "Shape__Length": 458824.5749400618}}, {"type": "Feature", "id": 118, "geometry": {"type": "LineString", "coordinates": [[-92.263866265, 38.8856241660001], [-93.52764057, 38.3491331540001], [-94.557675005, 37.4098209570001]]}, "properties": {"FID": 118, "Opername": "MIDSTREAM PARTNERS", "Pipename": "Magellan", "Shape_Leng": 2.76694930744, "Shape__Length": 335316.1742528579}}, {"type": "Feature", "id": 119, "geometry": {"type": "LineString", "coordinates": [[-94.557675005, 37.4098209570001], [-95.111580166, 36.9967711570001]]}, "properties": {"FID": 119, "Opername": "MIDSTREAM PARTNERS", "Pipename": "Magellan", "Shape_Leng": 0.690956630088, "Shape__Length": 84466.70451826196}}, {"type": "Feature", "id": 120, "geometry": {"type": "LineString", "coordinates": [[-95.111580166, 36.9967711570001], [-96.029676357, 36.131719634]]}, "properties": {"FID": 120, "Opername": "MIDSTREAM PARTNERS", "Pipename": "Magellan", "Shape_Leng": 1.26143361037, "Shape__Length": 157544.42693700278}}, {"type": "Feature", "id": 121, "geometry": {"type": "LineString", "coordinates": [[-94.3960216409999, 35.308217744], [-94.658624208, 35.218861605], [-96.423590587, 34.883911385]]}, "properties": {"FID": 121, "Opername": "MIDSTREAM PARTNERS", "Pipename": "Magellan", "Shape_Leng": 2.07385713985, "Shape__Length": 233355.1633891024}}, {"type": "Feature", "id": 122, "geometry": {"type": "LineString", "coordinates": [[-96.423590587, 34.883911385], [-97.135819478, 34.642239174], [-98.003619642, 34.4138759460001]]}, "properties": {"FID": 122, "Opername": "MIDSTREAM PARTNERS", "Pipename": "Magellan", "Shape_Leng": 1.64945834125, "Shape__Length": 187193.33953777695}}, {"type": "Feature", "id": 123, "geometry": {"type": "LineString", "coordinates": [[-94.658624208, 35.218861605], [-94.5762567519999, 34.8974679900001]]}, "properties": {"FID": 123, "Opername": "MIDSTREAM PARTNERS", "Pipename": "Magellan", "Shape_Leng": 0.331780429758, "Shape__Length": 44658.72443395284}}, {"type": "Feature", "id": 124, "geometry": {"type": "LineString", "coordinates": [[-98.003619642, 34.4138759460001], [-98.272207599, 33.8289588060001]]}, "properties": {"FID": 124, "Opername": "MIDSTREAM PARTNERS", "Pipename": "Magellan", "Shape_Leng": 0.643636194842, "Shape__Length": 84144.53076827127}}, {"type": "Feature", "id": 125, "geometry": {"type": "LineString", "coordinates": [[-97.818413097, 33.2818073550001], [-97.623504483, 32.731326617], [-97.356140255, 32.429516327], [-96.839614524, 32.1656758030001]]}, "properties": {"FID": 125, "Opername": "MIDSTREAM PARTNERS", "Pipename": "Magellan", "Shape_Leng": 1.56718052371, "Shape__Length": 193164.07221414585}}, {"type": "Feature", "id": 126, "geometry": {"type": "LineString", "coordinates": [[-98.272207599, 33.8289588060001], [-97.818413097, 33.2818073550001]]}, "properties": {"FID": 126, "Opername": "MIDSTREAM PARTNERS", "Pipename": "Magellan", "Shape_Leng": 0.710847494458, "Shape__Length": 88847.73648849485}}, {"type": "Feature", "id": 127, "geometry": {"type": "LineString", "coordinates": [[-97.288154365, 32.805546125], [-96.889219627, 32.7789616580001], [-97.1086882819999, 31.6102472690001], [-96.579613479, 30.863377056]]}, "properties": {"FID": 127, "Opername": "MIDSTREAM PARTNERS", "Pipename": "Magellan", "Shape_Leng": 2.50424079232, "Shape__Length": 313905.9638361881}}, {"type": "Feature", "id": 128, "geometry": {"type": "LineString", "coordinates": [[-102.330021887, 31.823910147], [-101.674588053, 32.0877068450001], [-100.227057902, 32.464439148], [-97.924340587, 32.0580213900001], [-96.888854091, 32.0613132830001], [-96.4743646589999, 32.0709504590001]]}, "properties": {"FID": 128, "Opername": "MIDSTREAM PARTNERS", "Pipename": "Magellan", "Shape_Leng": 5.99067996241, "Shape__Length": 672645.2506381024}}, {"type": "Feature", "id": 129, "geometry": {"type": "LineString", "coordinates": [[-96.4743646589999, 32.0709504590001], [-95.286396485, 29.78882084]]}, "properties": {"FID": 129, "Opername": "MIDSTREAM PARTNERS", "Pipename": "Magellan", "Shape_Leng": 2.57281635185, "Shape__Length": 324375.4120187221}}, {"type": "Feature", "id": 130, "geometry": {"type": "LineString", "coordinates": [[-106.216394205, 31.813620799], [-102.39218039, 31.4234564170001]]}, "properties": {"FID": 130, "Opername": "MIDSTREAM PARTNERS", "Pipename": "Magellan", "Shape_Leng": 3.84406549734, "Shape__Length": 428754.05749221955}}, {"type": "Feature", "id": 131, "geometry": {"type": "LineString", "coordinates": [[-106.216394205, 31.813620799], [-102.330021887, 31.823910147]]}, "properties": {"FID": 131, "Opername": "MIDSTREAM PARTNERS", "Pipename": "Magellan", "Shape_Leng": 3.88638593874, "Shape__Length": 432631.0874749378}}, {"type": "Feature", "id": 132, "geometry": {"type": "LineString", "coordinates": [[-102.39218039, 31.4234564170001], [-102.330021887, 31.823910147]]}, "properties": {"FID": 132, "Opername": "MIDSTREAM PARTNERS", "Pipename": "Magellan", "Shape_Leng": 0.405249144806, "Shape__Length": 52807.52994724544}}, {"type": "Feature", "id": 133, "geometry": {"type": "LineString", "coordinates": [[-94.983940807, 33.157283385], [-96.19832632, 33.0328791960001]]}, "properties": {"FID": 133, "Opername": "MIDSTREAM PARTNERS", "Pipename": "Magellan", "Shape_Leng": 1.22074099482, "Shape__Length": 136191.6981862151}}, {"type": "Feature", "id": 134, "geometry": {"type": "LineString", "coordinates": [[-104.813878594, 39.7603072250001], [-104.49414846, 39.732294865], [-100.906319827, 38.59840001]]}, "properties": {"FID": 134, "Opername": "MIDSTREAM PARTNERS", "Pipename": "Magellan", "Shape_Leng": 4.08369750054, "Shape__Length": 467126.3812561182}}, {"type": "Feature", "id": 135, "geometry": {"type": "LineString", "coordinates": [[-101.888289348, 35.261977158], [-105.197691362, 35.084654427], [-105.775550712, 34.9978036150001], [-106.416722269, 34.841175214], [-106.665489579, 34.9920423020001]]}, "properties": {"FID": 135, "Opername": "NUSTAR ENERGY", "Pipename": "Central West Refined Products Pipeline System", "Shape_Leng": 4.84946411573, "Shape__Length": 543512.3278660333}}, {"type": "Feature", "id": 136, "geometry": {"type": "LineString", "coordinates": [[-101.891676505, 35.2607101830001], [-101.884835242, 35.9670570170001], [-103.500566106, 37.9998618380001], [-104.471405216, 39.384447966], [-104.702056433, 39.5833241770001], [-104.820303226, 39.7209505540001], [-104.839749613, 39.7654650790001], [-104.94356464, 39.797944425]]}, "properties": {"FID": 136, "Opername": "PHILLIPS 66 PIPELINE", "Pipename": "Borger - Denver", "Shape_Leng": 5.63747672442, "Shape__Length": 739066.713743644}}, {"type": "Feature", "id": 137, "geometry": {"type": "LineString", "coordinates": [[-101.884835242, 35.9670570170001], [-103.613863107, 34.132320216], [-104.422920766, 33.2737755410001], [-106.260718427, 31.8185343860001], [-105.991287615, 32.726717228]]}, "properties": {"FID": 137, "Opername": "NUSTAR ENERGY", "Pipename": "Central West Refined Products Pipeline System", "Shape_Leng": 6.99225878643, "Shape__Length": 865068.2402426092}}, {"type": "Feature", "id": 138, "geometry": {"type": "LineString", "coordinates": [[-101.890016305, 35.268332044], [-101.881429609, 33.6110327750001]]}, "properties": {"FID": 138, "Opername": "NUSTAR ENERGY", "Pipename": "Central West Refined Products Pipeline System", "Shape_Leng": 1.65732151328, "Shape__Length": 223716.44535425305}}, {"type": "Feature", "id": 139, "geometry": {"type": "LineString", "coordinates": [[-101.890703714, 35.955246259], [-101.609521502, 35.967735051], [-101.37562231, 35.6851563050001], [-99.666820242, 34.758184505], [-98.967139063, 34.1736270270001], [-98.490793592, 33.937296942], [-97.11649677, 32.921163716]]}, "properties": {"FID": 139, "Opername": "NUSTAR ENERGY", "Pipename": "Southlake Pipeline", "Shape_Leng": 5.74496184447, "Shape__Length": 683504.1442087812}}, {"type": "Feature", "id": 140, "geometry": {"type": "LineString", "coordinates": [[-98.146113032, 26.3787811780001], [-98.399891243, 26.4166931770001], [-98.4337189999999, 26.198544]]}, "properties": {"FID": 140, "Opername": "NUSTAR ENERGY", "Pipename": "Burgos Pipline", "Shape_Leng": 0.477350810005, "Shape__Length": 55991.20791626543}}, {"type": "Feature", "id": 141, "geometry": {"type": "LineString", "coordinates": [[-98.180128854, 28.458322772], [-98.862990632, 27.9706647680001], [-99.0067980429999, 27.884258588], [-99.540359, 27.635855]]}, "properties": {"FID": 141, "Opername": "NUSTAR ENERGY", "Pipename": "Central West Refined Products Pipeline System", "Shape_Leng": 1.59543288366, "Shape__Length": 184319.09704185004}}, {"type": "Feature", "id": 142, "geometry": {"type": "LineString", "coordinates": [[-98.1725839009999, 28.4476208880001], [-97.9922305759999, 28.480233798], [-97.80090231, 28.620555714], [-97.8698474619999, 28.7743214020001], [-98.3443511, 29.1479230250001], [-98.474502167, 29.267091067], [-98.464060366, 29.314323362], [-98.4094800779999, 29.336542663], [-98.393254448, 29.426719565], [-98.397527308, 29.433810673], [-98.399396316, 29.44957717]]}, "properties": {"FID": 142, "Opername": "NUSTAR ENERGY", "Pipename": "Central West Refined Products Pipeline System", "Shape_Leng": 1.59254249254, "Shape__Length": 188826.18978918737}}, {"type": "Feature", "id": 143, "geometry": {"type": "LineString", "coordinates": [[-97.4731818879999, 27.8160364290001], [-98.180128854, 28.458322772], [-98.186897073, 28.532210294], [-98.245994089, 28.6525813800001], [-98.434969607, 28.960076927], [-98.428625051, 29.168244928], [-98.368161906, 29.334862824], [-98.360634616, 29.439615835], [-98.368517326, 29.440859795], [-98.3704216959999, 29.4439256520001], [-98.3798776099999, 29.444238001], [-98.3807351889999, 29.449851671], [-98.399185093, 29.449665463]]}, "properties": {"FID": 143, "Opername": "NUSTAR ENERGY", "Pipename": "Central West Refined Products Pipeline System", "Shape_Leng": 2.06007954596, "Shape__Length": 250767.04064195429}}, {"type": "Feature", "id": 144, "geometry": {"type": "LineString", "coordinates": [[-101.888289348, 35.261977158], [-101.884835242, 35.9670570170001], [-102.92392683, 37.3007945640001], [-104.662291435, 38.773152818], [-104.638943852, 38.9375957130001], [-104.505763063, 39.148431202], [-104.502588256, 39.328853735], [-104.52877186, 39.713487184], [-104.939010456, 39.7976054380001]]}, "properties": {"FID": 144, "Opername": "NUSTAR ENERGY", "Pipename": "Central West Refined Products Pipeline System", "Shape_Leng": 6.07413719534, "Shape__Length": 785030.5507483496}}, {"type": "Feature", "id": 145, "geometry": {"type": "LineString", "coordinates": [[-97.400748804, 43.0303787920001], [-96.1946798429999, 42.770490362], [-95.147358674, 43.356424621]]}, "properties": {"FID": 145, "Opername": "NUSTAR ENERGY", "Pipename": "East Refined Products Pipeline System", "Shape_Leng": 2.43383571164, "Shape__Length": 286791.5315720147}}, {"type": "Feature", "id": 146, "geometry": {"type": "LineString", "coordinates": [[-96.1946798429999, 42.770490362], [-96.311118506, 43.4329689]]}, "properties": {"FID": 146, "Opername": "NUSTAR ENERGY", "Pipename": "East Refined Products Pipeline System", "Shape_Leng": 0.672633463003, "Shape__Length": 101833.22592247506}}, {"type": "Feature", "id": 147, "geometry": {"type": "LineString", "coordinates": [[-96.1946798429999, 42.770490362], [-96.741315233, 43.50923126]]}, "properties": {"FID": 147, "Opername": "NUSTAR ENERGY", "Pipename": "East Refined Products Pipeline System", "Shape_Leng": 0.918993125099, "Shape__Length": 128081.28146910774}}, {"type": "Feature", "id": 148, "geometry": {"type": "LineString", "coordinates": [[-97.592275405, 40.5565871220001], [-98.525679213, 40.548187215], [-99.727301962, 40.5750956030001], [-99.903903327, 40.6813254310001], [-100.57871192, 40.6929683270001], [-100.830100087, 41.1447857810001]]}, "properties": {"FID": 148, "Opername": "NUSTAR ENERGY", "Pipename": "East Refined Products Pipeline System", "Shape_Leng": 3.53340847909, "Shape__Length": 410164.34473221813}}, {"type": "Feature", "id": 149, "geometry": {"type": "LineString", "coordinates": [[-97.5913023099999, 40.541512921], [-97.175798433, 41.4398652460001]]}, "properties": {"FID": 149, "Opername": "NUSTAR ENERGY", "Pipename": "East Refined Products Pipeline System", "Shape_Leng": 0.989788043793, "Shape__Length": 140333.1348901702}}, {"type": "Feature", "id": 150, "geometry": {"type": "LineString", "coordinates": [[-97.873054525, 38.043091266], [-97.022246574, 37.9281223190001], [-96.872308714, 37.798017703], [-97.0037934969999, 37.6834105830001], [-97.307114067, 37.752241487]]}, "properties": {"FID": 150, "Opername": "NUSTAR ENERGY", "Pipename": "East Refined Products Pipeline System", "Shape_Leng": 1.54251083379, "Shape__Length": 177806.22166576155}}, {"type": "Feature", "id": 151, "geometry": {"type": "LineString", "coordinates": [[-97.022246574, 37.9281223190001], [-97.0037934969999, 37.6834105830001], [-97.0290794909999, 37.0444445520001]]}, "properties": {"FID": 151, "Opername": "NUSTAR ENERGY", "Pipename": "East Refined Products Pipeline System", "Shape_Leng": 0.884872659447, "Shape__Length": 124078.67508883309}}, {"type": "Feature", "id": 152, "geometry": {"type": "LineString", "coordinates": [[-97.873220582, 38.031670362], [-97.6541984629999, 38.8877904390001], [-97.756335118, 39.3060025340001], [-97.573020795, 40.5803621910001], [-97.5512720519999, 41.168389415], [-97.426859409, 42.05128434], [-97.400748804, 43.0303787920001], [-98.002873087, 43.7021886960001], [-98.450341257, 44.4571315210001], [-98.530986733, 45.474145901], [-98.712310214, 46.902176957]]}, "properties": {"FID": 152, "Opername": "NUSTAR ENERGY", "Pipename": "East Refined Products Pipeline System", "Shape_Leng": 9.30061123551, "Shape__Length": 1378828.4531410292}}, {"type": "Feature", "id": 153, "geometry": {"type": "LineString", "coordinates": [[-100.870656154, 46.8448103270001], [-98.713176099, 46.865255844], [-96.741098783, 46.863560955], [-95.769669986, 46.01126649], [-94.9704289649999, 45.7369349900001], [-93.1985853849999, 45.020467598]]}, "properties": {"FID": 153, "Opername": "NUSTAR ENERGY", "Pipename": "North Refined Products Pipelines System", "Shape_Leng": 8.17820011369, "Shape__Length": 961577.5497420116}}, {"type": "Feature", "id": 154, "geometry": {"type": "LineString", "coordinates": [[-101.894400598, 35.261573168], [-101.354887655, 35.6716755570001], [-101.223006275, 36.0506108430001], [-97.360322552, 37.754209356], [-94.868848177, 38.5207265340001], [-94.372628869, 38.6922194910001], [-92.215319383, 38.5484514870001], [-90.304530782, 38.5002461360001], [-90.177730781, 38.586334354]]}, "properties": {"FID": 154, "Opername": "PHILLIPS 66 PIPELINE", "Pipename": "Goldline", "Shape_Leng": 12.6590859825, "Shape__Length": 1458042.8028969339}}, {"type": "Feature", "id": 155, "geometry": {"type": "LineString", "coordinates": [[-87.712073289, 39.0070263050001], [-87.9467691569999, 39.344097677], [-88.097906624, 39.561162655], [-88.312200976, 39.9636560440001], [-88.323397152, 40.0768295820001]]}, "properties": {"FID": 155, "Opername": "MARATHON PIPE LINE", "Pipename": "Wabash 12in Products", "Shape_Leng": 1.24494093531, "Shape__Length": 170011.87337762167}}, {"type": "Feature", "id": 156, "geometry": {"type": "LineString", "coordinates": [[-87.708468175, 39.0013464080001], [-86.68349589, 38.591325248], [-86.142013862, 38.4093958920001], [-85.850353809, 38.1746339090001], [-85.7087453409999, 38.1259684890001], [-84.539674242, 38.060979843]]}, "properties": {"FID": 156, "Opername": "MARATHON PIPE LINE", "Pipename": "Robinson - Louisville - Lexington", "Shape_Leng": 3.37018660464, "Shape__Length": 388023.27568634204}}, {"type": "Feature", "id": 157, "geometry": {"type": "LineString", "coordinates": [[-89.086041001, 38.7930646550001], [-88.5268588069999, 38.6959793930001], [-88.261737033, 38.674226199], [-87.7023547059999, 38.709768173]]}, "properties": {"FID": 157, "Opername": "MARATHON PIPE LINE", "Pipename": "Two Rivers", "Shape_Leng": 1.39407061704, "Shape__Length": 155923.47683085848}}, {"type": "Feature", "id": 158, "geometry": {"type": "LineString", "coordinates": [[-87.944536377, 37.923567554], [-87.7021106989999, 38.709370173], [-87.717954386, 39.002812363]]}, "properties": {"FID": 158, "Opername": "MARATHON PIPE LINE", "Pipename": "Two Rivers", "Shape_Leng": 1.11621743635, "Shape__Length": 156696.97509271966}}, {"type": "Feature", "id": 159, "geometry": {"type": "LineString", "coordinates": [[-87.7023547059999, 38.709768173], [-87.685313402, 38.608887356], [-87.633713897, 38.590961314], [-87.619384526, 38.4569730260001], [-87.568944731, 38.4090784270001], [-87.4975447839999, 38.312646306], [-87.3937599859999, 38.3084010270001]]}, "properties": {"FID": 159, "Opername": "MARATHON PIPE LINE", "Pipename": "Two Rivers", "Shape_Leng": 0.585102761218, "Shape__Length": 76146.2360707178}}, {"type": "Feature", "id": 160, "geometry": {"type": "LineString", "coordinates": [[-82.599242021, 38.367032475], [-82.593945431, 38.444247605], [-82.5538250449999, 38.5715882210001], [-82.469892665, 38.6633927660001], [-82.416095298, 38.795679707], [-82.542653973, 38.9326772090001], [-82.601410207, 39.1390971320001], [-82.5842728659999, 39.599777793], [-82.958939266, 39.764638215], [-83.095478957, 39.820821636], [-83.11869602, 39.962369252]]}, "properties": {"FID": 160, "Opername": "MARATHON PIPE LINE", "Pipename": "Kenova - Columbus", "Shape_Leng": 2.04065158856, "Shape__Length": 272293.12546507927}}, {"type": "Feature", "id": 161, "geometry": {"type": "LineString", "coordinates": [[-84.160217361, 39.7856805750001], [-84.0537070619999, 39.851156754], [-83.6497789489999, 39.8912751230001], [-83.3142360799999, 40.0097166560001], [-83.118331406, 40.0696269150001], [-82.638699623, 40.082397455], [-82.470091279, 40.0355549870001]]}, "properties": {"FID": 161, "Opername": "MARATHON PIPE LINE", "Pipename": "Heath - Dayton", "Shape_Leng": 1.74643187332, "Shape__Length": 198524.36953120513}}, {"type": "Feature", "id": 162, "geometry": {"type": "LineString", "coordinates": [[-82.4685579819999, 40.0234329890001], [-82.4713845909999, 40.102748062], [-81.77973855, 40.481173832], [-81.4669498649999, 40.655679852], [-80.9912784589999, 40.6759754240001], [-80.720910537, 40.6896427630001], [-80.604704467, 40.772412929], [-80.520536221, 40.7913357400001], [-80.4628334349999, 40.642903232]]}, "properties": {"FID": 162, "Opername": "MARATHON PIPE LINE", "Pipename": "East Sparta - Heath", "Shape_Leng": 2.36095428206, "Shape__Length": 282949.56861691846}}, {"type": "Feature", "id": 163, "geometry": {"type": "LineString", "coordinates": [[-82.4685579819999, 40.0234329890001], [-82.732903665, 40.152396019], [-83.096145868, 40.3797506280001], [-83.261743435, 40.709647127], [-83.660154297, 41.004180573]]}, "properties": {"FID": 163, "Opername": "MARATHON PIPE LINE", "Pipename": "Heath - Findlay", "Shape_Leng": 1.58723946155, "Shape__Length": 200941.46901058423}}, {"type": "Feature", "id": 164, "geometry": {"type": "LineString", "coordinates": [[-87.714492717, 38.99599219], [-87.799998353, 39.167115569], [-87.8430936819999, 39.2488960700001], [-87.5024636809999, 39.3571880200001], [-87.0863569489999, 39.5062395700001], [-86.811729234, 39.61211087], [-86.3240394919999, 39.931452226], [-85.987841987, 40.0662732800001], [-85.385361707, 40.308874038], [-84.13367626, 40.708631472]]}, "properties": {"FID": 164, "Opername": "MARATHON PIPE LINE", "Pipename": "Robinson - Lima", "Shape_Leng": 4.28611817966, "Shape__Length": 505755.26088795805}}, {"type": "Feature", "id": 165, "geometry": {"type": "LineString", "coordinates": [[-87.708468175, 39.0013464080001], [-87.414135185, 39.3967847270001], [-86.816158246, 39.649636865], [-86.395354928, 39.796135319], [-86.2284059579999, 39.7859601580001], [-86.235893969, 39.9049536730001], [-86.160591905, 39.938923183], [-85.841668681, 40.003422368], [-85.72207274, 40.1491698740001], [-85.3648059879999, 40.277120617], [-85.2569826, 40.3351372430001], [-84.1235768399999, 40.6974113910001]]}, "properties": {"FID": 165, "Opername": "MARATHON PIPE LINE", "Pipename": "Robinson - Lima", "Shape_Leng": 4.16260398149, "Shape__Length": 495787.8440374982}}, {"type": "Feature", "id": 166, "geometry": {"type": "LineString", "coordinates": [[-108.768210354, 45.658618749], [-108.700071428, 45.682162868], [-108.557048562, 45.7544074030001], [-108.49492492, 45.757379761], [-108.492809361, 45.783223266], [-108.43420988, 45.8109539650001], [-108.013786616, 45.8942756160001], [-107.836311071, 45.8990419880001], [-107.484870703, 46.048891456], [-107.117207362, 46.2423457240001], [-106.399603782, 46.2471482810001], [-105.976689623, 46.325940087], [-105.718782828, 46.483951566], [-105.384980762, 46.7490414230001], [-105.111694019, 46.8572131600001], [-104.713438372, 47.101521061], [-104.184897022, 47.6763206090001], [-101.301756001, 48.2341655390001], [-101.109328871, 48.1383521440001], [-100.630310357, 48.0849457790001], [-99.006827841, 47.630664106], [-97.1872708349999, 47.0146641900001], [-96.8826164819999, 46.8766895850001]]}, "properties": {"FID": 166, "Opername": "CHS ENERGY", "Pipename": "CENEX pipeline", "Shape_Leng": 12.7823051457, "Shape__Length": 1520520.4441659641}}, {"type": "Feature", "id": 167, "geometry": {"type": "LineString", "coordinates": [[-95.4308000139999, 47.6919003830001], [-95.702799672, 47.8228165940001], [-96.077203904, 47.9407957410001], [-97.541693869, 49.024452739], [-104.594241929, 50.4380107740001], [-109.146106336, 51.925005024], [-111.327464077, 52.6654129020001], [-113.506330384, 53.521050018]]}, "properties": {"FID": 167, "Opername": "ENBRIDGE", "Pipename": "Southern Lights", "Shape_Leng": 19.1420883746, "Shape__Length": 2288535.4047394916}}, {"type": "Feature", "id": 168, "geometry": {"type": "LineString", "coordinates": [[-87.935968832, 41.6542416020001], [-87.945910468, 41.70710533], [-87.9489030029999, 42.024546624], [-87.890970774, 42.062936183], [-88.016711973, 42.3220234130001], [-88.061150891, 42.604765774], [-88.066907812, 42.8009011510001], [-88.0617310649999, 42.908888387], [-88.0636481, 43.1899097840001], [-88.133349013, 43.265065006], [-88.06958118, 43.7775235920001], [-88.043444778, 43.833357419], [-88.062263558, 43.8876319500001], [-88.0197352179999, 44.3351042080001], [-87.9871321859999, 44.455372679], [-87.980861908, 44.4552767330001], [-87.982404407, 44.4731807210001], [-87.9679582479999, 44.4934198500001], [-87.970059643, 44.521517816], [-88.009983937, 44.5344374480001]]}, "properties": {"FID": 168, "Opername": "WEST SHORE PIPELINE CO", "Pipename": "West Shore Pipeine", "Shape_Leng": 3.03165294967, "Shape__Length": 452822.81591185526}}, {"type": "Feature", "id": 169, "geometry": {"type": "LineString", "coordinates": [[-87.959388474, 42.0274624570001], [-89.121388472, 42.2161146130001], [-89.176964678, 42.259388282]]}, "properties": {"FID": 169, "Opername": "WEST SHORE PIPELINE CO", "Pipename": "West Shore Pipeine", "Shape_Leng": 1.24765102673, "Shape__Length": 141394.03472223124}}, {"type": "Feature", "id": 170, "geometry": {"type": "LineString", "coordinates": [[-89.176964678, 42.259388282], [-89.1849388479999, 42.41186277], [-89.1345571639999, 42.5529735210001], [-89.140949022, 42.734710998], [-89.158836487, 42.8512743700001], [-89.2181709759999, 42.9762460370001], [-89.302998577, 43.0319127330001]]}, "properties": {"FID": 170, "Opername": "WEST SHORE PIPELINE CO", "Pipename": "West Shore Pipeine", "Shape_Leng": 0.842099470982, "Shape__Length": 123110.04035589825}}, {"type": "Feature", "id": 171, "geometry": {"type": "LineString", "coordinates": [[-87.4607647989999, 41.6064916920001], [-87.4228394799999, 41.5767889030001], [-86.998683936, 41.599513872], [-86.349389414, 41.7447140510001], [-86.248755714, 41.771451835], [-85.8352611339999, 42.0317704140001], [-85.618773952, 42.150731368], [-85.224511472, 42.2436680710001], [-84.9637675, 42.249876402], [-84.4234551609999, 42.307798764]]}, "properties": {"FID": 171, "Opername": "WOLVERINE PIPELINE CO", "Pipename": "Wolverine-Mainline System", "Shape_Leng": 3.18732036759, "Shape__Length": 366940.28281426197}}, {"type": "Feature", "id": 172, "geometry": {"type": "LineString", "coordinates": [[-84.424085173, 42.307707765], [-84.450169353, 42.4037502410001], [-84.243437, 42.512208762], [-84.457222964, 42.763513398], [-84.508544924, 42.7696615030001], [-84.526914722, 42.861141375], [-84.65085035, 42.991117715], [-84.626739103, 43.391203642], [-84.375360296, 43.5144097730001], [-84.2319892, 43.562376271], [-84.0888717289999, 43.585648458], [-84.088994895, 43.622589025], [-83.864407845, 43.620137753]]}, "properties": {"FID": 172, "Opername": "WOLVERINE PIPELINE CO", "Pipename": "Wolverine-Spartan System", "Shape_Leng": 2.22598359668, "Shape__Length": 291276.1105560361}}, {"type": "Feature", "id": 173, "geometry": {"type": "LineString", "coordinates": [[-84.647090882, 42.789651624], [-84.650860287, 42.988717738]]}, "properties": {"FID": 173, "Opername": "WOLVERINE PIPELINE CO", "Pipename": "Wolverine-Spartan System", "Shape_Leng": 0.199101798478, "Shape__Length": 30248.351305927194}}, {"type": "Feature", "id": 174, "geometry": {"type": "LineString", "coordinates": [[-86.254734518, 41.787240618], [-86.144256156, 41.8479242920001], [-86.1268401029999, 42.7732204440001], [-86.1427571259999, 42.915363336], [-86.2196311489999, 43.0390893420001], [-86.229883795, 43.084600423]]}, "properties": {"FID": 174, "Opername": "WOLVERINE PIPELINE CO", "Pipename": "Wolverine-Extension System", "Shape_Leng": 1.38685360255, "Shape__Length": 203942.31073443388}}, {"type": "Feature", "id": 175, "geometry": {"type": "LineString", "coordinates": [[-118.562735041, 39.380351928], [-119.050232331, 39.555573855], [-119.52088069, 39.5667641570001], [-120.057013663, 39.545585203], [-120.181273287, 39.3361604570001], [-120.559793987, 39.329308064], [-120.936501515, 39.1382254540001], [-121.247314773, 38.781266767], [-121.496337396, 38.581733179], [-121.790109396, 38.3157558360001], [-122.025722275, 38.263312204], [-122.098395432, 38.011942409]]}, "properties": {"FID": 175, "Opername": "KINDER MORGAN", "Pipename": "SFPP_NORTH", "Shape_Leng": 4.2616070947, "Shape__Length": 512694.33342059905}}, {"type": "Feature", "id": 176, "geometry": {"type": "LineString", "coordinates": [[-121.815149409, 39.717083707], [-121.480518963, 39.066196474], [-121.247314773, 38.781266767]]}, "properties": {"FID": 176, "Opername": "KINDER MORGAN", "Pipename": "SFPP_NORTH", "Shape_Leng": 1.10006579079, "Shape__Length": 149218.87074954243}}, {"type": "Feature", "id": 177, "geometry": {"type": "LineString", "coordinates": [[-122.098395432, 38.011942409], [-122.339854839, 37.979712003], [-122.193093995, 37.7216988660001], [-122.395588923, 37.639771265]]}, "properties": {"FID": 177, "Opername": "KINDER MORGAN", "Pipename": "SFPP_NORTH", "Shape_Leng": 0.758874152237, "Shape__Length": 92453.56648442725}}, {"type": "Feature", "id": 178, "geometry": {"type": "LineString", "coordinates": [[-122.098395432, 38.011942409], [-121.89176328, 37.692653153], [-121.892628309, 37.3998307430001]]}, "properties": {"FID": 178, "Opername": "KINDER MORGAN", "Pipename": "SFPP_NORTH", "Shape_Leng": 0.673142600234, "Shape__Length": 91664.10749800474}}, {"type": "Feature", "id": 179, "geometry": {"type": "LineString", "coordinates": [[-122.098395432, 38.011942409], [-121.677630672, 37.9182760370001], [-121.295408135, 37.989376115], [-121.247333759, 38.780095792]]}, "properties": {"FID": 179, "Opername": "KINDER MORGAN", "Pipename": "SFPP_NORTH", "Shape_Leng": 1.61202320948, "Shape__Length": 204810.7936206203}}, {"type": "Feature", "id": 180, "geometry": {"type": "LineString", "coordinates": [[-121.677630672, 37.9182760370001], [-121.10152453, 37.43521342], [-120.759190978, 37.4358017530001], [-120.472637688, 37.2954062660001], [-119.746683999, 36.674776916], [-119.501855656, 36.4837212670001], [-119.37155374, 36.2866340690001], [-119.184695336, 35.5124843450001], [-119.050747704, 35.3967308680001]]}, "properties": {"FID": 180, "Opername": "KINDER MORGAN", "Pipename": "SFPP_NORTH", "Shape_Leng": 3.88858293514, "Shape__Length": 486398.2072490192}}, {"type": "Feature", "id": 181, "geometry": {"type": "LineString", "coordinates": [[-106.466200152, 31.7710074510001], [-106.363006662, 31.7656072120001], [-106.33902679, 31.8942727400001], [-106.458589016, 32.0159222460001], [-106.570088215, 32.0246154010001], [-107.584544847, 32.2909134700001], [-108.384473273, 32.1806769880001], [-108.73317568, 32.337568748], [-110.095144505, 32.0028800960001], [-110.594403899, 31.990518029], [-111.458872186, 32.6920290830001], [-112.04529427, 33.0906853550001], [-112.177840148, 33.4372023390001], [-112.691842954, 33.275682342], [-113.937165357, 32.784301563], [-114.722015986, 32.7449267900001], [-115.511423778, 33.2420574500001], [-116.53943167, 33.8923748190001], [-117.061375637, 33.9549970520001], [-117.335361602, 34.0664498150001]]}, "properties": {"FID": 181, "Opername": "KINDER MORGAN", "Pipename": "SFPP_SOUTH", "Shape_Leng": 12.4847950685, "Shape__Length": 1441708.0409725353}}, {"type": "Feature", "id": 182, "geometry": {"type": "LineString", "coordinates": [[-115.511423778, 33.2420574500001], [-115.65530924, 32.8113949520001]]}, "properties": {"FID": 182, "Opername": "KINDER MORGAN", "Pipename": "SFPP_SOUTH", "Shape_Leng": 0.454063005935, "Shape__Length": 59381.80378039488}}, {"type": "Feature", "id": 183, "geometry": {"type": "LineString", "coordinates": [[-115.05158821, 36.254794233], [-115.412343881, 35.537455064], [-115.699669797, 35.442466321], [-116.020935098, 35.275381821], [-116.389465769, 35.080121358], [-116.995728672, 34.8608422400001], [-117.4008078, 34.60879924], [-117.476513532, 34.2795750830001], [-117.335361602, 34.0664498150001]]}, "properties": {"FID": 183, "Opername": "KINDER MORGAN", "Pipename": "CALNEV", "Shape_Leng": 3.59998013389, "Shape__Length": 440531.8486331131}}, {"type": "Feature", "id": 184, "geometry": {"type": "LineString", "coordinates": [[-117.913165454, 34.8448942040001], [-117.858193328, 34.7219668500001], [-117.812514095, 34.7392215520001], [-117.692813331, 34.5979644870001], [-117.4008078, 34.60879924]]}, "properties": {"FID": 184, "Opername": "KINDER MORGAN", "Pipename": "CALNEV", "Shape_Leng": 0.660848559588, "Shape__Length": 79189.40222976652}}, {"type": "Feature", "id": 185, "geometry": {"type": "LineString", "coordinates": [[-117.335361602, 34.0664498150001], [-117.779733311, 34.0516918370001], [-118.279544805, 33.789521623], [-118.277265168, 33.971584497]]}, "properties": {"FID": 185, "Opername": "KINDER MORGAN", "Pipename": "SFPP_SOUTH", "Shape_Leng": 1.19109153788, "Shape__Length": 139743.26286687583}}, {"type": "Feature", "id": 186, "geometry": {"type": "LineString", "coordinates": [[-118.055452846, 33.907687111], [-117.786669389, 33.687602144], [-117.658563913, 33.5407132020001], [-117.462656112, 33.3604693890001], [-117.254983516, 33.080269006], [-117.131228938, 32.798836395], [-117.149965662, 32.6928971080001]]}, "properties": {"FID": 186, "Opername": "KINDER MORGAN", "Pipename": "SFPP_SOUTH", "Shape_Leng": 1.57229963362, "Shape__Length": 196573.71477886927}}, {"type": "Feature", "id": 187, "geometry": {"type": "LineString", "coordinates": [[-119.746683999, 36.674776916], [-119.880604612, 36.677469746], [-119.931466568, 36.3242470760001]]}, "properties": {"FID": 187, "Opername": "KINDER MORGAN", "Pipename": "SFPP_NORTH", "Shape_Leng": 0.490813475056, "Shape__Length": 64154.84162158161}}, {"type": "Feature", "id": 188, "geometry": {"type": "LineString", "coordinates": [[-113.512431603, 53.5173329510001], [-116.957378691, 53.509937875], [-117.447176476, 53.3884257070001], [-117.63950436, 53.468845996], [-118.16693321, 53.129925582], [-118.257155827, 52.987256196], [-118.586807151, 52.978700932], [-118.885285977, 53.0876662200001], [-119.498098278, 53.0682375650001], [-119.209336656, 52.885608413], [-119.133689325, 52.686764231], [-119.06272913, 52.314480909], [-119.204548677, 52.029124347], [-119.262857489, 51.776051033], [-119.382999953, 51.5733679800001], [-119.59892363, 51.547747464], [-119.919338522, 51.55626126], [-120.108759503, 51.4331845830001], [-120.07932469, 51.124949288], [-120.14777363, 50.8771767790001], [-120.662536197, 50.0740054330001], [-120.830670841, 49.93677825], [-120.872728716, 49.6799597880001], [-121.128456173, 49.4623389380001], [-121.843827481, 49.119312343], [-122.321985873, 49.073124761], [-123.111119104, 49.268080834]]}, "properties": {"FID": 188, "Opername": "KINDER MORGAN", "Pipename": "TransMountain", "Shape_Leng": 13.1459948368, "Shape__Length": 1728989.2908279123}}, {"type": "Feature", "id": 189, "geometry": {"type": "LineString", "coordinates": [[-123.0876727, 44.024759998], [-122.983644728, 44.398451938], [-123.053418676, 44.658211124], [-122.889590157, 44.7971188990001], [-122.891076836, 45.0911010670001], [-122.760497452, 45.4578633470001]]}, "properties": {"FID": 189, "Opername": "KINDER MORGAN", "Pipename": "SFPP_NORTH", "Shape_Leng": 1.55495944906, "Shape__Length": 234923.62674286653}}, {"type": "Feature", "id": 190, "geometry": {"type": "LineString", "coordinates": [[-117.368053415, 47.7329019590001], [-117.701274294, 47.6516422230001], [-118.150437704, 47.2537364400001], [-119.031939263, 46.207472867], [-118.712138405, 45.945062476], [-118.33859048, 45.405498682], [-118.011626177, 45.2286171120001], [-117.855338656, 44.7707608630001], [-117.453368678, 44.57264873], [-117.158400291, 44.219852367], [-116.558062029, 43.779578853], [-116.249367209, 43.606227555], [-116.184397563, 43.5633815690001], [-115.700183883, 43.175108423], [-115.03777042, 42.7998045430001], [-114.743072897, 42.604242814], [-114.205674533, 42.4548043870001], [-113.716370627, 42.5196202330001], [-113.468469336, 42.519889936], [-113.393172403, 42.463968932], [-112.95276074, 42.1368861650001], [-112.579553335, 41.691645002], [-112.077872922, 41.5359157510001], [-112.025859242, 41.226895562], [-112.031896069, 41.1177578240001], [-111.904413858, 40.9684983160001], [-111.913522652, 40.8618051540001], [-111.98493592, 40.7933914340001]]}, "properties": {"FID": 190, "Opername": "CHEVRON PIPE LINE CO", "Pipename": "Salt Lake Products", "Shape_Leng": 11.9295005255, "Shape__Length": 1558086.1842841145}}, {"type": "Feature", "id": 191, "geometry": {"type": "LineString", "coordinates": [[-113.393172403, 42.463968932], [-112.521905534, 42.91920014]]}, "properties": {"FID": 191, "Opername": "CHEVRON PIPE LINE CO", "Pipename": "Salt Lake Products", "Shape_Leng": 0.983026657703, "Shape__Length": 118997.67786038108}}, {"type": "Feature", "id": 192, "geometry": {"type": "LineString", "coordinates": [[-119.278290769, 47.13180393], [-117.704275052, 47.6268429580001], [-117.391122123, 47.588677541], [-117.286698497, 47.679307801], [-116.826158376, 47.7160584540001], [-116.261377517, 47.557822307], [-116.123916973, 47.654482105], [-115.557679171, 47.53999171], [-115.301647444, 47.582508413]]}, "properties": {"FID": 192, "Opername": "PHILLIPS 66 PIPELINE", "Pipename": "Yellowstone", "Shape_Leng": 4.1575760314, "Shape__Length": 484558.9557329755}}, {"type": "Feature", "id": 193, "geometry": {"type": "LineString", "coordinates": [[-114.030215012, 46.897940556], [-113.961376353, 46.9007628740001], [-113.732491111, 46.7858518450001], [-113.655088532, 46.7249977620001], [-113.565364185, 46.72718581], [-113.485499939, 46.6954125080001], [-113.335782903, 46.6959058480001], [-112.846752701, 46.5500756230001], [-112.75902574, 46.5389851250001], [-112.607422319, 46.5921665750001], [-112.41143508, 46.5579957300001], [-112.306881212, 46.558713679], [-112.164219845, 46.5892855370001], [-112.101596988, 46.612685168], [-111.998004955, 46.613238906], [-111.983982558, 46.5966571810001], [-111.773016663, 46.5290711420001], [-111.665830048, 46.4597790560001], [-111.499016996, 46.259884039], [-111.410945654, 45.969378358], [-111.032983309, 45.6954344750001], [-110.667380518, 45.664893276], [-110.359250855, 45.73534206], [-110.036115157, 45.8461127], [-109.073317101, 45.8592252240001], [-108.600682333, 45.858944605], [-108.571504021, 45.842910674], [-108.492597337, 45.81291179], [-108.495077841, 45.781867364], [-108.432728014, 45.80969917]]}, "properties": {"FID": 193, "Opername": "PHILLIPS 66 PIPELINE", "Pipename": "Yellowstone", "Shape_Leng": 6.20693136941, "Shape__Length": 743111.1587328585}}, {"type": "Feature", "id": 194, "geometry": {"type": "LineString", "coordinates": [[-111.983905761, 46.5958455260001], [-111.220716401, 47.5212752150001]]}, "properties": {"FID": 194, "Opername": "PHILLIPS 66 PIPELINE", "Pipename": "Helena - Great Falls", "Shape_Leng": 1.19953245413, "Shape__Length": 173455.52513414368}}, {"type": "Feature", "id": 195, "geometry": {"type": "LineString", "coordinates": [[-108.431930926, 45.808674318], [-108.494185775, 45.78172721], [-107.918351786, 45.4221218640001], [-106.901953493, 44.664559679], [-106.475037747, 43.509068787], [-106.256861189, 42.8437962200001], [-107.11209203, 41.7768271890001]]}, "properties": {"FID": 195, "Opername": "PHILLIPS 66 PIPELINE", "Pipename": "Seminole", "Shape_Leng": 5.31378614255, "Shape__Length": 734958.6265177501}}, {"type": "Feature", "id": 196, "geometry": {"type": "LineString", "coordinates": [[-122.370758294, 37.9164559430001], [-122.382265592, 37.9267236600001], [-122.24290188, 38.040202288]]}, "properties": {"FID": 196, "Opername": "PHILLIPS 66 PIPELINE", "Pipename": "Richmond Products Line", "Shape_Leng": 0.195143204205, "Shape__Length": 24239.813763803497}}, {"type": "Feature", "id": 197, "geometry": {"type": "LineString", "coordinates": [[-111.98493592, 40.7933914340001], [-112.17078302, 40.7542345760001], [-112.370600945, 40.610453303], [-112.41443683, 40.3560283910001], [-112.301107072, 40.055624929], [-112.222011418, 39.9450621510001], [-112.143779894, 39.868978583], [-112.323544828, 39.589221052], [-112.424090371, 39.5177561770001], [-112.673070039, 39.5475349160001], [-112.807014672, 39.503666686], [-112.839577251, 39.3670018880001], [-112.790963815, 39.127429529], [-112.845299412, 38.84396682], [-113.047217562, 38.68271084], [-113.065691907, 38.3917795750001], [-113.24361882, 38.1677602070001], [-113.264316365, 37.939365243], [-113.612524653, 37.5776202060001], [-113.626313823, 37.4742182360001], [-114.186013042, 36.920091393], [-114.347079513, 36.8885194740001], [-114.499240573, 36.6947239890001], [-114.619881149, 36.665300723], [-114.880267642, 36.4113115320001], [-114.936518665, 36.2723291390001], [-114.933116509, 36.1798641720001], [-115.140808111, 36.171885509]]}, "properties": {"FID": 197, "Opername": "UNEV PIPELINE", "Pipename": "UNEV Pipeline", "Shape_Leng": 6.58968867944, "Shape__Length": 855671.0848983653}}, {"type": "Feature", "id": 198, "geometry": {"type": "LineString", "coordinates": [[-113.062546035, 37.677926916], [-113.356029338, 37.8668539610001]]}, "properties": {"FID": 198, "Opername": "UNEV PIPELINE", "Pipename": "UNEV Pipeline", "Shape_Leng": 0.349035639258, "Shape__Length": 42133.98851935771}}, {"type": "Feature", "id": 199, "geometry": {"type": "LineString", "coordinates": [[-107.11209203, 41.7768271890001], [-108.331431788, 41.6346908420001], [-108.85264697, 41.7041853320001], [-109.294439479, 41.5490025920001], [-109.570257459, 41.518705557], [-110.06663956, 41.539941823], [-110.351376041, 41.3687145740001], [-110.644461431, 41.274037174], [-111.283835642, 41.21148794], [-111.524756073, 41.09410961], [-111.65035458, 41.032917081], [-111.803319036, 41.1247293600001], [-111.928263949, 41.13326282], [-111.904633321, 41.0242269920001], [-111.888925919, 40.7916648500001]]}, "properties": {"FID": 199, "Opername": "PHILLIPS 66 PIPELINE", "Pipename": "Pioneer", "Shape_Leng": 5.33467486648, "Shape__Length": 619906.0394328219}}, {"type": "Feature", "id": 200, "geometry": {"type": "LineString", "coordinates": [[-90.460300436, 32.731899777], [-91.0656053769999, 32.875370977]]}, "properties": {"FID": 200, "Opername": "ENBRIDGE", "Pipename": "Tinsley", "Shape_Leng": 0.622075603788, "Shape__Length": 70010.09083398173}}, {"type": "Feature", "id": 201, "geometry": {"type": "LineString", "coordinates": [[-90.0837853579999, 38.8462119720001], [-89.3724327909999, 39.311846105], [-88.323422162, 40.082883634], [-87.4661935409999, 41.5328186950001], [-87.171899669, 41.5394297870001], [-86.614668156, 41.773397566], [-86.23948666, 42.3069874290001], [-86.0644508359999, 42.6594208830001], [-86.086022307, 43.0645141300001], [-86.184149657, 43.310237735]]}, "properties": {"FID": 201, "Opername": "MARATHON PIPE LINE", "Pipename": "Wabash 12in Product", "Shape_Leng": 6.4512538789, "Shape__Length": 850169.7693804969}}, {"type": "Feature", "id": 202, "geometry": {"type": "LineString", "coordinates": [[-89.176964678, 42.259388282], [-89.164576669, 42.149197853], [-89.166191077, 41.78793002]]}, "properties": {"FID": 202, "Opername": "WEST SHORE PIPELINE CO", "Pipename": "West Shore Pipeine", "Shape_Leng": 0.472156035166, "Shape__Length": 70706.57842831063}}, {"type": "Feature", "id": 203, "geometry": {"type": "LineString", "coordinates": [[-87.465273957, 41.61001767], [-87.4156774859999, 41.5851129280001], [-86.986747721, 41.6081099470001], [-86.254734518, 41.787240618]]}, "properties": {"FID": 203, "Opername": "WOLVERINE PIPELINE CO", "Pipename": "Wolverine-Loop System", "Shape_Leng": 1.23865612021, "Shape__Length": 140273.12294596178}}, {"type": "Feature", "id": 204, "geometry": {"type": "LineString", "coordinates": [[-87.9402238749999, 41.6906934360001], [-87.823712904, 41.681804529], [-87.815862468, 41.674182644], [-87.781321358, 41.6741829640001], [-87.728725015, 41.647791613], [-87.7008570689999, 41.6470588500001], [-87.6188224109999, 41.6507255230001], [-87.6133273999999, 41.6589365460001], [-87.541891003, 41.658937167], [-87.541890806, 41.6489661750001], [-87.514415855, 41.6472064060001], [-87.505780477, 41.6425134770001], [-87.478304844, 41.6431006070001], [-87.467331544, 41.63929965], [-87.466529336, 41.6290196570001], [-87.4428148439999, 41.6290257530001]]}, "properties": {"FID": 204, "Opername": "WEST SHORE PIPELINE CO", "Pipename": "West Shore Pipeine", "Shape_Leng": 0.532940318682, "Shape__Length": 61265.05688857656}}, {"type": "Feature", "id": 205, "geometry": {"type": "LineString", "coordinates": [[-88.0425370299999, 41.643767805], [-87.9748318749999, 41.646224251], [-87.975818079, 41.653101222], [-87.935968832, 41.6542416020001]]}, "properties": {"FID": 205, "Opername": "WEST SHORE PIPELINE CO", "Pipename": "West Shore Pipeine", "Shape_Leng": 0.114562588407, "Shape__Length": 13015.412567833835}}, {"type": "Feature", "id": 206, "geometry": {"type": "LineString", "coordinates": [[-87.698893727, 41.634884932], [-87.7008570689999, 41.6470588500001], [-87.7043893269999, 41.653217786]]}, "properties": {"FID": 206, "Opername": "WEST SHORE PIPELINE CO", "Pipename": "West Shore Pipeine", "Shape_Leng": 0.019431173653, "Shape__Length": 2824.7766276814905}}, {"type": "Feature", "id": 207, "geometry": {"type": "LineString", "coordinates": [[-87.8019744219999, 41.805755987], [-87.891225085, 41.7228307360001], [-87.9402238749999, 41.6906934360001], [-87.968155108, 41.664065264], [-88.0450603419999, 41.653030769]]}, "properties": {"FID": 207, "Opername": "WEST SHORE PIPELINE CO", "Pipename": "West Shore Pipeine", "Shape_Leng": 0.296709715281, "Shape__Length": 36890.330659778956}}, {"type": "Feature", "id": 208, "geometry": {"type": "MultiLineString", "coordinates": [[[-87.472258639, 41.638892631], [-87.541929753, 41.6462251770001], [-87.5481706889999, 41.6325391400001], [-87.5874221559999, 41.64075281], [-87.698893727, 41.634884932], [-87.732649968, 41.640165628], [-87.844906517, 41.6378175620001], [-87.8535419359999, 41.643684448], [-87.931785433, 41.64354668], [-87.935968832, 41.6542416020001]], [[-87.472258639, 41.638892631], [-87.472280644, 41.639117631]], [[-87.471658625, 41.638829634], [-87.472258639, 41.638892631]], [[-87.469669084, 41.61200065], [-87.472258639, 41.638892631]]]}, "properties": {"FID": 208, "Opername": "WEST SHORE PIPELINE CO", "Pipename": "West Shore Pipeine", "Shape_Leng": 0.511286434663, "Shape__Length": 59088.97516430007}}, {"type": "Feature", "id": 209, "geometry": {"type": "LineString", "coordinates": [[-88.044504361, 41.6545807680001], [-88.0462623669999, 41.6118028710001], [-87.999227636, 41.605883109], [-87.9109328819999, 41.6077760270001], [-87.860702703, 41.5427858670001], [-87.6045462979999, 41.52476298], [-87.51320056, 41.529600422], [-87.482228219, 41.5520305970001], [-87.4644999019999, 41.607953674]]}, "properties": {"FID": 209, "Opername": "WOLVERINE PIPELINE CO", "Pipename": "Wolverine-Hammond System", "Shape_Leng": 0.705844282752, "Shape__Length": 84873.37504623515}}, {"type": "Feature", "id": 210, "geometry": {"type": "LineString", "coordinates": [[-88.000416579, 41.602115107], [-87.994554872, 41.5022094130001], [-88.1830044609999, 41.414604043]]}, "properties": {"FID": 210, "Opername": "WOLVERINE PIPELINE CO", "Pipename": "Wolverine-Hammond System", "Shape_Leng": 0.307894609832, "Shape__Length": 39561.83533334445}}, {"type": "Feature", "id": 211, "geometry": {"type": "LineString", "coordinates": [[-88.1830044609999, 41.414604043], [-87.766590561, 41.419558796], [-87.7516577489999, 41.408258878], [-87.565508709, 41.45759708], [-87.503928327, 41.479349421], [-87.466833159, 41.5116096990001], [-87.463710869, 41.607017678]]}, "properties": {"FID": 211, "Opername": "WOLVERINE PIPELINE CO", "Pipename": "Wolverine-Hammond System", "Shape_Leng": 0.837675392586, "Shape__Length": 98805.4967616004}}, {"type": "Feature", "id": 212, "geometry": {"type": "LineString", "coordinates": [[-80.618735033, 40.4045677560001], [-80.7084187459999, 40.4763338590001], [-80.689581182, 40.6950620330001], [-80.669982524, 40.8576343440001], [-80.705428189, 41.085864169]]}, "properties": {"FID": 212, "Opername": "MARATHON PIPE LINE", "Pipename": "Toledo - Steubenville", "Shape_Leng": 0.729116290684, "Shape__Length": 104494.51354970758}}, {"type": "Feature", "id": 213, "geometry": {"type": "LineString", "coordinates": [[-106.639322575, 35.057806371], [-106.848205491, 33.827928075], [-107.025420491, 33.4575606170001], [-106.551196601, 32.016955644], [-106.459906975, 32.008190423], [-106.358802642, 31.94944202]]}, "properties": {"FID": 213, "Opername": "PLAINS ALL AMERICAN PIPELINE", "Pipename": "Plains", "Shape_Leng": 3.38336638568, "Shape__Length": 442651.119732638}}, {"type": "Feature", "id": 214, "geometry": {"type": "LineString", "coordinates": [[-103.151813979, 44.0942597480001], [-103.343764676, 43.270518587], [-103.705454144, 43.2607248560001], [-104.043204594, 43.304163584], [-104.303179662, 43.2494948520001], [-104.380828083, 43.094091119], [-104.858746585, 43.037032507], [-105.131886227, 42.8272176180001], [-105.498699514, 42.759849186], [-105.498699514, 42.759849186], [-105.498699514, 42.759849186]]}, "properties": {"FID": 214, "Opername": "PLAINS ALL AMERICAN PIPELINE", "Pipename": "Rocky Mountain System", "Shape_Leng": 3.18623250073, "Shape__Length": 402501.2494989821}}, {"type": "Feature", "id": 215, "geometry": {"type": "LineString", "coordinates": [[-106.256861189, 42.8437962200001], [-105.498699514, 42.759849186], [-105.050923195, 42.417609225], [-105.048221485, 42.2614399450001], [-104.861108783, 42.0916164060001], [-104.828277082, 41.108386883], [-104.937493634, 40.969161247], [-104.937818169, 40.7191538760001], [-104.986143681, 40.362644279], [-104.939010456, 39.7976054380001], [-104.792939468, 39.798784695], [-104.765153979, 39.429860638], [-104.700908405, 39.3549765820001], [-104.703959078, 38.6650900610001]]}, "properties": {"FID": 215, "Opername": "PLAINS ALL AMERICAN PIPELINE", "Pipename": "Rocky Mountain System", "Shape_Leng": 5.37737698748, "Shape__Length": 737054.8953906817}}, {"type": "Feature", "id": 216, "geometry": {"type": "LineString", "coordinates": [[-104.828277082, 41.108386883], [-103.103123554, 41.2160694200001], [-100.830100087, 41.1447857810001], [-100.830100087, 41.1447857810001]]}, "properties": {"FID": 216, "Opername": "PLAINS ALL AMERICAN PIPELINE", "Pipename": "Rocky Mountain System", "Shape_Leng": 4.00265192984, "Shape__Length": 445953.5251726202}}, {"type": "Feature", "id": 217, "geometry": {"type": "LineString", "coordinates": [[-82.5933266959999, 27.8615610060001], [-82.687932895, 27.861560835], [-82.733258947, 27.9390610780001], [-82.74120319, 28.174491531], [-82.78432549, 28.173990227], [-82.784892515, 28.183006888]]}, "properties": {"FID": 217, "Opername": "DUKE ENERGY", "Pipename": "Bartow Anclote Hot Oil Pipeline", "Shape_Leng": 0.472111949789, "Shape__Length": 57172.84341106065}}, {"type": "Feature", "id": 218, "geometry": {"type": "LineString", "coordinates": [[-82.543004525, 27.861561098], [-82.526901149, 27.874003684], [-82.52287504, 27.984203769]]}, "properties": {"FID": 218, "Opername": "TAMPA AIRPORT PIPELINE CORPORATION", "Pipename": "Tampa Airport Pipeline", "Shape_Leng": 0.130623954518, "Shape__Length": 16272.653951523702}}, {"type": "Feature", "id": 219, "geometry": {"type": "LineString", "coordinates": [[-82.432162272, 27.9177286440001], [-82.430605235, 27.9012232270001], [-82.388567456, 27.9012235110001], [-82.326288231, 27.85720739], [-81.957288327, 27.8489562280001], [-81.849858807, 27.8296997370001], [-81.661466998, 27.8283231180001], [-81.555590746, 28.119928782], [-81.550919702, 28.243723754], [-81.565443877, 28.273700633], [-81.587487241, 28.2820702590001], [-81.5531256149999, 28.3269656840001], [-81.511848935, 28.347318074], [-81.3903958129999, 28.348078903], [-81.371269318, 28.422540064]]}, "properties": {"FID": 219, "Opername": "KINDER MORGAN", "Pipename": "Central Florida Pipeline", "Shape_Leng": 1.59340574958, "Shape__Length": 186232.28581717657}}, {"type": "Feature", "id": 220, "geometry": {"type": "LineString", "coordinates": [[-82.433719302, 27.920480538], [-82.435275346, 27.950741475], [-81.941716011, 28.0497792250001], [-81.865426998, 28.042901494], [-81.7984779, 28.056656876], [-81.761109013, 28.0896685280001], [-81.659906815, 28.1158022220001], [-81.625654207, 28.1089243650001], [-81.561121833, 28.249730535], [-81.542968501, 28.2630470870001], [-81.524815186, 28.2679929500001], [-81.498881742, 28.2607642790001], [-81.465601201, 28.258101346], [-81.403362129, 28.2946259240001], [-81.388234769, 28.351351776], [-81.372890462, 28.3682701120001], [-81.371161316, 28.42234907]]}, "properties": {"FID": 220, "Opername": "KINDER MORGAN", "Pipename": "Central Florida Pipeline", "Shape_Leng": 1.3323121712, "Shape__Length": 153835.01169100875}}, {"type": "Feature", "id": 221, "geometry": {"type": "LineString", "coordinates": [[-76.03474533, 40.324575392], [-76.729624651, 40.8982837250001], [-76.9515818799999, 41.232895285], [-76.874845767, 41.6169443310001], [-76.8966738349999, 42.0056060840001], [-76.960233731, 42.128825482], [-77.6260155419999, 42.5985464760001], [-77.8275321369999, 42.94798617], [-77.6677133319999, 43.1461820580001]]}, "properties": {"FID": 221, "Opername": "SUNOCO", "Pipename": "Buffalo", "Shape_Leng": 3.69499462813, "Shape__Length": 500125.16416968085}}, {"type": "Feature", "id": 222, "geometry": {"type": "LineString", "coordinates": [[-77.8275321369999, 42.94798617], [-78.9248726869999, 42.992006867]]}, "properties": {"FID": 222, "Opername": "SUNOCO", "Pipename": "Buffalo", "Shape_Leng": 1.09822315785, "Shape__Length": 122338.83750475392}}, {"type": "Feature", "id": 223, "geometry": {"type": "LineString", "coordinates": [[-76.035292359, 40.3248783930001], [-76.030934992, 40.603558856], [-75.966485628, 40.721642812], [-75.9796439619999, 40.824103253], [-76.025724932, 40.8729937540001], [-76.0288311259999, 40.9900639520001], [-76.102976838, 41.092802518], [-76.1581724659999, 41.163887139], [-75.9079676379999, 41.267607309]]}, "properties": {"FID": 223, "Opername": "SUNOCO", "Pipename": "Reading - Kingston", "Shape_Leng": 1.18838771693, "Shape__Length": 161992.50661487054}}, {"type": "Feature", "id": 224, "geometry": {"type": "LineString", "coordinates": [[-75.42568621, 39.849416218], [-75.476436817, 40.0535267970001], [-75.032097203, 40.1901039530001], [-74.822005717, 40.2946525410001], [-74.650017415, 40.3356573340001], [-74.482572809, 40.5137349070001], [-74.3426964939999, 40.614194124], [-74.285210763, 40.6551786150001], [-74.190405244, 40.711802822], [-74.161132429, 40.7147588610001], [-74.132667595, 40.708847077], [-74.121856372, 40.728993702]]}, "properties": {"FID": 224, "Opername": "SUNOCO", "Pipename": "Twin Oaks - Newark", "Shape_Leng": 1.76569382768, "Shape__Length": 216895.5111935939}}, {"type": "Feature", "id": 225, "geometry": {"type": "LineString", "coordinates": [[-74.285150761, 40.655212615], [-74.2399441709999, 40.6412190620001], [-74.24421625, 40.636097148], [-74.227429651, 40.6126156780001], [-74.212982225, 40.604684891]]}, "properties": {"FID": 225, "Opername": "SUNOCO", "Pipename": "Twin Oaks - Newark", "Shape_Leng": 0.0993383035928, "Shape__Length": 12227.250049001097}}, {"type": "Feature", "id": 226, "geometry": {"type": "LineString", "coordinates": [[-75.180775868, 39.822757505], [-75.158254182, 39.8213475750001], [-75.104022745, 39.8520465330001], [-75.0110203099999, 39.876130522], [-74.8641156419999, 39.996132054], [-74.660175424, 40.151614625], [-74.640666827, 40.271948695], [-74.474488056, 40.420162084], [-74.4660618629999, 40.4389736900001], [-74.411636174, 40.4883889050001], [-74.324447349, 40.536920611], [-74.2761457349999, 40.550684662], [-74.26100851, 40.5954468780001], [-74.238397869, 40.602564838], [-74.240325954, 40.6075777300001]]}, "properties": {"FID": 226, "Opername": "SUNOCO", "Pipename": "Harbor Pipeline", "Shape_Leng": 1.29213019831, "Shape__Length": 163409.05852009036}}, {"type": "Feature", "id": 227, "geometry": {"type": "LineString", "coordinates": [[-76.032156266, 40.3150533410001], [-75.992323557, 40.245160185], [-75.612747293, 40.0297296140001], [-75.588660956, 40.0080357240001], [-75.548247266, 39.9873791810001], [-75.542964309, 39.986054542], [-75.521545557, 39.965778856], [-75.504083199, 39.9457490180001], [-75.492389464, 39.9412534780001], [-75.4819435919999, 39.9419421590001], [-75.4558890009999, 39.9088470520001], [-75.438974237, 39.901280403], [-75.404776369, 39.873486347], [-75.32487436, 39.8715269570001], [-75.317891435, 39.8646028300001], [-75.286544106, 39.868105799], [-75.266280933, 39.8736008970001], [-75.23067846, 39.9089475970001], [-75.225152156, 39.914434199], [-75.219742239, 39.9160926170001], [-75.21866514, 39.9127252750001]]}, "properties": {"FID": 227, "Opername": "SUNOCO", "Pipename": "Philadelphia - Reading", "Shape_Leng": 0.99337504547, "Shape__Length": 121887.97723334463}}, {"type": "Feature", "id": 228, "geometry": {"type": "LineString", "coordinates": [[-75.583646614, 40.007678006], [-75.577487256, 40.2348841], [-75.564109897, 40.383940979], [-75.5333546479999, 40.470806853], [-75.5490527859999, 40.5665908610001], [-75.5518146799999, 40.6223874290001], [-75.481461516, 40.644899916]]}, "properties": {"FID": 228, "Opername": "SUNOCO", "Pipename": "Fullerton", "Shape_Leng": 0.695889287849, "Shape__Length": 98869.28131311337}}, {"type": "Feature", "id": 229, "geometry": {"type": "LineString", "coordinates": [[-75.2179195209999, 39.9132452260001], [-75.219751538, 39.9166089240001], [-75.225332726, 39.914932686], [-75.2674967569999, 39.8754482110001], [-75.2884458619999, 39.8706793420001], [-75.315086461, 39.8686208250001], [-75.323078159, 39.8739239220001], [-75.402968232, 39.8760299310001], [-75.452102541, 39.911508408], [-75.480885939, 39.9425321080001], [-75.535442594, 40.0095523250001], [-75.538750476, 40.040607013], [-75.545745914, 40.0470432590001], [-75.612747293, 40.0297296140001], [-75.826477752, 40.06299332], [-75.839513432, 40.149807663], [-76.033856326, 40.319228364]]}, "properties": {"FID": 229, "Opername": "SUNOCO", "Pipename": "Philadelphia -Reading", "Shape_Leng": 1.06633172505, "Shape__Length": 132057.75623502219}}, {"type": "Feature", "id": 230, "geometry": {"type": "LineString", "coordinates": [[-76.04799718, 40.313155324], [-76.5115698239999, 40.2725153600001], [-76.879505352, 40.1923271420001], [-77.436490012, 40.245931955], [-78.417261936, 40.4607275750001], [-78.741213944, 40.442718659], [-78.8438489319999, 40.418846495], [-79.4218417389999, 40.4385653520001], [-79.743330915, 40.4177476200001], [-79.945384251, 40.4855148080001]]}, "properties": {"FID": 230, "Opername": "SUNOCO", "Pipename": "Reading - Pittsburgh", "Shape_Leng": 3.94893171214, "Shape__Length": 443640.1312315085}}, {"type": "Feature", "id": 231, "geometry": {"type": "LineString", "coordinates": [[-79.944971255, 40.4871807970001], [-79.955323109, 40.6030083810001], [-80.284679218, 40.716693944], [-80.37132421, 40.7143791820001], [-80.6557489699999, 41.0338528090001], [-81.391114046, 41.064878655], [-81.488191722, 41.098494004], [-81.491671798, 40.9642701020001], [-82.055752156, 40.966635733], [-83.2075336249999, 41.084982186], [-83.444086752, 41.2030081390001], [-83.4474421, 41.618528359], [-83.4969555809999, 41.635753411]]}, "properties": {"FID": 231, "Opername": "SUNOCO", "Pipename": "Pittsburgh - Toledo", "Shape_Leng": 4.40640173817, "Shape__Length": 528866.3683045342}}, {"type": "Feature", "id": 232, "geometry": {"type": "LineString", "coordinates": [[-83.503074125, 41.666116871], [-83.509490262, 41.743696448], [-83.5014752879999, 41.804430718], [-83.456202463, 41.888777756], [-83.3746950889999, 42.034276092], [-83.3476564259999, 42.0995984], [-83.313744549, 42.1086121710001], [-83.308625986, 42.253042416], [-83.21504662, 42.2591954340001], [-83.190319878, 42.291336093], [-83.153643387, 42.293837189]]}, "properties": {"FID": 232, "Opername": "SUNOCO", "Pipename": "Toledo - Sarina", "Shape_Leng": 0.82300949502, "Shape__Length": 113953.54596754805}}, {"type": "Feature", "id": 233, "geometry": {"type": "LineString", "coordinates": [[-75.432630235, 40.632735553], [-75.5735323439999, 40.62978617], [-75.548707889, 40.811089822], [-75.633199539, 40.953966719], [-75.743070752, 41.3355559460001], [-75.852853846, 41.7048897330001], [-75.994171927, 42.1035148930001]]}, "properties": {"FID": 233, "Opername": "BUCKEYE PARTNERS", "Pipename": "Buckeye", "Shape_Leng": 1.69524846309, "Shape__Length": 241146.17186039558}}, {"type": "Feature", "id": 234, "geometry": {"type": "LineString", "coordinates": [[-75.997352072, 42.103926863], [-76.513836973, 42.964623315], [-76.2292334589999, 43.131281331], [-75.2459224099999, 43.129707747]]}, "properties": {"FID": 234, "Opername": "BUCKEYE PARTNERS", "Pipename": "Buckeye", "Shape_Leng": 2.31689183607, "Shape__Length": 292233.3778250238}}, {"type": "Feature", "id": 235, "geometry": {"type": "LineString", "coordinates": [[-76.2093107709999, 43.133852382], [-76.144537553, 43.2416146090001]]}, "properties": {"FID": 235, "Opername": "BUCKEYE PARTNERS", "Pipename": "Buckeye", "Shape_Leng": 0.125730932304, "Shape__Length": 17963.53911977657}}, {"type": "Feature", "id": 236, "geometry": {"type": "LineString", "coordinates": [[-75.9899839889999, 42.1363858780001], [-76.0895038319999, 42.097202639], [-76.6531696019999, 42.509233936], [-76.856086902, 42.922561795]]}, "properties": {"FID": 236, "Opername": "BUCKEYE PARTNERS", "Pipename": "Buckeye", "Shape_Leng": 1.26561100865, "Shape__Length": 167338.97480148618}}, {"type": "Feature", "id": 237, "geometry": {"type": "LineString", "coordinates": [[-76.83875388, 42.929171758], [-77.7009334259999, 42.960174827], [-78.215945023, 42.9669189520001], [-78.831108941, 42.865877283]]}, "properties": {"FID": 237, "Opername": "BUCKEYE PARTNERS", "Pipename": "Buckeye", "Shape_Leng": 2.0011993587, "Shape__Length": 223614.06185124564}}, {"type": "Feature", "id": 238, "geometry": {"type": "LineString", "coordinates": [[-77.688967691, 42.943333943], [-77.6536796619999, 43.1309641940001]]}, "properties": {"FID": 238, "Opername": "BUCKEYE PARTNERS", "Pipename": "Buckeye", "Shape_Leng": 0.190919763464, "Shape__Length": 28845.2887692433}}, {"type": "Feature", "id": 239, "geometry": {"type": "LineString", "coordinates": [[-76.83875388, 42.929171758], [-76.4641051519999, 43.095703657], [-76.303658317, 43.09647687], [-76.2292334589999, 43.131281331]]}, "properties": {"FID": 239, "Opername": "BUCKEYE PARTNERS", "Pipename": "Buckeye", "Shape_Leng": 0.65260292162, "Shape__Length": 76507.59360366575}}, {"type": "Feature", "id": 240, "geometry": {"type": "LineString", "coordinates": [[-72.553137388, 42.182097852], [-72.502778006, 42.189976067], [-72.5609883769999, 42.107058232], [-72.527553244, 42.0772109370001], [-72.523450891, 41.9437070340001], [-72.585758356, 41.856558233], [-72.636205611, 41.7763665730001], [-72.648886471, 41.7183368140001], [-72.6329143149999, 41.654578347], [-72.6463584219999, 41.5728257870001], [-72.908293106, 41.299440088]]}, "properties": {"FID": 240, "Opername": "BUCKEYE PARTNERS", "Pipename": "Connecticut", "Shape_Leng": 1.11913340568, "Shape__Length": 154274.2988905665}}, {"type": "Feature", "id": 241, "geometry": {"type": "LineString", "coordinates": [[-72.593105634, 41.85514127], [-72.67727036, 41.924917307]]}, "properties": {"FID": 241, "Opername": "BUCKEYE PARTNERS", "Pipename": "Connecticut", "Shape_Leng": 0.109327016067, "Shape__Length": 14023.262385535574}}, {"type": "Feature", "id": 242, "geometry": {"type": "LineString", "coordinates": [[-94.441658646, 39.12206941], [-94.3973424109999, 39.1567391240001], [-94.405321489, 39.2078423520001], [-94.320325774, 39.2765612050001], [-94.238034123, 39.3803974100001], [-94.1110730139999, 39.459274479], [-94.002626048, 39.557197182], [-93.5826080749999, 39.976894697], [-92.9035970149999, 40.605972179], [-92.712530213, 40.808656447], [-92.496973224, 41.004660648], [-91.7858635919999, 41.610680132], [-91.592992092, 41.832043395], [-91.4352864959999, 41.9333097460001], [-90.9970326389999, 42.33443815], [-90.8156136279999, 42.4492103900001], [-90.789287262, 42.482588525]]}, "properties": {"FID": 242, "Opername": "BUCKEYE PARTNERS", "Pipename": "Buckeye", "Shape_Leng": 5.0012845518, "Shape__Length": 644255.0200176883}}, {"type": "Feature", "id": 243, "geometry": {"type": "LineString", "coordinates": [[-94.441420639, 39.1221884090001], [-94.432465223, 39.200579307], [-94.411138642, 39.208073316], [-94.455298527, 39.2739201630001], [-94.5915229, 39.675615812], [-94.796344221, 40.040259151], [-94.936889594, 40.231497591], [-95.109344708, 40.451566938], [-95.376198582, 40.7128716340001], [-95.532744909, 40.902385624], [-95.649727307, 41.077921195], [-95.747981739, 41.1841105070001], [-95.831743542, 41.2115005310001]]}, "properties": {"FID": 243, "Opername": "BUCKEYE PARTNERS", "Pipename": "Buckeye", "Shape_Leng": 2.60314367276, "Shape__Length": 351033.0999519682}}, {"type": "Feature", "id": 244, "geometry": {"type": "LineString", "coordinates": [[-95.1044116209999, 40.449409846], [-94.668173988, 40.7663755410001], [-94.371424258, 41.018200171], [-94.098270719, 41.219970571], [-93.808097442, 41.4964038270001], [-93.7321057829999, 41.6082709670001]]}, "properties": {"FID": 244, "Opername": "BUCKEYE PARTNERS", "Pipename": "Buckeye", "Shape_Leng": 1.80403064852, "Shape__Length": 230329.1378418605}}, {"type": "Feature", "id": 245, "geometry": {"type": "LineString", "coordinates": [[-90.375931979, 40.9371443800001], [-89.490645802, 40.9218218660001], [-88.994244221, 41.0203101820001], [-88.829488033, 41.0715140620001], [-88.7376252399999, 41.1398516520001], [-87.777024759, 41.451276857], [-87.4721960219999, 41.509672523], [-87.4761223309999, 41.6388818130001], [-87.467456253, 41.639181535]]}, "properties": {"FID": 245, "Opername": "BUCKEYE PARTNERS", "Pipename": "Norco pipeline", "Shape_Leng": 3.13665266944, "Shape__Length": 361604.6387366943}}, {"type": "Feature", "id": 246, "geometry": {"type": "LineString", "coordinates": [[-90.3733507439999, 38.754300974], [-90.079987177, 38.8282201230001], [-89.748702824, 39.2016400630001], [-89.150068005, 39.83000643], [-88.7802819519999, 40.20256461], [-88.287927134, 40.7519202880001], [-87.8924968919999, 41.204686259], [-87.7396404, 41.2974083070001], [-87.517802452, 41.464173326], [-87.4837801749999, 41.601364587]]}, "properties": {"FID": 246, "Opername": "BUCKEYE PARTNERS", "Pipename": "Buckeye", "Shape_Leng": 4.13101347434, "Shape__Length": 534689.9037538279}}, {"type": "Feature", "id": 247, "geometry": {"type": "LineString", "coordinates": [[-90.1836780189999, 38.5826884410001], [-90.1733859879999, 38.543524731], [-90.018292418, 38.5634222040001], [-89.8534841919999, 38.803913331], [-89.6903165419999, 39.0723558170001], [-89.102878745, 39.7410555870001], [-88.4138198899999, 40.5696192610001], [-87.885935726, 41.161947324], [-87.713369509, 41.2865484440001], [-87.489921061, 41.4815645100001], [-87.475445657, 41.6363206190001]]}, "properties": {"FID": 247, "Opername": "BUCKEYE PARTNERS", "Pipename": "Buckeye", "Shape_Leng": 4.22855016656, "Shape__Length": 557024.7857458364}}, {"type": "Feature", "id": 248, "geometry": {"type": "LineString", "coordinates": [[-86.0219526069999, 41.668992904], [-86.0123129239999, 41.627577859], [-86.2660815189999, 41.6294106990001], [-87.344933559, 41.499551529], [-87.471336406, 41.5103374780001], [-87.476612614, 41.638725535], [-87.466796062, 41.63894135]]}, "properties": {"FID": 248, "Opername": "BUCKEYE PARTNERS", "Pipename": "Norco pipeline", "Shape_Leng": 1.64811423754, "Shape__Length": 190523.67721739697}}, {"type": "Feature", "id": 249, "geometry": {"type": "LineString", "coordinates": [[-87.742545508, 41.298905295], [-87.7835160059999, 41.452606792], [-87.78592793, 41.524810847], [-87.814846659, 41.559079307], [-87.817258865, 41.6887745490001], [-87.841357903, 41.699570276], [-87.8606379129999, 41.7553208250001], [-87.9443175959999, 41.7446998620001], [-87.944499599, 41.811611742], [-87.951898758, 41.818480547], [-87.953962828, 41.829327612], [-87.959442936, 41.845139315], [-87.964267718, 42.02976936]]}, "properties": {"FID": 249, "Opername": "BUCKEYE PARTNERS", "Pipename": "Buckeye", "Shape_Leng": 0.865095415359, "Shape__Length": 123511.57780622478}}, {"type": "Feature", "id": 250, "geometry": {"type": "LineString", "coordinates": [[-90.166671623, 38.559107522], [-90.0509642499999, 38.8400147880001], [-88.867430956, 39.074900663], [-87.448937567, 39.5464069720001], [-84.122534951, 40.710118541]]}, "properties": {"FID": 250, "Opername": "BUCKEYE PARTNERS", "Pipename": "Buckeye", "Shape_Leng": 6.52931092052, "Shape__Length": 757138.4142824672}}, {"type": "Feature", "id": 251, "geometry": {"type": "LineString", "coordinates": [[-80.464817265, 40.644058734], [-80.193589706, 40.5344782820001], [-80.149230882, 40.5062513890001], [-80.0096989689999, 40.5464115550001], [-79.927534586, 40.5518620400001], [-79.9205745579999, 40.563793982], [-79.8637872899999, 40.5638045900001], [-79.795902761, 40.5642133470001], [-79.763759036, 40.53409429], [-79.569705356, 40.409893184], [-79.3931303089999, 40.3965032950001], [-78.920828833, 40.440103886], [-78.4891034, 40.4215438790001], [-78.455933882, 40.421398196]]}, "properties": {"FID": 251, "Opername": "BUCKEYE PARTNERS", "Pipename": "Laurel Pipeline", "Shape_Leng": 2.10226582372, "Shape__Length": 240675.955033637}}, {"type": "Feature", "id": 252, "geometry": {"type": "LineString", "coordinates": [[-76.778152112, 40.2144161630001], [-76.1564840089999, 40.076322829], [-75.6103048429999, 40.031992544]]}, "properties": {"FID": 252, "Opername": "BUCKEYE PARTNERS", "Pipename": "Buckeye", "Shape_Leng": 1.18479624292, "Shape__Length": 133207.77153839997}}, {"type": "Feature", "id": 253, "geometry": {"type": "LineString", "coordinates": [[-73.897277883, 40.6596706190001], [-73.9061231489999, 40.687760074], [-73.888985673, 40.7091336880001], [-73.940397165, 40.735108095], [-73.888985603, 40.7727955230001]]}, "properties": {"FID": 253, "Opername": "BUCKEYE PARTNERS", "Pipename": "Buckeye", "Shape_Leng": 0.178190878151, "Shape__Length": 22753.694008641978}}, {"type": "Feature", "id": 254, "geometry": {"type": "LineString", "coordinates": [[-75.562966966, 40.6393982060001], [-75.523808988, 40.2271490590001], [-75.538750476, 40.040607013], [-75.527354955, 39.9997160620001], [-75.508636851, 39.9722730500001], [-75.489263608, 39.9581629570001], [-75.4708835289999, 39.954748018], [-75.4227409389999, 39.908913241], [-75.384859842, 39.873470099], [-75.3544225109999, 39.8738822340001], [-75.342197023, 39.868647294], [-75.336644754, 39.8714326730001], [-75.303459688, 39.8714653760001], [-75.2803216089999, 39.870777359], [-75.272824413, 39.8706445820001], [-75.2687586819999, 39.862578468], [-75.262474571, 39.863330907], [-75.259819939, 39.8550591700001], [-75.2554366099999, 39.848477808], [-75.248397855, 39.8453481710001]]}, "properties": {"FID": 254, "Opername": "BUCKEYE PARTNERS", "Pipename": "Buckeye", "Shape_Leng": 0.991365007429, "Shape__Length": 136479.1554060091}}, {"type": "Feature", "id": 255, "geometry": {"type": "LineString", "coordinates": [[-76.0589340229999, 40.28690019], [-75.7587520289999, 40.1324213170001], [-75.562155316, 39.9617649650001], [-75.497837707, 39.8954975440001], [-75.4966663389999, 39.850613841]]}, "properties": {"FID": 255, "Opername": "BUCKEYE PARTNERS", "Pipename": "Laurel Pipeline", "Shape_Leng": 0.73517976887, "Shape__Length": 91886.28864547492}}, {"type": "Feature", "id": 256, "geometry": {"type": "MultiLineString", "coordinates": [[[-87.50897587, 41.605115448], [-88.668829462, 41.1557384650001], [-88.768519963, 41.925583154], [-88.756352986, 42.352621239], [-88.7880988209999, 42.7867450220001], [-89.0742596439999, 43.2140257300001], [-89.9923666009999, 44.452506145], [-91.13701389, 45.439866871], [-91.5901217369999, 45.9561789330001], [-92.0685766349999, 46.6824521880001]], [[-92.0685766349999, 46.6824521880001], [-92.071479632, 46.686859197]], [[-92.067687623, 46.68275018], [-92.0685766349999, 46.6824521880001]], [[-92.0685766349999, 46.6824521880001], [-92.2350652599999, 46.62653347], [-92.5439681669999, 46.7071862400001], [-93.105453389, 47.1080326950001], [-93.612186997, 47.3387992900001], [-94.722746695, 47.410734184], [-95.1608866, 47.6595351830001], [-95.4308000139999, 47.6919003830001]]]}, "properties": {"FID": 256, "Opername": "ENBRIDGE", "Pipename": "Southern Lights", "Shape_Leng": 11.6432401685, "Shape__Length": 1540447.4021989992}}, {"type": "Feature", "id": 257, "geometry": {"type": "LineString", "coordinates": [[-97.3829931779999, 25.966369286], [-97.383993416, 25.976038261], [-97.418334945, 25.9797058020001], [-97.46034497, 25.9993771630001], [-97.522693182, 26.0023778790001], [-97.529694853, 25.997376686], [-97.5697044, 26.002044466], [-97.5777063099999, 26.000710815], [-97.579039962, 25.9930423180001], [-97.592043065, 25.994709383], [-97.603712517, 25.9923754920001], [-97.612381252, 25.9850404090001], [-97.612381252, 25.9850404090001]]}, "properties": {"FID": 257, "Opername": "TRANSMONTAIGNE PARTNERS", "Pipename": "Diamondback Pipeline", "Shape_Leng": 0.254212213608, "Shape__Length": 28748.0028197712}}, {"type": "Feature", "id": 258, "geometry": {"type": "LineString", "coordinates": [[-97.381659527, 25.966702699], [-97.382659765, 25.9763716730001], [-97.4170012929999, 25.980039215], [-97.4590113189999, 25.999710576], [-97.52135953, 26.0027112920001], [-97.5283612009999, 25.997710098], [-97.533028982, 25.9940425570001], [-97.5430313689999, 25.9920420790001], [-97.554367408, 25.9930423180001], [-97.559368601, 25.965035635], [-97.574700887, 25.967359356], [-97.5777063099999, 25.958700789], [-97.581327297, 25.960169405]]}, "properties": {"FID": 258, "Opername": "TRANSMONTAIGNE PARTNERS", "Pipename": "Diamondback Pipeline", "Shape_Leng": 0.246216395444, "Shape__Length": 28178.802891405958}}, {"type": "Feature", "id": 259, "geometry": {"type": "LineString", "coordinates": [[-93.1981963859999, 45.0214225990001], [-92.9572273589999, 45.0300790840001], [-92.69927663, 44.4396442130001], [-92.692111333, 44.2192446980001], [-92.512978882, 43.713844812], [-91.688969607, 42.76384388], [-90.789287262, 42.482588525], [-90.32756298, 42.4103905470001], [-89.3530824469999, 42.0708929620001], [-88.567684566, 41.6326071560001], [-88.1207441, 41.4435603740001], [-87.848378424, 41.4229697970001], [-87.6007486879999, 41.464388075], [-87.5197184799999, 41.5096761], [-87.491503659, 41.570220448], [-87.486974827, 41.667816687]]}, "properties": {"FID": 259, "Opername": "BP PIPELINES (NORTH AMERICA)", "Pipename": "Whiting - Roseville", "Shape_Leng": 7.50785296542, "Shape__Length": 952128.0344900624}}, {"type": "Feature", "id": 260, "geometry": {"type": "LineString", "coordinates": [[-87.476615596, 41.6593593070001], [-87.487397688, 41.658710284], [-87.493287445, 41.612141454], [-87.452924022, 41.535995497], [-87.450494783, 41.511324188], [-87.4187028589999, 41.4150281760001], [-87.273921016, 41.239752546], [-87.273921016, 41.239752546], [-86.852495715, 40.5707779430001], [-86.534721228, 40.17950249], [-86.259476621, 39.9274556030001], [-86.2103303379999, 39.799850195]]}, "properties": {"FID": 260, "Opername": "BP PIPELINES (NORTH AMERICA)", "Pipename": "Whiting - Indianapolis", "Shape_Leng": 2.30212686612, "Shape__Length": 312787.67114155396}}, {"type": "Feature", "id": 261, "geometry": {"type": "LineString", "coordinates": [[-87.476615596, 41.6593593070001], [-87.467331544, 41.63929965], [-87.4428148439999, 41.6290257530001], [-87.404774156, 41.6293873660001], [-87.291629879, 41.591764568], [-87.224074676, 41.595386703], [-86.9306354229999, 41.640835028], [-86.4877525049999, 41.7026505740001], [-86.433452535, 41.7259152170001], [-86.319997458, 41.726065046], [-86.274174616, 41.7461158850001], [-86.12085515, 41.753860408], [-86.063596048, 41.7522866470001], [-85.745042585, 41.8379161770001], [-85.261005368, 41.9839176500001], [-84.713940669, 42.118707429], [-84.543134378, 42.167575347], [-84.2515433409999, 42.1638046040001], [-84.135821348, 42.1725505740001], [-83.862392372, 42.193215632], [-83.59195667, 42.2002472410001], [-83.5429562529999, 42.1837263300001], [-83.123855329, 42.27544534]]}, "properties": {"FID": 261, "Opername": "BP PIPELINES (NORTH AMERICA)", "Pipename": "Whiting - River Rogue", "Shape_Leng": 4.46073026069, "Shape__Length": 505517.296311874}}, {"type": "Feature", "id": 262, "geometry": {"type": "LineString", "coordinates": [[-90.088353666, 38.8450266990001], [-90.3146970669999, 38.9028418780001], [-90.569028642, 38.850200912], [-90.757758654, 38.924120152], [-90.922794578, 39.0999244770001], [-91.12736167, 39.2264186740001], [-91.2034628119999, 39.273391577], [-91.4453377249999, 39.392270131], [-91.625884107, 39.513006719], [-91.6185826189999, 39.5309228630001], [-91.698211091, 39.5945727920001], [-91.8019279649999, 39.658481877], [-91.8713676299999, 39.689699343], [-92.267418546, 39.8955461320001], [-92.348675368, 39.948097311], [-92.4839523949999, 40.0341893040001], [-92.494338753, 40.0350952270001], [-92.5071295389999, 40.0254067590001], [-92.740621515, 40.034064657], [-92.9597217789999, 40.032885497], [-93.038398332, 40.0608683190001], [-93.1137616459999, 40.0658789600001], [-93.168992792, 40.0720237580001], [-93.2174705459999, 40.0990270460001], [-93.2712789399999, 40.15311445], [-93.327166308, 40.2035240000001]]}, "properties": {"FID": 262, "Opername": "BP PIPELINES (NORTH AMERICA)", "Pipename": "Milan-Wood River", "Shape_Leng": 3.67740651145, "Shape__Length": 436877.22276865283}}, {"type": "Feature", "id": 263, "geometry": {"type": "LineString", "coordinates": [[-87.9403890629999, 42.010036637], [-87.940145528, 41.9942751620001], [-87.959728448, 41.993312057], [-87.9601616999999, 41.944517316], [-87.966480894, 41.9375159420001], [-87.966266769, 41.9022013160001], [-87.944499599, 41.811611742], [-87.9370318059999, 41.6996636740001], [-87.9402238749999, 41.6906934360001], [-87.935968832, 41.6542416020001], [-87.990114793, 41.652069999], [-87.981975833, 41.43306963], [-87.963849953, 41.424875441], [-87.862792042, 41.425696519], [-87.8239788509999, 41.4326432440001], [-87.7181819909999, 41.435396107], [-87.6007486879999, 41.464388075], [-87.518017328, 41.513326492], [-87.494120728, 41.6552697010001]]}, "properties": {"FID": 263, "Opername": "BP PIPELINES (NORTH AMERICA)", "Pipename": "White Oak-Chicago OHare", "Shape_Leng": 1.28107759172, "Shape__Length": 170958.5120934648}}, {"type": "Feature", "id": 264, "geometry": {"type": "LineString", "coordinates": [[-107.961499707, 36.667579502], [-107.957196452, 36.6555094230001], [-107.958232987, 36.6365454240001], [-107.972770454, 36.609078362], [-107.987793349, 36.5711779110001], [-107.85900406, 36.4186021790001], [-107.807775607, 36.284709627], [-107.745518063, 36.2607691790001], [-107.618323267, 36.2595971750001], [-107.550872939, 36.2288822410001], [-107.542136151, 36.137560055], [-107.001187973, 35.6168799820001], [-106.836002709, 35.543351305], [-106.789080042, 35.544415573], [-106.484185189, 35.329670392], [-106.428140486, 35.31998271], [-106.315432854, 35.2758614740001], [-106.247618913, 35.2259449750001], [-106.238914337, 35.1646157700001], [-106.209876563, 35.124371437], [-106.132248733, 35.1292389820001], [-106.114842933, 35.058606008], [-106.046270655, 35.052038639], [-105.958060906, 34.953219167], [-103.987730186, 33.5388193200001]]}, "properties": {"FID": 264, "Opername": "ENTERPRISE", "Pipename": "Rocky Mountain", "Shape_Leng": 5.30892325378, "Shape__Length": 645101.2438233111}}, {"type": "Feature", "id": 265, "geometry": {"type": "LineString", "coordinates": [[-107.11209203, 41.7768271890001], [-106.959176383, 41.754861643], [-106.861724523, 41.7398323130001], [-106.698621778, 41.6862993940001], [-106.391080709, 41.6972852110001], [-106.073872993, 41.5223902440001], [-105.983257043, 41.4383385210001], [-105.711785736, 41.330784373], [-105.601709236, 41.2474194110001], [-105.545043028, 41.158534538], [-105.475192284, 41.149624153], [-105.347089915, 41.0999229600001], [-105.271251884, 41.000850233], [-104.94532456, 40.6639018180001], [-104.918655072, 39.9996621970001], [-104.887296676, 39.875461687], [-104.910314, 39.83673]]}, "properties": {"FID": 265, "Opername": "SINCLAIR TRANSPORTATION", "Pipename": "Medicine Bow Pipeline", "Shape_Leng": 3.39311382201, "Shape__Length": 432439.4114795366}}, {"type": "Feature", "id": 266, "geometry": {"type": "LineString", "coordinates": [[-93.044868336, 44.7576403420001], [-93.041237603, 44.765374282], [-92.9976688089999, 44.718955114], [-91.9411255699999, 44.654422219], [-90.902735994, 44.6440902840001], [-89.697332711, 44.5846459420001], [-89.617456589, 44.5121967910001], [-89.5344706719999, 44.3743385000001], [-89.394545443, 44.3539095830001], [-89.3498123639999, 44.2997168250001], [-89.338638258, 44.1992747080001], [-89.138178098, 44.0350784240001], [-88.938733962, 43.8925370260001], [-88.684943602, 43.696578903], [-88.56819059, 43.648895645], [-88.357615513, 43.3810370210001], [-88.0602909829999, 43.1877223490001], [-88.0465510769999, 43.1876341460001]]}, "properties": {"FID": 266, "Opername": "KOCH PIPELINE", "Pipename": "Wisconsin pipeline", "Shape_Leng": 5.61764110671, "Shape__Length": 671993.5173625451}}, {"type": "Feature", "id": 267, "geometry": {"type": "LineString", "coordinates": [[-88.684943602, 43.696578903], [-88.775126585, 43.646284816], [-88.800541713, 43.533206797], [-88.7642343859999, 43.4779054420001], [-88.775126585, 43.4304639590001], [-89.2908449449999, 43.035382827], [-89.301787297, 43.0347869130001]]}, "properties": {"FID": 267, "Opername": "KOCH PIPELINE", "Pipename": "Wisconsin pipeline", "Shape_Leng": 0.994604613669, "Shape__Length": 131587.89617831877}}, {"type": "Feature", "id": 268, "geometry": {"type": "LineString", "coordinates": [[-87.482230868, 41.660945514], [-87.557264719, 40.920182251], [-87.546910866, 39.836238355], [-87.4319412139999, 38.503712196], [-87.3938867969999, 38.3566433760001], [-87.434979557, 38.2384445770001], [-87.445819789, 37.9958288600001], [-87.405531713, 37.8957942640001], [-87.274937831, 37.7904924200001], [-87.246840139, 37.6224677450001], [-87.311031228, 37.5056958210001], [-87.284148823, 37.286810121], [-87.2717125949999, 36.6409299040001], [-87.309897427, 36.0903027950001], [-87.2095314539999, 35.808256816], [-87.088938164, 35.0376118130001], [-87.0778342129999, 34.640476391]]}, "properties": {"FID": 268, "Opername": "BP PIPELINES (NORTH AMERICA)", "Pipename": "Whiting - Decatur", "Shape_Leng": 7.16030967966, "Shape__Length": 1008045.5901642765}}, {"type": "Feature", "id": 269, "geometry": {"type": "LineString", "coordinates": [[-101.416440286, 32.270150718], [-100.891159328, 32.2917952330001], [-100.311316935, 32.4820389060001], [-99.986738566, 32.422109145], [-99.809810385, 32.5476607680001], [-99.487506259, 32.990812141], [-98.755008539, 33.629864199], [-98.617781785, 33.8380278010001], [-98.56516642, 33.943196954], [-98.490793592, 33.937296942], [-98.014270571, 34.417641657], [-97.96350613, 34.4984263490001]]}, "properties": {"FID": 269, "Opername": "HOLLY ENERGY PARTNERS", "Pipename": "HEP Product Pipeline (Big Spring - Duncan)", "Shape_Leng": 4.41658957568, "Shape__Length": 528428.307722082}}, {"type": "Feature", "id": 270, "geometry": {"type": "LineString", "coordinates": [[-100.376062773, 31.4944032000001], [-100.299036813, 31.5814512200001], [-100.303976257, 31.659264761], [-99.965624317, 32.312824171], [-99.913650411, 32.409231408], [-99.869305151, 32.421296967], [-99.859426263, 32.465066372], [-99.766799691, 32.54360769]]}, "properties": {"FID": 270, "Opername": "DELEK LOGISTICS", "Pipename": "San Angelo Product Pipeline", "Shape_Leng": 1.2519493675, "Shape__Length": 157756.553416212}}, {"type": "Feature", "id": 271, "geometry": {"type": "LineString", "coordinates": [[-87.767475, 41.4661100000001], [-87.800533668, 41.4828679070001], [-87.8460820019999, 41.6468753190001], [-87.703743456, 41.653965805]]}, "properties": {"FID": 271, "Opername": "ENTERPRISE", "Pipename": "TEPPCO", "Shape_Leng": 0.349793350514, "Shape__Length": 45246.040882441746}}, {"type": "Feature", "id": 272, "geometry": {"type": "LineString", "coordinates": [[-87.8460820019999, 41.6468753190001], [-87.810022905, 41.6589286810001], [-87.81640706, 41.7692235900001], [-87.8352545989999, 41.7695509110001], [-87.836507548, 41.763531437]]}, "properties": {"FID": 272, "Opername": "ENTERPRISE", "Pipename": "TEPPCO", "Shape_Leng": 0.173498677028, "Shape__Length": 23868.582622476686}}, {"type": "Feature", "id": 273, "geometry": {"type": "LineString", "coordinates": [[-87.767475, 41.4661100000001], [-87.982863773, 41.4482932760001], [-88.182692311, 41.414340737], [-88.303901754, 41.4125098710001]]}, "properties": {"FID": 273, "Opername": "ENTERPRISE", "Pipename": "TEPPCO", "Shape_Leng": 0.540040102413, "Shape__Length": 60427.151715807195}}, {"type": "Feature", "id": 274, "geometry": {"type": "LineString", "coordinates": [[-87.982863773, 41.4482932760001], [-87.987009832, 41.628231966], [-88.0465497229999, 41.655625043]]}, "properties": {"FID": 274, "Opername": "ENTERPRISE", "Pipename": "TEPPCO", "Shape_Leng": 0.245525592563, "Shape__Length": 34547.95378637475}}, {"type": "Feature", "id": 275, "geometry": {"type": "LineString", "coordinates": [[-87.566505018, 41.3320140530001], [-87.491038306, 41.4569225720001], [-87.4881086199999, 41.500820994], [-87.448069569, 41.504477853]]}, "properties": {"FID": 275, "Opername": "ENTERPRISE", "Pipename": "TEPPCO", "Shape_Leng": 0.230137932539, "Shape__Length": 31371.223731618178}}, {"type": "Feature", "id": 276, "geometry": {"type": "LineString", "coordinates": [[-92.673773721, 33.1997313540001], [-93.714469618, 32.731958111], [-93.67382, 32.552646], [-93.792592094, 32.467560866]]}, "properties": {"FID": 276, "Opername": "ENTERPRISE", "Pipename": "TEPPCO", "Shape_Leng": 1.47095635978, "Shape__Length": 172909.18899621363}}, {"type": "Feature", "id": 277, "geometry": {"type": "LineString", "coordinates": [[-75.4131001229999, 39.8126121650001], [-75.426419121, 39.808887714], [-75.413617119, 39.7872690990001], [-75.3946209979999, 39.7835996840001], [-75.362885111, 39.794712293], [-75.34232389, 39.799342712], [-75.327341308, 39.801453418], [-75.295797856, 39.826188271], [-75.262053368, 39.8301988790001], [-75.249198325, 39.8351346910001], [-75.247591444, 39.841303958], [-75.250272208, 39.8439235930001], [-75.249926215, 39.857290687], [-75.219657884, 39.8700588530001], [-75.220386203, 39.873424519], [-75.212988694, 39.876079229], [-75.206004747, 39.8933395970001], [-75.2008359439999, 39.894313448], [-75.198840436, 39.9053098420001]]}, "properties": {"FID": 277, "Opername": "SUNOCO", "Pipename": "IRPL", "Shape_Leng": 0.318675446228, "Shape__Length": 38989.55346247642}}, {"type": "Feature", "id": 278, "geometry": {"type": "LineString", "coordinates": [[-75.152503817, 39.870449928], [-75.164772028, 39.8647488770001], [-75.1659264579999, 39.850743037], [-75.171367575, 39.8475540360001], [-75.182306792, 39.8278353050001], [-75.180609879, 39.822622379], [-75.198427462, 39.828704088], [-75.2066292059999, 39.8404315780001], [-75.216866355, 39.86356003], [-75.218132697, 39.872109428], [-75.2124683869999, 39.8809830100001], [-75.210291673, 39.891643679], [-75.215861376, 39.8990477780001], [-75.219782325, 39.9001206020001]]}, "properties": {"FID": 278, "Opername": "SUNOCO", "Pipename": "Philadelphia - Reading/Fullerton", "Shape_Leng": 0.163731718406, "Shape__Length": 21872.59086827759}}, {"type": "Feature", "id": 279, "geometry": {"type": "LineString", "coordinates": [[-75.497174436, 39.8508354350001], [-75.4939053269999, 39.8452087960001], [-75.4229534139999, 39.8653151680001], [-75.389738482, 39.8823092180001], [-75.35201288, 39.88514115], [-75.348100986, 39.8732095990001], [-75.33645633, 39.87248756], [-75.3033333769999, 39.872840667], [-75.271437739, 39.872195686], [-75.268600138, 39.8637393980001], [-75.262859374, 39.86485794], [-75.260107971, 39.861814144], [-75.236644042, 39.865242534]]}, "properties": {"FID": 279, "Opername": "BUCKEYE PARTNERS", "Pipename": "Laurel Pipeline", "Shape_Leng": 0.287229819581, "Shape__Length": 33422.73950717544}}, {"type": "Feature", "id": 280, "geometry": {"type": "LineString", "coordinates": [[-75.1521104409999, 39.8704562030001], [-75.2103611699999, 39.842096412], [-75.219272297, 39.8708348870001], [-75.2140920689999, 39.8761899250001], [-75.209547075, 39.889553086], [-75.2157660299999, 39.897954546], [-75.220571359, 39.8987069880001]]}, "properties": {"FID": 280, "Opername": "BUCKEYE PARTNERS", "Pipename": "Laurel Pipeline", "Shape_Leng": 0.131758013995, "Shape__Length": 16881.20064048081}}, {"type": "Feature", "id": 281, "geometry": {"type": "LineString", "coordinates": [[-75.2192153729999, 39.8709467250001], [-75.236970124, 39.863565253], [-75.237492322, 39.8651685360001]]}, "properties": {"FID": 281, "Opername": "BUCKEYE PARTNERS", "Pipename": "Laurel Pipeline", "Shape_Leng": 0.0209142157586, "Shape__Length": 2487.453980323803}}, {"type": "Feature", "id": 282, "geometry": {"type": "LineString", "coordinates": [[-75.219028108, 39.872995476], [-75.2290929929999, 39.882398535], [-75.223112409, 39.8963887950001], [-75.216349894, 39.9164626080001], [-75.1923449509999, 39.9213236960001]]}, "properties": {"FID": 282, "Opername": "SUNOCO", "Pipename": "Fort Mifflin", "Shape_Leng": 0.0746633053306, "Shape__Length": 9673.87672994644}}, {"type": "Feature", "id": 283, "geometry": {"type": "LineString", "coordinates": [[-106.256861189, 42.8437962200001], [-106.480705059, 42.858049371], [-106.743689528, 42.722894711], [-107.020789794, 42.4883477110001], [-107.242470007, 42.098901528], [-107.11209203, 41.7768271890001]]}, "properties": {"FID": 283, "Opername": "SINCLAIR TRANSPORTATION", "Pipename": "Casper", "Shape_Leng": 1.67859860336, "Shape__Length": 221690.11148086053}}, {"type": "Feature", "id": 284, "geometry": {"type": "LineString", "coordinates": [[-108.569708311, 45.8441052600001], [-108.659625932, 45.823514206], [-108.721876592, 45.7612566550001], [-108.718118115, 45.682253464], [-108.750172347, 45.671255118]]}, "properties": {"FID": 284, "Opername": "PHILLIPS 66 PIPELINE", "Pipename": "Alkai Creek", "Shape_Leng": 0.293266909037, "Shape__Length": 39232.503716470834}}, {"type": "Feature", "id": 285, "geometry": {"type": "LineString", "coordinates": [[-87.928807693, 37.906073849], [-87.6044819159999, 38.339325989], [-87.4519869219999, 38.5352895120001], [-87.358368261, 38.629903384], [-87.231706687, 38.8616730470001], [-87.075085669, 39.0490818910001], [-86.7494183859999, 39.4020479240001], [-86.475086042, 39.7580541290001], [-86.3927078419999, 39.882172156], [-86.335156022, 39.953161107], [-86.283130011, 39.987941526], [-86.222189, 40.044519]]}, "properties": {"FID": 285, "Opername": "COUNTRYMARK REFINING & LOGISTICS", "Pipename": "MTV to Jolietville", "Shape_Leng": 2.74675531545, "Shape__Length": 361573.44228615076}}, {"type": "Feature", "id": 286, "geometry": {"type": "LineString", "coordinates": [[-86.222189, 40.044519], [-86.185840475, 40.0959592720001], [-86.1825146619999, 40.6796438640001], [-86.1076669999999, 40.7475170000001]]}, "properties": {"FID": 286, "Opername": "COUNTRYMARK REFINING & LOGISTICS", "Pipename": "Jolietville to Peru", "Shape_Leng": 0.747719982401, "Shape__Length": 106806.12860033185}}, {"type": "Feature", "id": 287, "geometry": {"type": "LineString", "coordinates": [[-97.67768, 38.3416280000001], [-97.2671156819999, 38.788442021], [-96.615025795, 39.7906810690001], [-96.119070107, 40.5904842310001], [-95.988947734, 40.817348404], [-95.924298821, 40.8722700800001], [-95.8265392759999, 41.065312105], [-95.833648, 41.2179530000001]]}, "properties": {"FID": 287, "Opername": "CHS ENERGY", "Pipename": "McPherson Refinery Pipeline", "Shape_Leng": 3.45914716538, "Shape__Length": 468895.51271612855}}, {"type": "Feature", "id": 288, "geometry": {"type": "LineString", "coordinates": [[-94.745518389, 38.883540252], [-94.586084334, 38.867769077], [-94.1433055809999, 39.144655368], [-94.12501157, 39.193349674], [-94.040731438, 39.198372324], [-93.4964889999999, 39.3585150000001], [-92.945477758, 39.707900325], [-92.858479686, 39.8240091000001], [-92.4583381419999, 40.063966075], [-92.349432266, 40.135788545], [-92.0091255139999, 40.366755078], [-91.791807765, 40.4288368730001], [-91.4519150789999, 40.5763351530001], [-91.429537625, 40.5831558090001]]}, "properties": {"FID": 288, "Opername": "SINCLAIR TRANSPORTATION", "Pipename": "Olathe-Carrollton-Gibbs-FtMadison", "Shape_Leng": 3.81196663709, "Shape__Length": 456816.6804256835}}, {"type": "Feature", "id": 289, "geometry": {"type": "LineString", "coordinates": [[-104.813349, 39.76032], [-104.795616148, 39.758707514], [-104.791226902, 39.882685759], [-104.887296676, 39.875461687]]}, "properties": {"FID": 289, "Opername": "SINCLAIR TRANSPORTATION", "Pipename": "Chase", "Shape_Leng": 0.238202934292, "Shape__Length": 30709.16610349647}}, {"type": "Feature", "id": 290, "geometry": {"type": "LineString", "coordinates": [[-70.282723, 43.6342670000001], [-70.3100292459999, 43.632716687], [-70.3311903589999, 43.64722478], [-70.339209307, 43.657056052], [-70.3068058119999, 43.806075745], [-70.258450948, 43.96405947], [-70.243278371, 44.061314576], [-70.015938171, 44.139790706], [-69.8011036949999, 44.288662415], [-69.708020549, 44.3090714900001], [-69.632861098, 44.3845324810001], [-69.4969770719999, 44.4114868630001], [-68.787081131, 44.7815434930001], [-68.7803861479999, 44.780892528]]}, "properties": {"FID": 290, "Opername": "BUCKEYE PARTNERS", "Pipename": "Portland - Bangor", "Shape_Leng": 2.13134008803, "Shape__Length": 272417.83313066966}}, {"type": "Feature", "id": 291, "geometry": {"type": "LineString", "coordinates": [[-90.4232019999999, 30.002368], [-90.313354478, 30.066334439], [-90.051396515, 30.3516513380001], [-89.95072672, 30.451549798], [-89.926331277, 30.6695145580001], [-89.9193350629999, 30.7320232870001], [-89.862944972, 31.006068434], [-89.7451578929999, 31.2769253380001], [-89.53388201, 31.6333723340001]]}, "properties": {"FID": 291, "Opername": "KINDER MORGAN", "Pipename": "Parkway Pipeline", "Shape_Leng": 1.92800143004, "Shape__Length": 240978.29325992672}}, {"type": "Feature", "id": 292, "geometry": {"type": "LineString", "coordinates": [[-89.9743929999999, 29.9351510000001], [-89.943359, 29.9305200000001], [-89.869203871, 30.0202780550001], [-89.925233937, 30.093021654], [-89.6590911229999, 31.14475228], [-89.5819783439999, 31.434106097], [-89.523919, 31.6260500000001]]}, "properties": {"FID": 292, "Opername": "COLLINS PIPELINE CO", "Pipename": "Collins Pipeline", "Shape_Leng": 1.82449383332, "Shape__Length": 232718.33052782502}}, {"type": "Feature", "id": 293, "geometry": {"type": "LineString", "coordinates": [[-90.413753872, 30.0078698360001], [-90.404949899, 30.0279106250001], [-90.4498697289999, 30.097259061], [-90.483863114, 30.1109128730001], [-90.5861331149999, 30.0968967470001], [-90.597773074, 30.0753738230001], [-90.623709, 30.075723], [-90.6966252829999, 30.0738856880001], [-90.783742272, 30.1297976480001], [-90.8461597149999, 30.1518719420001], [-91.120025034, 30.2945303270001], [-91.168587012, 30.378355522], [-91.2025803969999, 30.39301755], [-91.1965101489999, 30.410818482], [-91.232931633, 30.4286161700001], [-91.221193, 30.441154], [-91.224433287, 30.4914055780001], [-91.1965101489999, 30.552063515], [-91.1880118029999, 30.555199965], [-91.19408205, 30.587604008], [-91.2256473369999, 30.603279496], [-91.2707860199999, 30.7142425020001]]}, "properties": {"FID": 293, "Opername": "SHELL MIDSTREAM PARTNERS", "Pipename": "Bengal Pipeline", "Shape_Leng": 1.37084732382, "Shape__Length": 162855.4963349842}}, {"type": "Feature", "id": 294, "geometry": {"type": "LineString", "coordinates": [[-90.892547, 30.1077740000001], [-90.886927536, 30.156062035], [-90.9014961299999, 30.256785586], [-91.054466362, 30.497682292], [-91.095744044, 30.582378282], [-91.137021726, 30.621041984], [-91.2707860199999, 30.7142425020001]]}, "properties": {"FID": 294, "Opername": "SHELL MIDSTREAM PARTNERS", "Pipename": "Bengal Pipeline", "Shape_Leng": 0.749554846672, "Shape__Length": 92590.72671931807}}, {"type": "Feature", "id": 295, "geometry": {"type": "LineString", "coordinates": [[-95.349794, 29.793597], [-95.366583261, 29.944566275], [-94.624444, 30.139444], [-94.135894912, 30.061189866], [-94.071388, 30.0658330000001], [-94.054826131, 30.106233543], [-94.024118916, 30.136588552], [-93.9056768, 30.666285429], [-93.9758647209999, 31.290610098], [-94.147545, 31.796255], [-94.068429, 32.479449]]}, "properties": {"FID": 295, "Opername": "SUNOCO", "Pipename": "Mag-Tex", "Shape_Leng": 3.95828120843, "Shape__Length": 489091.00265007134}}, {"type": "Feature", "id": 296, "geometry": {"type": "LineString", "coordinates": [[-93.969723583, 29.873451141], [-94.004190837, 29.894441348], [-94.0599759999999, 29.982982], [-94.0595846369999, 30.0128285750001], [-94.069842748, 30.02988177], [-94.071388, 30.0658330000001]]}, "properties": {"FID": 296, "Opername": "SUNOCO", "Pipename": "Mag-Tex", "Shape_Leng": 0.230739086517, "Shape__Length": 28582.994619415844}}, {"type": "Feature", "id": 297, "geometry": {"type": "LineString", "coordinates": [[-95.2553810159999, 29.813780953], [-95.634164448, 29.931688179], [-96.226620586, 30.569312734], [-96.362594126, 30.66961096], [-97.092949393, 31.5900798290001], [-96.895997413, 32.7445029960001], [-96.932694901, 32.837405904], [-96.932694901, 32.837405904], [-96.932694901, 32.837405904], [-96.934970869, 32.8460618720001], [-96.906684922, 32.842788768], [-96.900354589, 32.836909169], [-96.876289555, 32.838192887], [-96.859049088, 32.8424705300001]]}, "properties": {"FID": 297, "Opername": "EXXONMOBIL", "Pipename": "Baytown - Irving", "Shape_Leng": 3.97000056193, "Shape__Length": 491250.3302284007}}, {"type": "Feature", "id": 298, "geometry": {"type": "LineString", "coordinates": [[-97.350086, 32.816743], [-97.3246149999999, 32.8305750000001], [-97.304359355, 32.83980288], [-97.1267325319999, 32.840349546], [-97.1143702259999, 32.822307788], [-97.1143702259999, 32.822307788], [-97.1082200819999, 32.8126255330001], [-97.097175, 32.810913]]}, "properties": {"FID": 298, "Opername": "EXPLORER PIPELINE", "Pipename": "Arlington - Fort Worth", "Shape_Leng": 0.273388929632, "Shape__Length": 31176.489263683696}}, {"type": "Feature", "id": 299, "geometry": {"type": "LineString", "coordinates": [[-97.097175, 32.810913], [-97.097175, 32.810913], [-97.072808799, 32.8402859990001], [-97.0028321729999, 32.8391849930001], [-96.950415225, 32.8411667930001], [-96.90376414, 32.8319180120001], [-96.906817251, 32.812507634], [-96.899292397, 32.796466142], [-96.881848957, 32.7939406780001], [-96.884764186, 32.7789616580001]]}, "properties": {"FID": 299, "Opername": "EXPLORER PIPELINE", "Pipename": "Arlington - Irving", "Shape_Leng": 0.278415779903, "Shape__Length": 32568.54658448184}}, {"type": "Feature", "id": 300, "geometry": {"type": "LineString", "coordinates": [[-97.09879366, 31.564808896], [-97.038213613, 31.677871446], [-97.096920595, 32.1796773190001], [-97.205947848, 32.4667064660001], [-97.201754491, 32.632836411], [-97.3149751, 32.7069652220001], [-97.272286765, 32.7790992820001], [-97.202225106, 32.807600419], [-97.12826591, 32.802113572], [-97.096920595, 32.812756757]]}, "properties": {"FID": 300, "Opername": "KOCH PIPELINE", "Pipename": "Texas Pipeline", "Shape_Leng": 1.50876979647, "Shape__Length": 191369.0012997743}}, {"type": "Feature", "id": 301, "geometry": {"type": "LineString", "coordinates": [[-97.095357259, 32.813758325], [-97.087473732, 32.8195555390001], [-97.0710497159999, 32.822039944], [-97.0667794729999, 32.8363929220001], [-97.062749561, 32.8644434760001], [-97.0830300389999, 32.903501152], [-97.106846903, 32.9268219920001], [-97.117365439, 32.920256846]]}, "properties": {"FID": 301, "Opername": "KOCH PIPELINE", "Pipename": "Texas Pipeline", "Shape_Leng": 0.159451289908, "Shape__Length": 19908.523344446672}}, {"type": "Feature", "id": 302, "geometry": {"type": "LineString", "coordinates": [[-97.092113517, 31.579728593], [-97.065835092, 31.4363423290001], [-97.128903309, 31.108421127], [-97.312852278, 30.431051373], [-97.4284773429999, 30.108774092], [-97.423221659, 29.917634305], [-97.38117618, 29.515960557], [-97.4389887139999, 29.3099398520001], [-97.4968012459999, 28.670941269], [-97.557220031, 28.269836848], [-97.573016391, 27.992033284], [-97.565811041, 27.850802526], [-97.541126062, 27.8404223580001]]}, "properties": {"FID": 302, "Opername": "KOCH PIPELINE", "Pipename": "Texas Pipeline", "Shape_Leng": 3.82674130062, "Shape__Length": 487995.80734496325}}, {"type": "Feature", "id": 303, "geometry": {"type": "LineString", "coordinates": [[-97.087764803, 31.560667009], [-96.979246659, 31.519047653], [-97.049783452, 31.24111193], [-97.386189697, 30.822671674], [-97.63035552, 30.3228110420001], [-97.679188685, 30.0366947590001], [-97.728021849, 29.9756118970001], [-97.74429957, 29.7450390750001], [-97.9615254559999, 29.699059393], [-98.082736443, 29.6096873110001], [-98.358700686, 29.4637164860001], [-98.392856356, 29.4266683550001]]}, "properties": {"FID": 303, "Opername": "KOCH PIPELINE", "Pipename": "Texas Pipeline", "Shape_Leng": 2.83100094928, "Shape__Length": 347507.33867911383}}, {"type": "Feature", "id": 304, "geometry": {"type": "LineString", "coordinates": [[-97.454120931, 27.8058081940001], [-97.2227433309999, 28.3547198540001], [-97.166184362, 28.381865433], [-97.135334015, 28.5355590360001], [-96.986224006, 28.810741842], [-97.659789909, 29.6989398790001], [-97.680356807, 30.0467066300001], [-97.687076747, 30.203383826]]}, "properties": {"FID": 304, "Opername": "CITGO PRODUCTS", "Pipename": "Casa Pipeline", "Shape_Leng": 2.74807337084, "Shape__Length": 340256.3056348143}}, {"type": "Feature", "id": 305, "geometry": {"type": "LineString", "coordinates": [[-98.397937376, 29.4335662020001], [-98.35847455, 29.443935315], [-97.9682933779999, 29.5514436], [-97.660259617, 29.6989398790001]]}, "properties": {"FID": 305, "Opername": "CITGO PRODUCTS", "Pipename": "Casa Pipeline", "Shape_Leng": 0.787049640159, "Shape__Length": 89296.0651403323}}, {"type": "Feature", "id": 306, "geometry": {"type": "LineString", "coordinates": [[-95.0140564069999, 29.7405343230001], [-95.193622209, 29.5677673810001], [-95.395633737, 29.656974452], [-95.681015101, 29.537084227], [-95.8477547749999, 29.520344037], [-96.655800885, 29.682049711], [-97.386890222, 29.6709059230001], [-97.659445459, 29.7015483660001], [-98.0281966589999, 29.6291057230001], [-98.355262942, 29.467315162]]}, "properties": {"FID": 306, "Opername": "EXXONMOBIL", "Pipename": "Baytown - San Antonio", "Shape_Leng": 3.51734357677, "Shape__Length": 397273.3582347049}}, {"type": "Feature", "id": 307, "geometry": {"type": "LineString", "coordinates": [[-97.540160038, 27.8411798220001], [-97.477674291, 27.868802676], [-97.506826243, 27.936559663], [-97.6185576519999, 28.1154036300001], [-97.727062637, 28.319103945], [-97.78849825, 28.374741344], [-97.876342764, 28.566271634], [-97.9531674949999, 28.671917572], [-98.284895224, 29.33379254], [-98.318831098, 29.343924526], [-98.32367105, 29.395371638], [-98.392878776, 29.4266636400001]]}, "properties": {"FID": 307, "Opername": "KOCH PIPELINE", "Pipename": "Texas Pipeline", "Shape_Leng": 1.91137560017, "Shape__Length": 234200.27270587263}}, {"type": "Feature", "id": 308, "geometry": {"type": "LineString", "coordinates": [[-98.393235556, 29.4265809980001], [-98.388309491, 29.428055859], [-98.3883608039999, 29.433240045], [-98.3872832279999, 29.4352510800001], [-98.388104239, 29.437932399], [-98.3907725239999, 29.4391836570001], [-98.402266674, 29.4485676], [-98.403754755, 29.456431568], [-98.4060125349999, 29.4616143060001]]}, "properties": {"FID": 308, "Opername": "KOCH PIPELINE", "Pipename": "SWPL to Star", "Shape_Leng": 0.046854343503, "Shape__Length": 5699.671281373299}}, {"type": "Feature", "id": 309, "geometry": {"type": "LineString", "coordinates": [[-97.296914628, 28.277932476], [-97.4649241289999, 28.395319828], [-97.680853868, 28.5277960080001], [-97.785446719, 28.602005992], [-97.8365797339999, 28.580299697], [-97.8488633699999, 28.567860986]]}, "properties": {"FID": 309, "Opername": "FRIO LASALLE PIPELINE", "Pipename": "Refugio Pipeline", "Shape_Leng": 0.659561288049, "Shape__Length": 76568.09342714078}}, {"type": "Feature", "id": 310, "geometry": {"type": "LineString", "coordinates": [[-106.475662458, 43.511935034], [-106.431331116, 43.5150462890001], [-106.378419515, 43.5502959670001], [-106.364119081, 43.581381513], [-106.269736225, 43.606238401], [-106.213964536, 43.63004995], [-106.169633194, 43.672473236], [-106.165343064, 43.773753814], [-106.133882112, 43.819171028], [-106.113861506, 43.8305199370001], [-106.10242116, 43.8686777080001], [-106.036639169, 43.89959852], [-106.013758476, 43.928443464], [-106.00231813, 43.992264654], [-105.996597956, 44.0097520360001], [-105.877904363, 43.9891781100001], [-105.697718909, 44.004609224], [-105.474632156, 44.0282624700001]]}, "properties": {"FID": 310, "Opername": "BELLE FOURCHE PIPELINE", "Pipename": "Diesel Pipeline", "Shape_Leng": 1.29969695454, "Shape__Length": 162362.55480377743}}, {"type": "Feature", "id": 311, "geometry": {"type": "LineString", "coordinates": [[-104.213903, 43.8485210000001], [-104.163282461, 43.514009222], [-104.054599171, 43.302074916]]}, "properties": {"FID": 311, "Opername": "WYOMING REFINING", "Pipename": "Products Pipeline", "Shape_Leng": 0.576497057044, "Shape__Length": 86453.84565821815}}, {"type": "Feature", "id": 312, "geometry": {"type": "LineString", "coordinates": [[-95.7207412719999, 29.0575154860001], [-95.516902204, 29.0129288100001], [-95.515215278, 29.352933896], [-95.41245875, 29.3680759420001], [-95.201728185, 29.536235634], [-95.1682203619999, 29.704345491], [-95.17732741, 29.7320278180001], [-95.219682, 29.7330180000001]]}, "properties": {"FID": 312, "Opername": "PHILLIPS 66 PIPELINE", "Pipename": "Sweeney - Pasadena", "Shape_Leng": 1.16506032832, "Shape__Length": 140417.9097650086}}, {"type": "Feature", "id": 313, "geometry": {"type": "LineString", "coordinates": [[-95.175718017, 29.820391778], [-95.113566, 29.82338], [-95.0718785669999, 29.8477571180001], [-94.776133296, 29.88879107], [-94.695953468, 29.913859062], [-94.630232297, 29.910441071], [-94.4396409, 29.9001863940001], [-94.148785563, 29.9061525220001], [-94.090360424, 29.9125703830001], [-94.00210895, 29.897759146]]}, "properties": {"FID": 313, "Opername": "EXPLORER PIPELINE", "Pipename": "Port Arthur - Houston", "Shape_Leng": 1.188956952, "Shape__Length": 132891.10428777218}}, {"type": "Feature", "id": 314, "geometry": {"type": "LineString", "coordinates": [[-95.286209634, 29.7891813690001], [-95.243731824, 29.8022135110001], [-95.233005104, 29.8033304790001], [-95.158776204, 29.8156162410001], [-95.15663086, 29.7761475340001], [-95.1907831889999, 29.764803704], [-95.207690046, 29.7537998980001], [-95.2115516649999, 29.7396437580001]]}, "properties": {"FID": 314, "Opername": "EXPLORER PIPELINE", "Pipename": "Galena Park", "Shape_Leng": 0.24081520565, "Shape__Length": 27986.931670178037}}, {"type": "Feature", "id": 315, "geometry": {"type": "LineString", "coordinates": [[-95.228714417, 29.7150520560001], [-95.202541221, 29.7172879130001], [-95.198679601, 29.726603443]]}, "properties": {"FID": 315, "Opername": "EXPLORER PIPELINE", "Pipename": "Allendale - North Pasedena", "Shape_Leng": 0.0363527278276, "Shape__Length": 4196.760694052247}}, {"type": "Feature", "id": 316, "geometry": {"type": "LineString", "coordinates": [[-95.198679601, 29.7277212490001], [-95.2029702889999, 29.7277212490001], [-95.203828426, 29.73331009], [-95.219274903, 29.732564928], [-95.2282853469999, 29.73331009]]}, "properties": {"FID": 316, "Opername": "EXPLORER PIPELINE", "Pipename": "North Pasedena - Washburn", "Shape_Leng": 0.0344506707215, "Shape__Length": 3930.155597581777}}, {"type": "Feature", "id": 317, "geometry": {"type": "LineString", "coordinates": [[-94.002328612, 29.8977165530001], [-93.969576092, 29.926315319], [-93.949346594, 29.948853926], [-93.9375460529999, 29.982444012]]}, "properties": {"FID": 317, "Opername": "EXPLORER PIPELINE", "Pipename": "Port Neches - Port Arthur", "Shape_Leng": 0.109369510156, "Shape__Length": 13354.888764948688}}, {"type": "Feature", "id": 318, "geometry": {"type": "LineString", "coordinates": [[-95.725365755, 29.053787012], [-95.559034384, 28.9857781390001], [-95.3365348149999, 28.9309135310001]]}, "properties": {"FID": 318, "Opername": "PHILLIPS 66 PIPELINE", "Pipename": "Freeport - Sweeney", "Shape_Leng": 0.408861987456, "Shape__Length": 46173.34928133614}}, {"type": "Feature", "id": 319, "geometry": {"type": "LineString", "coordinates": [[-76.0571709399999, 40.2849531800001], [-75.850275876, 40.4740669120001], [-75.469602139, 40.5244112660001], [-75.1220381159999, 40.518124394], [-74.799299673, 40.474077338], [-74.509661863, 40.536995459], [-74.310562005, 40.5591362920001], [-74.211469268, 40.618124628], [-74.125942967, 40.604880216], [-73.8970838769999, 40.6589816330001], [-73.821049736, 40.6629396120001], [-73.8216557539999, 40.6488858610001], [-73.7730283989999, 40.625395282], [-73.745884647, 40.635002091]]}, "properties": {"FID": 319, "Opername": "BUCKEYE PARTNERS", "Pipename": "Buckeye", "Shape_Leng": 2.44439758492, "Shape__Length": 280837.2565928097}}, {"type": "Feature", "id": 320, "geometry": {"type": "LineString", "coordinates": [[-81.235897617, 41.28820275], [-80.8227285729999, 41.208322573], [-80.846338233, 41.0349139400001], [-80.83748461, 40.9859209890001], [-80.743045972, 40.8989803320001], [-80.5541686939999, 40.6867230820001], [-80.4656324709999, 40.6419509020001], [-80.1911701769999, 40.529888994], [-80.158555559, 40.501247908], [-80.092727098, 40.498849707]]}, "properties": {"FID": 320, "Opername": "BUCKEYE PARTNERS", "Pipename": "Buckeye", "Shape_Leng": 1.56305398844, "Shape__Length": 194166.7831134515}}, {"type": "Feature", "id": 321, "geometry": {"type": "LineString", "coordinates": [[-80.193357522, 40.53527526], [-80.202221928, 40.5554832170001], [-80.1332765449999, 40.5749369690001], [-79.940229474, 40.5764331770001], [-79.907726651, 40.5824176750001], [-79.8624091139999, 40.5994933060001], [-79.861809174, 40.5714815070001]]}, "properties": {"FID": 321, "Opername": "BUCKEYE PARTNERS", "Pipename": "Buckeye", "Shape_Leng": 0.396252189808, "Shape__Length": 46259.96249235787}}, {"type": "Feature", "id": 322, "geometry": {"type": "LineString", "coordinates": [[-79.570879211, 40.410899806], [-79.5807285509999, 40.287796701]]}, "properties": {"FID": 322, "Opername": "BUCKEYE PARTNERS", "Pipename": "Laurel Pipeline", "Shape_Leng": 0.123496493712, "Shape__Length": 18014.742920835382}}, {"type": "Feature", "id": 323, "geometry": {"type": "LineString", "coordinates": [[-78.455933882, 40.421398196], [-78.428355729, 40.4693699760001], [-78.4007775749999, 40.5083218350001]]}, "properties": {"FID": 323, "Opername": "BUCKEYE PARTNERS", "Pipename": "Laurel Pipeline", "Shape_Leng": 0.103060274497, "Shape__Length": 14134.685699344243}}, {"type": "Feature", "id": 324, "geometry": {"type": "LineString", "coordinates": [[-88.419718648, 39.058073575], [-88.087416476, 39.1464578220001], [-87.843794702, 39.249438802], [-87.9046590899999, 39.3309410160001], [-87.9218892649999, 39.3421759840001], [-87.9252176529999, 39.355661438]]}, "properties": {"FID": 324, "Opername": "MARATHON PIPE LINE", "Pipename": "Creal Springs - Martinsville", "Shape_Leng": 0.744528782538, "Shape__Length": 88020.9532472294}}, {"type": "Feature", "id": 325, "geometry": {"type": "LineString", "coordinates": [[-104.13345816, 32.71418638], [-103.0495014, 32.6727344120001], [-102.63710484, 31.987263628], [-101.83917996, 31.8987106010001], [-101.73763152, 31.1978966400001], [-99.94827492, 30.6906587870001], [-97.3061578799999, 30.061155656], [-95.8824835199999, 29.813033358], [-95.72433588, 29.0518707360001]]}, "properties": {"FID": 325, "Opername": "PHILLIPS 66 PIPELINE", "Pipename": "Benedum-Sweeney", "Shape_Leng": 10.1941574303, "Shape__Length": 1179360.805708589}}, {"type": "Feature", "id": 326, "geometry": {"type": "LineString", "coordinates": [[-78.455933882, 40.421398196], [-77.359376902, 40.2385105050001], [-77.036710914, 40.2074567770001], [-76.9740687889999, 40.219283917], [-76.788710742, 40.212115005], [-76.297485524, 40.291283461], [-76.0571709399999, 40.2849531800001]]}, "properties": {"FID": 326, "Opername": "BUCKEYE PARTNERS", "Pipename": "Laurel Pipeline", "Shape_Leng": 2.42306792301, "Shape__Length": 271658.81719158054}}, {"type": "Feature", "id": 327, "geometry": {"type": "LineString", "coordinates": [[-97.561863342, 27.8382553010001], [-97.2212999239999, 28.313732659], [-96.6387088929999, 28.837841923], [-95.737915462, 29.271022765], [-95.43926665, 29.617922859], [-95.214267833, 29.725448407]]}, "properties": {"FID": 327, "Opername": "NUSTAR ENERGY", "Pipename": "Central West Refined Products Pipeline System", "Shape_Leng": 3.07516201737, "Shape__Length": 362264.04645822756}}, {"type": "Feature", "id": 328, "geometry": {"type": "MultiLineString", "coordinates": [[[-98.147440083, 26.3804251220001], [-98.128164538, 27.449378032], [-97.684333481, 27.7712069530001], [-97.593159226, 27.824165663], [-97.561863342, 27.8382553010001], [-97.5261543679999, 27.833743144], [-97.4855251709999, 27.815666697], [-97.4298881029999, 27.8072377170001]], [[-97.389497121, 25.963876746], [-97.417941929, 26.103794737], [-97.478757396, 26.114295758], [-97.52112535, 26.1784851080001], [-97.598847057, 26.199744044], [-97.630444897, 26.271197692], [-97.8432527409999, 26.3024607250001], [-98.00910767, 26.330717904], [-98.0713934669999, 26.377321787], [-98.146113032, 26.3787811780001]]]}, "properties": {"FID": 328, "Opername": "NUSTAR ENERGY", "Pipename": "Valley Pipeline", "Shape_Leng": 2.86982747993, "Shape__Length": 341229.1616335279}}, {"type": "Feature", "id": 329, "geometry": {"type": "MultiLineString", "coordinates": [[[-90.09484573, 38.848494031], [-90.048629277, 38.8669615160001], [-89.922290441, 38.8821849300001], [-89.6941864229999, 38.986821191], [-88.966534108, 38.995362755], [-88.854365908, 39.035943021], [-88.4115697559999, 39.1512456900001], [-88.06506539, 39.27706447], [-88.004299222, 39.27948731], [-87.912401458, 39.3317915160001], [-87.5628094159999, 39.527532039], [-87.071986193, 39.764575192], [-86.794887157, 39.872470764], [-86.6157243439999, 39.9232178990001], [-86.402000978, 39.912175555], [-86.328566735, 39.80801353]], [[-87.7174826409999, 38.997014396], [-87.82916765, 38.9930326690001], [-87.841463247, 39.222014771], [-87.914212197, 39.329093915]]]}, "properties": {"FID": 329, "Opername": "MARATHON PIPE LINE", "Pipename": "Wood River - Clermont", "Shape_Leng": 4.50900064327, "Shape__Length": 530490.5260308762}}]}