{"type": "FeatureCollection", "features": [{"type": "Feature", "id": 1, "geometry": {"type": "LineString", "coordinates": [[-95.387677266, 47.7082521830001], [-96.0272394359999, 48.0064943340001], [-97.421357639, 49.0375453290001], [-101.251331518, 49.755233692]]}, "properties": {"FID": 1, "Opername": "ENBRIDGE", "Pipename": "LSr Project", "Shape_Leng": 6.33628347985, "Shape__Length": 763004.767749845}}, {"type": "Feature", "id": 2, "geometry": {"type": "LineString", "coordinates": [[-78.7883835649999, 42.877859405], [-78.8582002219999, 42.9960552040001], [-79.9054230189999, 43.0279552960001]]}, "properties": {"FID": 2, "Opername": "ENBRIDGE", "Pipename": "Buffalo", "Shape_Leng": 1.18498422906, "Shape__Length": 136258.09481032327}}, {"type": "Feature", "id": 3, "geometry": {"type": "LineString", "coordinates": [[-89.095299912, 38.7553001310001], [-88.463125651, 40.4269117480001], [-88.1289515989999, 41.1442260180001], [-88.015124933, 41.596396054]]}, "properties": {"FID": 3, "Opername": "ENBRIDGE", "Pipename": "Chicap", "Shape_Leng": 3.04476950312, "Shape__Length": 431630.841712943}}, {"type": "Feature", "id": 4, "geometry": {"type": "LineString", "coordinates": [[-97.532672776, 49.000580181], [-96.122771609, 47.9821397690001], [-95.413181121, 47.705615289], [-95.167370283, 47.645747112], [-94.729230811, 47.396946342], [-93.6186709359999, 47.3250115980001], [-93.1119371249999, 47.0942449560001], [-92.550451617, 46.6933983440001], [-92.241548514, 46.612745476], [-92.067687556, 46.6907051490001]]}, "properties": {"FID": 4, "Opername": "ENBRIDGE", "Pipename": "Lakehead", "Shape_Leng": 6.12705926343, "Shape__Length": 758732.3092516937}}, {"type": "Feature", "id": 5, "geometry": {"type": "LineString", "coordinates": [[-92.067687623, 46.68275018], [-88.685570011, 42.930006636], [-88.370843037, 41.5725941110001], [-87.491843021, 41.637515555]]}, "properties": {"FID": 5, "Opername": "ENBRIDGE", "Pipename": "Lakehead", "Shape_Leng": 7.32672604926, "Shape__Length": 1004615.047870976}}, {"type": "Feature", "id": 6, "geometry": {"type": "LineString", "coordinates": [[-92.067687556, 46.6907051490001], [-88.6530153149999, 42.930007178], [-88.3382880519999, 41.5725941000001], [-88.015124933, 41.596396054], [-87.459288343, 41.6375156820001]]}, "properties": {"FID": 6, "Opername": "ENBRIDGE", "Pipename": "Lakehead", "Shape_Leng": 7.35446465229, "Shape__Length": 1007658.2650501298}}, {"type": "Feature", "id": 7, "geometry": {"type": "LineString", "coordinates": [[-82.481875058, 42.867971304], [-82.974803712, 43.1693588480001], [-83.67337416, 43.429808563], [-83.8014535199999, 43.5442526690001], [-83.966819643, 43.55946937], [-84.04545855, 43.8935958920001], [-84.260486731, 44.569778952], [-84.7842243709999, 45.9269356620001], [-85.316490581, 46.18461641], [-86.529534476, 45.9527156830001], [-87.09888786, 45.9957170810001], [-88.683190797, 46.1588506370001], [-90.069501986, 46.4836814330001], [-92.067687556, 46.6907051490001]]}, "properties": {"FID": 7, "Opername": "ENBRIDGE", "Pipename": "Lakehead", "Shape_Leng": 11.5914142055, "Shape__Length": 1424696.8473337304}}, {"type": "Feature", "id": 8, "geometry": {"type": "LineString", "coordinates": [[-82.4900139979999, 42.8867029830001], [-83.3207706109999, 42.839268503], [-83.732029696, 42.67715988], [-84.2395231579999, 42.540514527], [-84.975804556, 42.266917103], [-85.652983013, 42.0644790850001], [-86.2463120209999, 41.808163456], [-87.061647259, 41.5385229340001], [-87.50897587, 41.605115448]]}, "properties": {"FID": 8, "Opername": "ENBRIDGE", "Pipename": "Lakehead", "Shape_Leng": 5.24934388015, "Shape__Length": 604328.2945584699}}, {"type": "Feature", "id": 9, "geometry": {"type": "LineString", "coordinates": [[-97.532672776, 49.000580181], [-104.616931551, 50.4106105380001], [-109.168796297, 51.897604868], [-111.35015441, 52.638013097], [-113.529020173, 53.493649593]]}, "properties": {"FID": 9, "Opername": "ENBRIDGE", "Pipename": "Mainline", "Shape_Leng": 16.6562515004, "Shape__Length": 1963894.4941619579}}, {"type": "Feature", "id": 10, "geometry": {"type": "LineString", "coordinates": [[-73.780257072, 45.6161638770001], [-74.1268533859999, 45.7804185480001], [-74.405356663, 45.6334749320001], [-74.535320374, 45.486145547], [-75.488407621, 45.2208558140001], [-79.535928165, 43.7059266110001], [-80.006278788, 43.265876013], [-82.481875058, 42.867971304]]}, "properties": {"FID": 10, "Opername": "ENBRIDGE", "Pipename": "Mainline", "Shape_Leng": 9.3574355896, "Shape__Length": 1103523.0939420837}}, {"type": "Feature", "id": 11, "geometry": {"type": "LineString", "coordinates": [[-96.7681307409999, 35.94708531], [-95.433016432, 36.844827519], [-92.921276575, 37.569580382], [-90.140108246, 38.862748208]]}, "properties": {"FID": 11, "Opername": "ENBRIDGE", "Pipename": "Midcontinent (Ozark)", "Shape_Leng": 7.29019726809, "Shape__Length": 850806.4189106001}}, {"type": "Feature", "id": 12, "geometry": {"type": "LineString", "coordinates": [[-89.070980301, 38.7940356760001], [-88.367492837, 40.313428335], [-88.150880624, 40.998913336], [-88.015124933, 41.596396054]]}, "properties": {"FID": 12, "Opername": "ENBRIDGE", "Pipename": "Mustang", "Shape_Leng": 3.0059569368, "Shape__Length": 426189.0104906785}}, {"type": "Feature", "id": 13, "geometry": {"type": "LineString", "coordinates": [[-79.8137845639999, 42.852269091], [-79.9054230189999, 43.0279552960001], [-80.006278788, 43.265876013]]}, "properties": {"FID": 13, "Opername": "ENBRIDGE", "Pipename": "Nanticoke", "Shape_Leng": 0.456564255666, "Shape__Length": 66594.11962173428}}, {"type": "Feature", "id": 14, "geometry": {"type": "LineString", "coordinates": [[-101.261256319, 48.239298606], [-101.25620018, 48.3773205100001], [-101.200331478, 48.540262445], [-101.206610272, 48.7196611210001], [-101.3170048, 48.8246678410001], [-101.346355197, 48.8365768840001], [-101.342841697, 48.8658020390001], [-101.40846236, 48.9384724180001], [-101.654784457, 48.963654327]]}, "properties": {"FID": 14, "Opername": "ENBRIDGE", "Pipename": "North Dakota System", "Shape_Leng": 1.04886567284, "Shape__Length": 153819.11309025605}}, {"type": "Feature", "id": 15, "geometry": {"type": "LineString", "coordinates": [[-102.575391717, 49.4313860180001], [-101.91120162, 49.4063237660001], [-101.239307245, 49.7396561080001]]}, "properties": {"FID": 15, "Opername": "ENBRIDGE", "Pipename": "North Dakota System", "Shape_Leng": 1.41469777281, "Shape__Length": 168234.410641157}}, {"type": "Feature", "id": 16, "geometry": {"type": "LineString", "coordinates": [[-101.7181333, 48.298567845], [-102.425888535, 48.847015447], [-102.593910431, 48.877069331], [-102.575391717, 49.4313860180001], [-103.372938461, 49.1871896050001], [-103.498314465, 49.115437533]]}, "properties": {"FID": 16, "Opername": "ENBRIDGE", "Pipename": "North Dakota System", "Shape_Leng": 2.59924819966, "Shape__Length": 351718.75780549017}}, {"type": "Feature", "id": 17, "geometry": {"type": "LineString", "coordinates": [[-104.141416256, 48.9854263920001], [-104.137336341, 48.781876482], [-103.951060141, 48.603886055], [-102.926552388, 48.284781772], [-102.451666208, 48.3032371400001], [-101.782332945, 48.323609079], [-101.7181333, 48.298567845], [-101.45627592, 48.2983740720001], [-101.28353739, 48.2808427140001], [-101.261256319, 48.239298606], [-100.923270556, 48.252043573], [-100.195034696, 48.367305489], [-99.815084433, 48.3625901600001], [-99.239305981, 48.2771220340001], [-98.646367085, 48.073598485], [-96.429594552, 47.79004446], [-95.432631052, 47.69257739]]}, "properties": {"FID": 17, "Opername": "ENBRIDGE", "Pipename": "North Dakota System", "Shape_Leng": 9.13175013181, "Shape__Length": 1055344.999699698}}, {"type": "Feature", "id": 18, "geometry": {"type": "LineString", "coordinates": [[-91.99026639, 46.585457203], [-88.740443097, 42.937875514], [-88.8092479159999, 41.933235989], [-88.645493055, 40.9505157240001], [-87.45353612, 41.466807722], [-87.50897587, 41.605115448]]}, "properties": {"FID": 18, "Opername": "ENBRIDGE", "Pipename": "Southern Access", "Shape_Leng": 8.33654187556, "Shape__Length": 1150314.9908804852}}, {"type": "Feature", "id": 19, "geometry": {"type": "LineString", "coordinates": [[-96.7681307409999, 35.94708531], [-95.935000356, 37.011399913], [-95.885303288, 37.2595540620001], [-95.436699652, 37.8106004640001], [-94.9124999859999, 38.139999806], [-94.161899896, 38.6671996690001], [-93.5683001309999, 38.9832996770001], [-93.228863469, 39.2740195600001], [-92.7919768249999, 39.5146308320001], [-92.042800362, 39.6938995510001], [-91.396099936, 39.9706000730001], [-90.563100267, 40.1210996510001], [-89.82750027, 40.3700001390001], [-89.2747002099999, 40.629700149], [-88.861099655, 40.878099537]]}, "properties": {"FID": 19, "Opername": "ENBRIDGE", "Pipename": "Spearhead", "Shape_Leng": 9.65982166663, "Shape__Length": 1169834.8887937712}}, {"type": "Feature", "id": 20, "geometry": {"type": "LineString", "coordinates": [[-90.460300436, 32.731899777], [-91.051099951, 32.9019002590001]]}, "properties": {"FID": 20, "Opername": "ENBRIDGE", "Pipename": "Tinsley", "Shape_Leng": 0.614771689983, "Shape__Length": 69515.68085357116}}, {"type": "Feature", "id": 21, "geometry": {"type": "LineString", "coordinates": [[-83.5080547699999, 41.6304976020001], [-83.615832745, 41.6912495770001], [-84.2395231579999, 42.540514527]]}, "properties": {"FID": 21, "Opername": "ENBRIDGE", "Pipename": "Toledo", "Shape_Leng": 1.17740062832, "Shape__Length": 160164.69600536962}}, {"type": "Feature", "id": 22, "geometry": {"type": "LineString", "coordinates": [[-96.7681307409999, 35.94708531], [-96.007399134, 36.1133609440001]]}, "properties": {"FID": 22, "Opername": "ENBRIDGE", "Pipename": "Tulsa", "Shape_Leng": 0.778691315189, "Shape__Length": 87722.78187919897}}, {"type": "Feature", "id": 23, "geometry": {"type": "LineString", "coordinates": [[-96.74420662, 35.9803716600001], [-96.7537444719999, 35.225023924], [-96.465227741, 33.8034921770001], [-96.3280998969999, 32.7465769300001], [-96.368187491, 32.051415767], [-96.140187218, 31.4032795360001], [-96.0034296109999, 30.773314083], [-95.905047128, 30.0638342760001], [-95.88115169, 29.701689985], [-95.841089632, 29.5329473300001], [-95.778073921, 29.368165617], [-95.7006320249999, 29.1878460950001], [-95.684563028, 29.144255806], [-95.556365962, 28.987599253], [-95.334150526, 28.933497355]]}, "properties": {"FID": 23, "Opername": "ENTERPRISE PRODUCTS PARTNERS", "Pipename": "Seaway", "Shape_Leng": 7.40260974287, "Shape__Length": 966997.247864671}}, {"type": "Feature", "id": 24, "geometry": {"type": "LineString", "coordinates": [[-91.2110242859999, 30.4798440070001], [-91.832083153, 30.749695745], [-92.5697290209999, 31.246506449], [-93.3637917999999, 31.966178148], [-93.677470784, 32.3552314830001], [-95.20388258, 32.589516109]]}, "properties": {"FID": 24, "Opername": "PERMIAN EXPRESS PARTNERS", "Pipename": "Longview, TX - Anchorage, LA", "Shape_Leng": 4.68220841408, "Shape__Length": 545608.6498084222}}, {"type": "Feature", "id": 25, "geometry": {"type": "LineString", "coordinates": [[-90.84809475, 30.011790827], [-91.211017961, 30.480107069]]}, "properties": {"FID": 25, "Opername": "EXXONMOBIL", "Pipename": "Southern Louisiana", "Shape_Leng": 0.592480682895, "Shape__Length": 72622.90325775332}}, {"type": "Feature", "id": 26, "geometry": {"type": "LineString", "coordinates": [[-90.861482106, 30.0109157730001], [-90.68845365, 29.813635166], [-90.4971915259999, 29.6653970290001], [-90.252719153, 29.562162216], [-90.018811268, 28.837831329]]}, "properties": {"FID": 26, "Opername": "LOOP", "Pipename": "LOOP", "Shape_Leng": 1.53092982501, "Shape__Length": 186592.27447263995}}, {"type": "Feature", "id": 27, "geometry": {"type": "LineString", "coordinates": [[-102.39218039, 31.4234564170001], [-101.660548105, 31.1941260520001], [-101.215389253, 30.9625487490001], [-97.21322499, 30.037832773], [-96.494662159, 29.9986405970001], [-95.9217538629999, 29.928652983], [-95.348844605, 29.864261759], [-94.9345347719999, 29.34634598]]}, "properties": {"FID": 27, "Opername": "MAGELLAN MIDSTREAM PARTNERS", "Pipename": "Longhorn", "Shape_Leng": 7.91268464841, "Shape__Length": 895631.361782278}}, {"type": "Feature", "id": 28, "geometry": {"type": "LineString", "coordinates": [[-96.0117426519999, 36.137393333], [-96.013902521, 35.969869325], [-96.7681307409999, 35.94708531], [-96.7094860349999, 36.376458117], [-96.880732935, 37.80363767]]}, "properties": {"FID": 28, "Opername": "MAGELLAN MIDSTREAM PARTNERS", "Pipename": "Osage", "Shape_Leng": 2.79288619351, "Shape__Length": 366736.3753009101}}, {"type": "Feature", "id": 29, "geometry": {"type": "LineString", "coordinates": [[-101.871512874, 35.9637830770001], [-101.515882798, 36.2715471120001]]}, "properties": {"FID": 29, "Opername": "NUSTAR ENERGY", "Pipename": "Wichita Falls Pipeline", "Shape_Leng": 0.470309953324, "Shape__Length": 58017.023590787125}}, {"type": "Feature", "id": 30, "geometry": {"type": "LineString", "coordinates": [[-97.9542028179999, 33.863457767], [-97.5359705979999, 34.1610249670001], [-97.1037985679999, 34.204272872]]}, "properties": {"FID": 30, "Opername": "NUSTAR ENERGY", "Pipename": "Wichita Falls Pipeline", "Shape_Leng": 0.947618431989, "Shape__Length": 109815.74369896913}}, {"type": "Feature", "id": 31, "geometry": {"type": "LineString", "coordinates": [[-98.440097887, 33.915981512], [-100.233241293, 34.339189353], [-100.742586018, 35.1573356210001], [-101.368097374, 35.631032335], [-101.871512874, 35.9637830770001], [-102.002097489, 36.8091073260001], [-102.329376145, 37.5008970910001], [-102.343136465, 38.8214593530001]]}, "properties": {"FID": 31, "Opername": "NUSTAR ENERGY", "Pipename": "Wichita Falls Pipeline", "Shape_Leng": 7.13551796793, "Shape__Length": 907442.5251400868}}, {"type": "Feature", "id": 32, "geometry": {"type": "LineString", "coordinates": [[-103.157132439, 32.6692461800001], [-103.177086074, 32.064607669], [-103.132937917, 31.7861250020001], [-102.039798755, 32.005551548], [-101.058858441, 32.257129202], [-100.689895741, 32.6995504590001], [-99.450336619, 33.3711494520001], [-98.4807651789999, 33.843410932], [-97.6113121079999, 34.8471952990001], [-96.758547548, 35.946983597]]}, "properties": {"FID": 32, "Opername": "PLAINS ALL AMERICAN PIPELINE", "Pipename": "Basin", "Shape_Leng": 8.79856694196, "Shape__Length": 1060493.5988742935}}, {"type": "Feature", "id": 33, "geometry": {"type": "LineString", "coordinates": [[-111.921209486, 40.832733363], [-111.928263949, 41.13326282], [-111.789808796, 41.136455159], [-111.666936377, 41.042869851], [-111.283835642, 41.21148794], [-111.069955526, 41.244413239], [-110.818888339, 41.2569731350001], [-110.728882808, 41.2657787460001], [-110.461929401, 41.3330013980001], [-109.979686443, 41.5640319390001], [-109.529657738, 41.7186978610001], [-109.11509574, 41.9370417870001], [-108.792542575, 41.938017222], [-107.662417562, 42.4370113840001], [-106.372236921, 42.862148156]]}, "properties": {"FID": 33, "Opername": "HOLLY ENERGY", "Pipename": "Frontier Aspen Pipeline", "Shape_Leng": 6.24112741597, "Shape__Length": 737439.9232589151}}, {"type": "Feature", "id": 34, "geometry": {"type": "LineString", "coordinates": [[-90.688486578, 29.619201508], [-90.045765063, 29.699631389]]}, "properties": {"FID": 34, "Opername": "SHELL PIPELINE COMPANY", "Pipename": "AFLAK - Houma", "Shape_Leng": 0.64773444528, "Shape__Length": 72285.50126696378}}, {"type": "Feature", "id": 35, "geometry": {"type": "LineString", "coordinates": [[-90.023570638, 29.6743411110001], [-89.9768002759999, 29.6768869630001]]}, "properties": {"FID": 35, "Opername": "SHELL PIPELINE COMPANY", "Pipename": "Alliance Refinery", "Shape_Leng": 0.0468395999558, "Shape__Length": 5216.660615895406}}, {"type": "Feature", "id": 36, "geometry": {"type": "LineString", "coordinates": [[-90.859830054, 30.010079803], [-90.7393887599999, 31.466331467], [-90.4858886919999, 31.884237812], [-89.981868691, 33.538464633], [-89.927985596, 34.1393604720001], [-89.778774379, 34.565709359], [-88.858034389, 37.1782474830001], [-89.026481491, 38.0783180330001], [-89.042417497, 38.288951879], [-89.069791244, 38.793986679]]}, "properties": {"FID": 36, "Opername": "SHELL PIPELINE COMPANY", "Pipename": "Capline", "Shape_Leng": 9.13707318893, "Shape__Length": 1220186.7164428455}}, {"type": "Feature", "id": 37, "geometry": {"type": "LineString", "coordinates": [[-90.269228644, 29.5461857060001], [-90.409217896, 29.994480669]]}, "properties": {"FID": 37, "Opername": "SHELL PIPELINE COMPANY", "Pipename": "Clovelly - NORCO", "Shape_Leng": 0.469643869892, "Shape__Length": 59566.37078084835}}, {"type": "Feature", "id": 38, "geometry": {"type": "LineString", "coordinates": [[-90.5579266729999, 29.090587719], [-90.470526376, 29.128811302], [-90.4416289499999, 29.3508883920001], [-90.5314146969999, 29.4949019170001], [-90.690466627, 29.622613406]]}, "properties": {"FID": 38, "Opername": "SHELL PIPELINE COMPANY", "Pipename": "Clovelly - NORCO", "Shape_Leng": 0.693031906539, "Shape__Length": 84433.8323642091}}, {"type": "Feature", "id": 39, "geometry": {"type": "LineString", "coordinates": [[-89.32265512, 29.0350003930001], [-89.010464902, 29.2598049430001], [-89.17320511, 29.4177345950001], [-89.599035968, 29.4164069230001], [-90.023570638, 29.6743411110001], [-90.045765063, 29.699631389], [-90.1454923859999, 29.80748241], [-90.220144361, 29.8729877810001], [-90.409217896, 29.994480669]]}, "properties": {"FID": 39, "Opername": "SHELL PIPELINE COMPANY", "Pipename": "Delta", "Shape_Leng": 2.03866315444, "Shape__Length": 237030.0953864231}}, {"type": "Feature", "id": 40, "geometry": {"type": "LineString", "coordinates": [[-90.859830054, 30.010079803], [-90.904100151, 29.9942999360001], [-90.688486578, 29.619201508]]}, "properties": {"FID": 40, "Opername": "SHELL PIPELINE COMPANY", "Pipename": "Houma - Convent", "Shape_Leng": 0.479650694043, "Shape__Length": 59105.01206476141}}, {"type": "Feature", "id": 41, "geometry": {"type": "LineString", "coordinates": [[-90.688486578, 29.619201508], [-90.933084814, 29.6263632720001], [-91.334644714, 29.692594661], [-91.87178586, 29.96115145], [-92.064650074, 29.8971530870001], [-92.574457481, 30.0220779910001], [-92.851563905, 30.1022476480001], [-93.316946034, 30.1475542520001], [-93.347008513, 30.1487922050001], [-93.54019239, 30.081752275], [-93.854514185, 30.027951113], [-93.95965147, 29.9418520030001], [-94.107659669, 29.938837269], [-94.5135005819999, 29.9305684290001], [-95.122386811, 29.8263659620001], [-95.234480893, 29.806457058], [-95.223229094, 29.637245708]]}, "properties": {"FID": 41, "Opername": "SHELL PIPELINE COMPANY", "Pipename": "Houston - Houma", "Shape_Leng": 4.88086770042, "Shape__Length": 551901.7583896273}}, {"type": "Feature", "id": 42, "geometry": {"type": "LineString", "coordinates": [[-90.19384051, 29.1264338890001], [-90.269228644, 29.5461857060001]]}, "properties": {"FID": 42, "Opername": "SHELL PIPELINE COMPANY", "Pipename": "Mars", "Shape_Leng": 0.426468004219, "Shape__Length": 54253.51288653762}}, {"type": "Feature", "id": 43, "geometry": {"type": "LineString", "coordinates": [[-94.107659669, 29.938837269], [-94.108649131, 29.98618142], [-94.0016597919999, 29.9858935120001]]}, "properties": {"FID": 43, "Opername": "SHELL PIPELINE COMPANY", "Pipename": "Nederland Terminal", "Shape_Leng": 0.154344215807, "Shape__Length": 17994.40589280134}}, {"type": "Feature", "id": 44, "geometry": {"type": "LineString", "coordinates": [[-91.3824456899999, 28.767719006], [-91.002096732, 29.359965577], [-90.845760704, 30.013962786]]}, "properties": {"FID": 44, "Opername": "SHELL PIPELINE COMPANY", "Pipename": "Ship Shoal", "Shape_Leng": 1.37628518213, "Shape__Length": 172088.94007465447}}, {"type": "Feature", "id": 45, "geometry": {"type": "LineString", "coordinates": [[-111.305067931, 52.682426654], [-111.073413156, 49.8181850350001], [-110.250380944, 48.998072941], [-110.177043886, 47.5422494840001], [-109.694374485, 46.4963058380001], [-108.694534773, 45.27236264], [-107.936033691, 44.170024691], [-107.780889322, 43.3858912260001], [-106.030596815, 42.8384807040001]]}, "properties": {"FID": 45, "Opername": "SPECTRA ENERGY", "Pipename": "Express System", "Shape_Leng": 12.1968192061, "Shape__Length": 1852044.4819496253}}, {"type": "Feature", "id": 46, "geometry": {"type": "LineString", "coordinates": [[-106.197355229, 42.839870197], [-105.69648599, 42.8232975340001], [-105.481541039, 42.740998323], [-104.944057888, 42.318684739], [-104.860033422, 42.265754229], [-103.870525579, 41.6424220290001], [-99.320871551, 40.405051749], [-96.394216425, 39.9382678490001], [-94.63193509, 39.644803677], [-92.3879581959999, 39.3324135020001], [-90.580437122, 38.853366715], [-90.090223569, 38.845258029]]}, "properties": {"FID": 46, "Opername": "SPECTRA ENERGY", "Pipename": "Platte Pipeline", "Shape_Leng": 16.774565997, "Shape__Length": 1919858.9960914662}}, {"type": "Feature", "id": 47, "geometry": {"type": "LineString", "coordinates": [[-96.998404651, 39.997340138], [-97.0519304379999, 38.8407112200001], [-97.04158669, 37.074099925], [-97.1453280709999, 36.6424847210001], [-97.041590092, 36.275373792], [-96.806047023, 35.9862277030001]]}, "properties": {"FID": 47, "Opername": "TRANSCANADA", "Pipename": "Keystone", "Shape_Leng": 4.12284487244, "Shape__Length": 577186.7590973828}}, {"type": "Feature", "id": 48, "geometry": {"type": "LineString", "coordinates": [[-96.999219759, 40.02654489], [-93.991657139, 39.588197113], [-92.7779240199999, 39.444161638], [-91.335969033, 39.0827337860001], [-90.6145320859999, 38.8660027620001], [-89.076369572, 38.79507765]]}, "properties": {"FID": 48, "Opername": "TRANSCANADA", "Pipename": "Keystone", "Shape_Leng": 8.04123529726, "Shape__Length": 903818.8229095752}}, {"type": "Feature", "id": 49, "geometry": {"type": "LineString", "coordinates": [[-111.305067931, 52.682426654], [-110.275275011, 50.879830552], [-98.0066318359999, 49.6812505350001], [-97.958617922, 49.000454779]]}, "properties": {"FID": 49, "Opername": "TRANSCANADA", "Pipename": "Keystone", "Shape_Leng": 15.0855503861, "Shape__Length": 1842113.9501459568}}, {"type": "Feature", "id": 50, "geometry": {"type": "LineString", "coordinates": [[-97.958617922, 49.000454779], [-97.927614278, 47.706147383], [-97.906900848, 45.9460460400001], [-97.923348717, 44.56595278], [-97.3631585529999, 42.871678493], [-96.998404651, 39.997340138]]}, "properties": {"FID": 50, "Opername": "TRANSCANADA", "Pipename": "Keystone", "Shape_Leng": 9.11696540587, "Shape__Length": 1418700.63358181}}, {"type": "Feature", "id": 51, "geometry": {"type": "LineString", "coordinates": [[-94.002451881, 29.9889274820001], [-94.413670565, 30.110615855], [-96.520286065, 30.8973752860001], [-97.362859755, 31.1465570990001], [-98.6453419649999, 31.598523664], [-100.587049263, 31.8557142000001], [-100.708975632, 31.8500518240001], [-100.728540139, 31.8425739090001], [-100.785292543, 31.869835806], [-101.314669151, 31.9200154930001], [-102.018307281, 32.0125755390001]]}, "properties": {"FID": 51, "Opername": "SUNOCO", "Pipename": "Amdel", "Shape_Leng": 8.32210237502, "Shape__Length": 938196.0296300655}}, {"type": "Feature", "id": 52, "geometry": {"type": "LineString", "coordinates": [[-101.314859164, 31.9209134640001], [-101.319287519, 31.948361586], [-101.318691734, 31.971832853], [-101.314933268, 32.027031016], [-101.326957098, 32.074099284], [-101.352130102, 32.1141277460001], [-101.360978577, 32.1380308490001], [-101.383995765, 32.196649634], [-101.392221224, 32.220507733], [-101.410779297, 32.2692659910001]]}, "properties": {"FID": 52, "Opername": "SUNOCO", "Pipename": "Amdel", "Shape_Leng": 0.368344470974, "Shape__Length": 47684.47404696779}}, {"type": "Feature", "id": 53, "geometry": {"type": "LineString", "coordinates": [[-94.83758722, 32.4825937690001], [-94.8860176479999, 32.221082768], [-94.891534596, 31.629156838], [-94.9719801699999, 30.505801445], [-95.0885772239999, 30.039370867], [-95.124177369, 29.749401536]]}, "properties": {"FID": 53, "Opername": "SUNOCO", "Pipename": "Kilgore", "Shape_Leng": 2.75707107632, "Shape__Length": 357739.7714109131}}, {"type": "Feature", "id": 54, "geometry": {"type": "LineString", "coordinates": [[-94.828017366, 32.570340216], [-94.979528057, 32.143751745], [-94.841789521, 31.6018335250001], [-94.394863049, 30.1285085120001], [-94.006456, 29.9866175440001]]}, "properties": {"FID": 54, "Opername": "SUNOCO", "Pipename": "Texas", "Shape_Leng": 2.96497732822, "Shape__Length": 375745.65476834506}}, {"type": "Feature", "id": 55, "geometry": {"type": "LineString", "coordinates": [[-94.0061750309999, 29.988970513], [-94.352950688, 30.1298545600001], [-94.786695535, 31.582280176], [-94.850973715, 31.87124327], [-94.826027895, 32.482313903]]}, "properties": {"FID": 55, "Opername": "SUNOCO", "Pipename": "Millenium", "Shape_Leng": 2.7977154036, "Shape__Length": 355990.833895013}}, {"type": "Feature", "id": 56, "geometry": {"type": "LineString", "coordinates": [[-96.5634077999999, 30.845780711], [-97.542106899, 31.698084975], [-98.4712347229999, 32.0714834190001], [-98.5207895729999, 32.1659083850001], [-99.650536093, 32.6222336550001], [-99.806057654, 32.633258427], [-100.077860405, 32.637735486], [-100.211087576, 32.88328819]]}, "properties": {"FID": 56, "Opername": "SUNOCO", "Pipename": "Texas", "Shape_Leng": 4.33132909128, "Shape__Length": 506326.9173861385}}, {"type": "Feature", "id": 57, "geometry": {"type": "LineString", "coordinates": [[-102.018574288, 32.0125595370001], [-101.695240881, 32.1329554160001], [-101.616162332, 32.2184128170001], [-101.441203727, 32.3146744910001], [-100.832073911, 32.529048278]]}, "properties": {"FID": 57, "Opername": "PLAINS ALL AMERICAN PIPELINE", "Pipename": "Mesa", "Shape_Leng": 1.30689664956, "Shape__Length": 150293.0879793669}}, {"type": "Feature", "id": 58, "geometry": {"type": "LineString", "coordinates": [[-100.834057933, 32.5273753180001], [-100.545158975, 32.617207556]]}, "properties": {"FID": 58, "Opername": "SUNOCO", "Pipename": "Texas", "Shape_Leng": 0.30254328437, "Shape__Length": 34279.5229534444}}, {"type": "Feature", "id": 59, "geometry": {"type": "LineString", "coordinates": [[-101.350000384, 35.6887202340001], [-100.939355627, 35.4859425240001], [-100.913057353, 35.246167094], [-100.821843275, 35.170879476], [-100.300641538, 34.4693377350001], [-99.931444939, 33.3980462320001], [-99.798433541, 32.6482300800001], [-99.8656912449999, 32.3970889610001], [-99.8656912449999, 32.3970889610001], [-100.153947369, 32.259066767]]}, "properties": {"FID": 59, "Opername": "SUNOCO", "Pipename": "Texas", "Shape_Leng": 4.16566554231, "Shape__Length": 533224.2440100522}}, {"type": "Feature", "id": 60, "geometry": {"type": "LineString", "coordinates": [[-100.821841275, 35.170878475], [-100.599792411, 35.230657555]]}, "properties": {"FID": 60, "Opername": "SUNOCO", "Pipename": "Texas", "Shape_Leng": 0.229954857329, "Shape__Length": 26025.345994254447}}, {"type": "Feature", "id": 61, "geometry": {"type": "LineString", "coordinates": [[-99.931779945, 33.3995021920001], [-99.95820582, 33.386392141], [-99.973908292, 33.3924677810001], [-99.9961220109999, 33.3851126540001], [-99.9961220109999, 33.3851126540001], [-100.0148887, 33.3895892630001]]}, "properties": {"FID": 61, "Opername": "SUNOCO", "Pipename": "Texas", "Shape_Leng": 0.0890290071193, "Shape__Length": 10181.248451757943}}, {"type": "Feature", "id": 62, "geometry": {"type": "LineString", "coordinates": [[-96.4619550309999, 32.068939823], [-96.517839988, 32.046379922], [-96.531935347, 32.049129889], [-96.551124906, 32.074362636], [-96.696645517, 32.083628532], [-97.091342743, 32.0412991530001], [-98.107223943, 32.3848311990001], [-98.674682538, 32.5037083760001], [-99.224786996, 32.450628872], [-99.643135953, 32.620363985], [-99.8102435329999, 32.6376508020001], [-100.070973364, 32.4891556060001], [-100.091659452, 32.424108818], [-100.27910304, 32.4588394300001], [-100.379626271, 32.428542669], [-100.464492644, 32.4198071010001], [-100.486409339, 32.4510274530001], [-100.834449171, 32.533522583], [-101.040442462, 32.2491555500001], [-101.129372315, 32.2046925600001], [-101.347428579, 31.9967017910001], [-101.707247689, 31.8875149040001], [-101.867696241, 31.9331443930001], [-101.903693462, 31.9310133160001]]}, "properties": {"FID": 62, "Opername": "PERMIAN EXPRESS PARTNERS", "Pipename": "Midland, TX - Corsicana, TX", "Shape_Leng": 5.94927939842, "Shape__Length": 681011.6841066647}}, {"type": "Feature", "id": 63, "geometry": {"type": "LineString", "coordinates": [[-96.399456881, 31.786136625], [-95.137488811, 32.5662246210001], [-95.0093878009999, 32.553675], [-94.837628222, 32.4824317750001]]}, "properties": {"FID": 63, "Opername": "SUNOCO", "Pipename": "West Texas Gulf", "Shape_Leng": 1.79827374143, "Shape__Length": 209622.3828437196}}, {"type": "Feature", "id": 64, "geometry": {"type": "LineString", "coordinates": [[-96.4741606489999, 32.0702904830001], [-97.04627143, 32.515708913], [-97.7507869, 33.5526477380001], [-97.955557857, 33.8641307510001], [-98.111854184, 33.838723955], [-98.231728828, 33.944855397], [-98.435515735, 33.920488428]]}, "properties": {"FID": 64, "Opername": "PERMIAN EXPRESS PARTNERS", "Pipename": "Witchia Falls, TX - Corsicana, TX", "Shape_Leng": 2.87514163952, "Shape__Length": 352711.62532883}}, {"type": "Feature", "id": 65, "geometry": {"type": "LineString", "coordinates": [[-96.476418727, 32.0690115150001], [-96.060240641, 32.112895519], [-94.901238027, 32.412373594], [-94.8393392689999, 32.4841976940001]]}, "properties": {"FID": 65, "Opername": "PERMIAN EXPRESS PARTNERS", "Pipename": "Corsicana, TX - Longview, TX", "Shape_Leng": 1.71037080584, "Shape__Length": 193310.1628791435}}, {"type": "Feature", "id": 66, "geometry": {"type": "LineString", "coordinates": [[-98.6662666889999, 33.0041254920001], [-98.902457442, 32.752889296], [-98.682645231, 32.514579795], [-98.7025261319999, 32.448169416], [-98.4696517099999, 32.073279379], [-99.936887887, 31.73507966], [-100.047061902, 31.6500442190001], [-100.213656132, 31.572506881]]}, "properties": {"FID": 66, "Opername": "SUNOCO", "Pipename": "Texas", "Shape_Leng": 3.00832295559, "Shape__Length": 354041.03070814325}}, {"type": "Feature", "id": 67, "geometry": {"type": "LineString", "coordinates": [[-99.9382228439999, 31.732360756], [-100.167189395, 32.05296938]]}, "properties": {"FID": 67, "Opername": "SUNOCO", "Pipename": "Texas", "Shape_Leng": 0.39397407435, "Shape__Length": 49159.65230237701}}, {"type": "Feature", "id": 68, "geometry": {"type": "LineString", "coordinates": [[-148.621837792, 70.256491311], [-148.927698446, 68.7424333980001], [-150.695363653, 66.580851354], [-149.789816471, 65.832943948], [-148.989230066, 65.6488210540001], [-147.627165252, 64.9367659760001], [-147.268099677, 64.7497213840001], [-146.771443118, 64.548769931], [-146.210380362, 64.3631416440001], [-145.714277754, 64.0433502390001], [-145.856582826, 63.7075427870001], [-145.863135772, 63.48580044], [-145.7366332, 63.400263034], [-145.744796659, 63.280474998], [-145.511926117, 63.1700902040001], [-145.452058728, 63.0038140610001], [-145.477702536, 62.107568583], [-145.165064567, 61.695042723], [-145.227573954, 61.5437504230001], [-145.108698894, 61.438496678], [-145.296872769, 61.3565468460001], [-145.273544265, 61.2844841990001], [-145.381700597, 61.2131511900001], [-145.686918989, 61.1773575920001], [-145.929276854, 61.0380026930001], [-146.370502164, 61.082697678]]}, "properties": {"FID": 68, "Opername": "ALYESKA PIPELINE", "Pipename": "Trans Alaska Pipeline System (TAPS)", "Shape_Leng": 14.4630960741, "Shape__Length": 2890455.539374028}}, {"type": "Feature", "id": 69, "geometry": {"type": "LineString", "coordinates": [[-73.667033177, 45.4778156310001], [-73.2459907109999, 45.2656362600001], [-72.4224784589999, 44.984832254], [-72.226158428, 44.762209929], [-71.366097328, 44.356608876], [-70.922287349, 44.4081036750001], [-70.6433937579999, 44.184393588], [-70.29924829, 43.6421891640001]]}, "properties": {"FID": 69, "Opername": "PORTLAND PIPELINE", "Pipename": "Portland Pipeline", "Shape_Leng": 4.03579651652, "Shape__Length": 504362.2137315973}}, {"type": "Feature", "id": 70, "geometry": {"type": "LineString", "coordinates": [[-104.450770563, 46.3901149440001], [-104.716729204, 45.1522177200001], [-104.800796841, 44.6715425190001], [-104.807681935, 44.466760075], [-104.388259717, 43.9825720470001], [-104.341385012, 42.9912872730001], [-104.492869565, 42.19124989], [-104.663219146, 42.222909438]]}, "properties": {"FID": 70, "Opername": "BUTTE PIPELINE", "Pipename": "Butte pipeline", "Shape_Leng": 4.57951433921, "Shape__Length": 690332.2058039202}}, {"type": "Feature", "id": 71, "geometry": {"type": "LineString", "coordinates": [[-101.356850619, 35.6898932130001], [-101.108637623, 35.4943633440001], [-99.367321198, 35.444110686], [-98.417697182, 35.64515341], [-96.816183184, 35.984223409]]}, "properties": {"FID": 71, "Opername": "PHILLIPS 66 PIPELINE", "Pipename": "Buxton to Borger", "Shape_Leng": 4.66570476639, "Shape__Length": 525921.3149295212}}, {"type": "Feature", "id": 72, "geometry": {"type": "LineString", "coordinates": [[-113.386862646, 48.9965780570001], [-112.308695609, 48.6173737020001], [-111.95954425, 48.1475950930001], [-111.116725953, 47.639179932], [-110.820599154, 47.342055052], [-110.308850246, 47.142084949], [-109.465884586, 46.6215691290001], [-108.434194812, 45.806600245]]}, "properties": {"FID": 72, "Opername": "PHILLIPS 66 PIPELINE", "Pipename": "Glacier Pipeline", "Shape_Leng": 5.98691043909, "Shape__Length": 775583.2263027092}}, {"type": "Feature", "id": 73, "geometry": {"type": "LineString", "coordinates": [[-122.242389867, 38.0403322820001], [-122.11757379, 37.9904800950001], [-122.034729441, 37.996193619], [-121.589495156, 37.758308602], [-121.157843768, 37.434253093], [-121.036527931, 37.0875283620001], [-120.269193981, 36.2822780080001], [-120.252511209, 36.148819363], [-120.126724059, 35.9639827770001], [-119.974492211, 35.6726987420001]]}, "properties": {"FID": 73, "Opername": "PHILLIPS 66 PIPELINE", "Pipename": "Junction to Rodeo Refinery", "Shape_Leng": 3.42838320286, "Shape__Length": 432892.52978374105}}, {"type": "Feature", "id": 74, "geometry": {"type": "LineString", "coordinates": [[-120.430358794, 34.7264570040001], [-120.445013264, 34.935287406], [-120.462687184, 35.0179501100001], [-120.527829691, 35.0719284850001], [-120.578524092, 35.043697449], [-120.61132858, 35.150859562], [-120.653150115, 35.1794533020001], [-120.679991669, 35.247877945], [-120.621966611, 35.318314177], [-120.639916927, 35.373140628], [-120.602515008, 35.407171152], [-120.565199342, 35.41098299], [-120.523294539, 35.5201994920001], [-120.423383348, 35.588976116], [-120.282251777, 35.734732272], [-120.224784947, 35.7436032800001], [-119.974492211, 35.6726987420001]]}, "properties": {"FID": 74, "Opername": "PHILLIPS 66 PIPELINE", "Pipename": "Santa Maria Refinery - Junction", "Shape_Leng": 1.66921048959, "Shape__Length": 209187.24403344927}}, {"type": "Feature", "id": 75, "geometry": {"type": "LineString", "coordinates": [[-79.120215674, 41.8288838980001], [-78.840873862, 42.54721393], [-78.823136642, 42.863458338], [-78.8582002219999, 42.9960552040001], [-79.9054230189999, 43.0279552960001]]}, "properties": {"FID": 75, "Opername": "ENBRIDGE", "Pipename": "Kiantone pipeline", "Shape_Leng": 2.27233791819, "Shape__Length": 297473.05263139127}}, {"type": "Feature", "id": 76, "geometry": {"type": "LineString", "coordinates": [[-119.391246112, 35.098122065], [-119.444973557, 35.1359551470001], [-119.47713966, 35.146940828], [-119.527062086, 35.178331222], [-119.603067955, 35.2575467020001], [-119.632801602, 35.2940211490001], [-119.632138809, 35.3085770510001], [-119.643496014, 35.3168838650001], [-119.974492211, 35.6726987420001]]}, "properties": {"FID": 76, "Opername": "PHILLIPS 66 PIPELINE", "Pipename": "Sunset - Junction", "Shape_Leng": 0.830120247975, "Shape__Length": 103185.39812600634}}, {"type": "Feature", "id": 77, "geometry": {"type": "LineString", "coordinates": [[-119.380997444, 35.2337234350001], [-119.46664725, 35.232214749], [-119.546081707, 35.285848549], [-119.576050287, 35.2806528340001], [-119.643269541, 35.316921936]]}, "properties": {"FID": 77, "Opername": "PHILLIPS 66 PIPELINE", "Pipename": "Tosco 12 & 8", "Shape_Leng": 0.288304347468, "Shape__Length": 33391.516132263394}}, {"type": "Feature", "id": 78, "geometry": {"type": "LineString", "coordinates": [[-89.069372229, 38.7942446770001], [-89.12266005, 38.7084823050001], [-90.071051917, 37.598157327], [-90.434926827, 37.3160457000001], [-90.727098213, 36.822379224], [-91.012200805, 36.309078894], [-91.238624334, 35.995848073], [-91.842499227, 35.3614242670001], [-93.3875257179999, 34.4234229690001], [-93.5455524019999, 34.288886311], [-94.632571714, 33.5664327040001], [-96.4612861419999, 32.0692740590001]]}, "properties": {"FID": 78, "Opername": "PERMIAN EXPRESS PARTNERS", "Pipename": "Pakota, IL - Corsicana, TX", "Shape_Leng": 10.1284249295, "Shape__Length": 1252044.3296059184}}, {"type": "Feature", "id": 79, "geometry": {"type": "LineString", "coordinates": [[-94.824162841, 32.4846048430001], [-93.7595699349999, 32.7013991910001], [-93.172245564, 32.947475454], [-91.1923497339999, 32.892790297], [-91.051739006, 32.8792758880001], [-90.135215816, 33.858950846], [-89.962277518, 34.0560305540001], [-89.931489722, 34.164282235], [-89.742427876, 34.27567029], [-88.390326779, 35.6187595920001], [-88.051433403, 35.985349907], [-87.965282064, 36.0153405230001], [-87.425293062, 36.521701928], [-86.196998822, 37.4920105840001], [-85.760466143, 37.8157643430001], [-84.90346346, 38.6862395210001], [-84.758993279, 38.842920226], [-84.68011021, 39.0851812220001], [-84.681097193, 39.28833698], [-84.202113823, 40.5928349120001], [-84.122534951, 40.710118541], [-83.698939829, 41.086295884], [-83.545330584, 41.446003255], [-83.5080547699999, 41.6304976020001], [-83.609010408, 41.9162990130001], [-83.335569794, 42.4387966260001], [-82.7864223989999, 42.7683057730001], [-82.639785331, 42.8967237570001], [-82.4900139979999, 42.8867029830001]]}, "properties": {"FID": 79, "Opername": "SUNOCO", "Pipename": "Mid Valley Pipeline", "Shape_Leng": 17.5743462225, "Shape__Length": 2201820.5993977827}}, {"type": "Feature", "id": 80, "geometry": {"type": "LineString", "coordinates": [[-93.172245564, 32.947475454], [-93.16108013, 33.2357112380001]]}, "properties": {"FID": 80, "Opername": "SUNOCO", "Pipename": "Mid Valley Pipeline", "Shape_Leng": 0.288451961502, "Shape__Length": 38318.525956931015}}, {"type": "Feature", "id": 81, "geometry": {"type": "LineString", "coordinates": [[-91.1923497339999, 32.892790297], [-91.3041675219999, 32.662785651], [-91.4339452299999, 32.602103352], [-91.48201153, 32.5488372030001], [-91.511651489, 32.455791205]]}, "properties": {"FID": 81, "Opername": "SUNOCO", "Pipename": "Mid Valley Pipeline", "Shape_Leng": 0.568408798302, "Shape__Length": 70979.65154346351}}, {"type": "Feature", "id": 82, "geometry": {"type": "LineString", "coordinates": [[-95.4118576289999, 47.684616309], [-95.156750849, 47.259993798], [-95.098668412, 46.689949546], [-94.597779609, 46.159468594], [-94.535489086, 45.2656541910001], [-94.368902933, 45.145878183], [-94.220827022, 45.08814442], [-94.1843410709999, 44.8806465870001], [-93.9588730619999, 44.73946599], [-93.7882449419999, 44.579429539], [-93.275723296, 44.5622092450001], [-93.035486799, 44.6595987090001], [-93.23371566, 44.555041545], [-93.356946459, 43.639123135], [-93.539121831, 41.255450818], [-93.748821391, 41.039736594], [-93.79732437, 40.7829730660001], [-93.917697463, 40.6300634680001], [-93.9388125419999, 40.5620907890001], [-91.6270786279999, 39.221109995], [-91.0489644309999, 38.961021873], [-90.079793185, 38.832946075]]}, "properties": {"FID": 82, "Opername": "KOCH PIPELINE", "Pipename": "Minncan Pipeline System", "Shape_Leng": 13.1915902332, "Shape__Length": 1795522.3617664317}}, {"type": "Feature", "id": 83, "geometry": {"type": "LineString", "coordinates": [[-95.41231866, 47.683995312], [-95.1998380639999, 47.2549002270001], [-95.154278344, 46.67262279], [-94.646542368, 46.140000146], [-94.1899084089999, 45.822608632], [-93.480077341, 45.3624309890001], [-92.944284919, 45.107827639], [-92.983829235, 44.8046677880001], [-93.0490043089999, 44.7747554960001], [-93.0351528259999, 44.665468713]]}, "properties": {"FID": 83, "Opername": "KOCH PIPELINE", "Pipename": "Minnesota Pipeline", "Shape_Leng": 4.28159310217, "Shape__Length": 597823.8787531151}}, {"type": "Feature", "id": 84, "geometry": {"type": "LineString", "coordinates": [[-104.602090578, 40.2037508710001], [-100.855285696, 38.691895018], [-98.439983242, 37.679016617], [-96.736822784, 36.010965077], [-96.739379971, 35.953369035]]}, "properties": {"FID": 84, "Opername": "WESTERN GAS", "Pipename": "White Cliffs Pipeline", "Shape_Leng": 9.10100293459, "Shape__Length": 1082939.43797264}}, {"type": "Feature", "id": 85, "geometry": {"type": "LineString", "coordinates": [[-90.0945206659999, 38.8287092300001], [-89.071146313, 38.794248673], [-85.815053666, 40.3039940990001], [-84.13367626, 40.708631472], [-81.4116647769999, 40.691806096], [-81.4092728799999, 40.769836533]]}, "properties": {"FID": 85, "Opername": "MARATHON", "Pipename": "Patoka, IL - Martinsville, OH", "Shape_Leng": 9.14254331928, "Shape__Length": 1047798.4504149472}}, {"type": "Feature", "id": 86, "geometry": {"type": "LineString", "coordinates": [[-89.069372229, 38.7942446770001], [-87.4963171049999, 38.117799253], [-87.3558958369999, 37.9387256320001], [-87.067440968, 37.775054115], [-85.7539670469999, 37.818659294], [-85.559278061, 37.865068566], [-84.842713746, 37.938388731], [-84.301733783, 37.941852699], [-83.7222599579999, 38.077535305], [-83.497668263, 38.147005721], [-83.253355578, 38.1838644800001], [-82.8175537069999, 38.296423411], [-82.592749069, 38.3993701210001]]}, "properties": {"FID": 86, "Opername": "MARATHON", "Pipename": "Patoka, IL - Owensboro, KY", "Shape_Leng": 6.82186188804, "Shape__Length": 780607.2197152718}}, {"type": "Feature", "id": 87, "geometry": {"type": "LineString", "coordinates": [[-89.068998211, 38.7942356780001], [-88.3463619839999, 38.930630734], [-87.71334329, 38.9929765520001]]}, "properties": {"FID": 87, "Opername": "MARATHON", "Pipename": "Patoka, IL - Robinson, IL", "Shape_Leng": 1.37147712153, "Shape__Length": 153803.47342254245}}, {"type": "Feature", "id": 88, "geometry": {"type": "LineString", "coordinates": [[-89.06956128, 38.797088638], [-88.415161461, 39.037967973]]}, "properties": {"FID": 88, "Opername": "MARATHON", "Pipename": "Patoka , IL - Dieterich, IL", "Shape_Leng": 0.69732487202, "Shape__Length": 80588.5016636619}}, {"type": "Feature", "id": 89, "geometry": {"type": "LineString", "coordinates": [[-112.120389365, 48.998696169], [-112.164357801, 48.9800321330001], [-112.190405502, 48.8608328240001], [-112.242342531, 48.821253831], [-112.355869854, 48.7143826220001], [-112.116679171, 48.236255623], [-111.917408574, 48.1938602760001], [-111.287129104, 47.553802499], [-111.050954613, 47.5251325770001], [-110.060606595, 46.994857944], [-109.410533636, 46.086567879], [-108.771337282, 45.657145249]]}, "properties": {"FID": 89, "Opername": "CHS ENERGY", "Pipename": "Front Range", "Shape_Leng": 5.27592381085, "Shape__Length": 722152.1286932771}}, {"type": "Feature", "id": 90, "geometry": {"type": "LineString", "coordinates": [[-96.750522351, 35.9447348580001], [-96.5938757119999, 35.9840862], [-96.491251258, 36.1892520970001], [-96.4156301089999, 36.298165731], [-96.377818217, 36.485134938], [-95.924065437, 37.1079933230001], [-95.745816937, 37.241417459], [-95.416333491, 37.7983380040001], [-94.930192429, 38.279051334], [-93.893104149, 39.0634355280001], [-92.040387921, 40.339263655], [-91.3543887289999, 40.606355079], [-91.116721196, 40.6268566740001], [-90.614384284, 40.8601235900001], [-89.4260398179999, 40.9376952610001], [-88.496981352, 41.2105180080001], [-88.2215071539999, 41.3323104350001], [-88.032451296, 41.3444775210001], [-87.985799985, 41.422499593], [-87.6314003109999, 41.444399709], [-87.4873294989999, 41.667936575]]}, "properties": {"FID": 90, "Opername": "BP PIPELINE (North America)", "Pipename": "Cushing - Whiting", "Shape_Leng": 11.4784098703, "Shape__Length": 1398038.3735084776}}, {"type": "Feature", "id": 91, "geometry": {"type": "LineString", "coordinates": [[-97.079748068, 36.6762283730001], [-97.2633159979999, 36.6004847890001], [-97.3471708449999, 36.303878237], [-97.364601135, 36.214239207], [-97.376582385, 35.800085026], [-97.419754586, 35.4346261480001], [-97.537442277, 35.1374887010001], [-97.609260315, 34.8652958480001], [-98.006917792, 34.3803182880001], [-98.492395646, 33.937587933], [-98.647063057, 33.8282754480001], [-98.6804843739999, 33.772247158], [-98.6976618999999, 33.7201824360001], [-98.828203396, 33.4413153200001], [-99.0578128669999, 33.2416778140001]]}, "properties": {"FID": 91, "Opername": "PHILLIPS 66 PIPELINE", "Pipename": "Ponca City - Wichita Falls", "Shape_Leng": 4.18739635579, "Shape__Length": 539988.2293236715}}, {"type": "Feature", "id": 92, "geometry": {"type": "LineString", "coordinates": [[-98.6976618999999, 33.7201824360001], [-98.444278361, 33.3791167630001], [-98.111897146, 33.132853733], [-98.2572925169999, 32.94210159], [-98.449602111, 32.9919902190001], [-98.578646995, 33.066123465], [-98.661008541, 32.993691805]]}, "properties": {"FID": 92, "Opername": "PHILLIPS 66 PIPELINE", "Pipename": "Predo - Carson", "Shape_Leng": 1.53558177832, "Shape__Length": 186184.93513053952}}, {"type": "Feature", "id": 93, "geometry": {"type": "LineString", "coordinates": [[-101.360278754, 35.68741326], [-101.545472349, 35.272556374], [-101.786418705, 35.0590792560001], [-102.975595747, 33.007237499], [-103.064634283, 32.684657986], [-102.604358567, 31.951179058]]}, "properties": {"FID": 93, "Opername": "PHILLIPS 66 PIPELINE", "Pipename": "Odessa/Weems, TX - Borger, TX", "Shape_Leng": 4.34834534237, "Shape__Length": 558924.1934413831}}, {"type": "Feature", "id": 94, "geometry": {"type": "LineString", "coordinates": [[-96.757467414, 35.939669703], [-97.371261665, 35.744540343], [-98.201686686, 35.362684801], [-99.152473147, 34.82109129], [-99.922729003, 34.603446665], [-100.560601912, 34.2759101440001], [-100.921665595, 34.0767841], [-101.862980746, 33.730650172], [-102.443732957, 33.408851975]]}, "properties": {"FID": 94, "Opername": "CENTURION PIPELINE", "Pipename": "Centurion Pipeline", "Shape_Leng": 6.24898085343, "Shape__Length": 723413.8351526003}}, {"type": "Feature", "id": 95, "geometry": {"type": "LineString", "coordinates": [[-104.581732114, 32.4179074680001], [-104.56046886, 32.5245061310001], [-104.531295243, 32.623820035], [-104.473700956, 32.6517791140001], [-104.261372437, 32.776624627], [-103.603643394, 33.061747987], [-103.514692722, 33.036896885], [-103.114414804, 33.0244573680001], [-103.055112677, 32.968503168], [-102.306422591, 32.987144664]]}, "properties": {"FID": 95, "Opername": "CENTURION PIPELINE", "Pipename": "Centurion Pipeline", "Shape_Leng": 2.56269646126, "Shape__Length": 294763.60504610604}}, {"type": "Feature", "id": 96, "geometry": {"type": "LineString", "coordinates": [[-104.263065491, 32.7761076210001], [-104.216487586, 32.6043597950001], [-104.202089316, 32.526572625], [-104.053891588, 32.3407538330001]]}, "properties": {"FID": 96, "Opername": "CENTURION PIPELINE", "Pipename": "Centurion Pipeline", "Shape_Leng": 0.494738975484, "Shape__Length": 63243.7853755742}}, {"type": "Feature", "id": 97, "geometry": {"type": "LineString", "coordinates": [[-103.114666712, 33.017207419], [-103.110144641, 33.316458492], [-103.218756503, 33.4864610880001]]}, "properties": {"FID": 97, "Opername": "CENTURION PIPELINE", "Pipename": "Centurion Pipeline", "Shape_Leng": 0.501021251898, "Shape__Length": 65490.777539615534}}, {"type": "Feature", "id": 98, "geometry": {"type": "LineString", "coordinates": [[-102.443754932, 33.4099909770001], [-102.579959934, 33.408105434], [-102.744707937, 33.381660433], [-102.744707937, 33.381660433]]}, "properties": {"FID": 98, "Opername": "CENTURION PIPELINE", "Pipename": "Centurion Pipeline", "Shape_Leng": 0.303075004975, "Shape__Length": 33839.899662314514}}, {"type": "Feature", "id": 99, "geometry": {"type": "LineString", "coordinates": [[-102.445323006, 33.410692006], [-102.768582428, 32.985083914], [-102.844618641, 32.481257665], [-102.806579713, 32.3327649830001], [-102.811314897, 31.881805591], [-102.792298251, 31.8373953230001]]}, "properties": {"FID": 99, "Opername": "CENTURION PIPELINE", "Pipename": "Centurion Pipeline", "Shape_Leng": 1.69656569498, "Shape__Length": 219789.86847841632}}, {"type": "Feature", "id": 100, "geometry": {"type": "LineString", "coordinates": [[-102.81131847, 32.0229676210001], [-102.52134148, 32.035058592], [-102.202844391, 32.0874319820001]]}, "properties": {"FID": 100, "Opername": "CENTURION PIPELINE", "Pipename": "Centurion Pipeline", "Shape_Leng": 0.613003439229, "Shape__Length": 68435.29361826544}}, {"type": "Feature", "id": 101, "geometry": {"type": "LineString", "coordinates": [[-101.841556956, 31.6271732270001], [-101.836804039, 31.6757309230001], [-101.993677257, 31.708085485], [-102.031893667, 32.0125674020001], [-102.20759774, 32.095486636], [-102.73527569, 32.39299156]]}, "properties": {"FID": 101, "Opername": "CENTURION PIPELINE", "Pipename": "Centurion Pipeline", "Shape_Leng": 1.3158894375, "Shape__Length": 157456.81395793997}}, {"type": "Feature", "id": 102, "geometry": {"type": "LineString", "coordinates": [[-103.053810824, 32.9731241330001], [-102.64972528, 32.6935278010001]]}, "properties": {"FID": 102, "Opername": "CENTURION PIPELINE", "Pipename": "Centurion Pipeline", "Shape_Leng": 0.49138501782, "Shape__Length": 58271.28447438299}}, {"type": "Feature", "id": 103, "geometry": {"type": "LineString", "coordinates": [[-102.578431798, 33.410694408], [-102.635463809, 32.6975284810001], [-102.644962898, 32.5694267040001], [-102.58315051, 32.3407925440001], [-102.640194094, 32.296605046], [-102.621172159, 32.119638885], [-102.511834237, 32.035058722], [-102.354957787, 31.432689283]]}, "properties": {"FID": 103, "Opername": "CENTURION PIPELINE", "Pipename": "Centurion Pipeline", "Shape_Leng": 2.09157631958, "Shape__Length": 272063.879031933}}, {"type": "Feature", "id": 104, "geometry": {"type": "LineString", "coordinates": [[-102.031813666, 32.012601402], [-101.418291977, 32.2394509260001], [-101.416776439, 32.270491927]]}, "properties": {"FID": 104, "Opername": "CENTURION PIPELINE", "Pipename": "Centurion Pipeline", "Shape_Leng": 0.685195373371, "Shape__Length": 78612.10792302467}}, {"type": "Feature", "id": 105, "geometry": {"type": "LineString", "coordinates": [[-100.82668292, 32.539433994], [-101.068777538, 32.95160937], [-101.31087002, 33.1347353840001], [-101.57658808, 33.3520102250001], [-101.860019797, 33.735851091], [-102.025349562, 33.8634220800001]]}, "properties": {"FID": 105, "Opername": "CENTURION PIPELINE", "Pipename": "Centurion Pipeline", "Shape_Leng": 1.8107792142, "Shape__Length": 223827.5769413251}}, {"type": "Feature", "id": 106, "geometry": {"type": "LineString", "coordinates": [[-113.521245909, 53.509240806], [-116.902071758, 53.5092285960001], [-117.461215068, 53.3853164980001], [-117.643265658, 53.470541041], [-118.176390977, 53.128602249], [-118.24140132, 52.9801096260001], [-118.55347815, 52.97227436], [-118.904575784, 53.073938652], [-119.50271657, 53.073917387], [-119.203639977, 52.8703372240001], [-119.138612738, 52.697317705], [-119.06057446, 52.3333229020001], [-119.203602297, 52.0223572040001], [-119.268595999, 51.7655755850001], [-119.385631149, 51.572018824], [-119.619695103, 51.5477599440001], [-119.918777473, 51.5558382610001], [-120.100826017, 51.4343998520001], [-120.087819804, 51.1416334690001], [-120.152826401, 50.888042677], [-120.282849749, 50.666042518], [-120.477901769, 50.401560354], [-120.659939197, 50.077217569], [-120.828987768, 49.9351692600001], [-120.867993522, 49.675013762], [-121.128051179, 49.4641860030001], [-121.492130561, 49.2948717630001], [-121.843205462, 49.1164672990001], [-122.14723252, 49.0633080160001], [-123.091515371, 49.269398235]]}, "properties": {"FID": 106, "Opername": "KINDER MORGAN", "Pipename": "TransMountain", "Shape_Leng": 13.1332393989, "Shape__Length": 1728859.1840163826}}, {"type": "Feature", "id": 107, "geometry": {"type": "LineString", "coordinates": [[-122.14723252, 49.0633080160001], [-122.418408263, 48.8470941410001], [-122.418410587, 48.718128479], [-122.331032391, 48.6512149960001], [-122.322933545, 48.471482672], [-122.465450385, 48.4440980200001], [-122.562190808, 48.4622545070001], [-122.564739257, 48.4778848230001]]}, "properties": {"FID": 107, "Opername": "KINDER MORGAN", "Pipename": "TransMountain", "Shape_Leng": 1.02514761848, "Shape__Length": 144763.00002375618}}, {"type": "Feature", "id": 108, "geometry": {"type": "LineString", "coordinates": [[-122.418860263, 48.847794154], [-122.60378263, 48.8599317790001]]}, "properties": {"FID": 108, "Opername": "KINDER MORGAN", "Pipename": "TransMountain", "Shape_Leng": 0.185320273466, "Shape__Length": 20687.631758377567}}, {"type": "Feature", "id": 109, "geometry": {"type": "LineString", "coordinates": [[-96.461282625, 32.069491891], [-95.9403368499999, 31.6922736710001], [-95.372067033, 31.1826624330001], [-94.474004328, 30.3367816140001], [-94.473303298, 30.336121625], [-94.243921515, 30.086162437], [-94.224072733, 30.046001775], [-94.1721749599999, 30.024428113], [-94.0960330189999, 30.023235373], [-94.0571493689999, 30.0339822340001], [-93.998110551, 29.9799975610001]]}, "properties": {"FID": 109, "Opername": "PERMIAN EXPRESS PARTNERS", "Pipename": "Corsicana, TX - Nederland, TX", "Shape_Leng": 3.277902758, "Shape__Length": 392136.5094657583}}, {"type": "Feature", "id": 110, "geometry": {"type": "LineString", "coordinates": [[-148.621837792, 70.256491311], [-148.703851854, 70.4967731720001]]}, "properties": {"FID": 110, "Opername": "BP PIPELINE (ALASKA)", "Pipename": "Alaska North Slope - Northstar", "Shape_Leng": 0.25389304656, "Shape__Length": 80168.768032013}}, {"type": "Feature", "id": 111, "geometry": {"type": "LineString", "coordinates": [[-148.621837792, 70.256491311], [-148.030972588, 70.2543885760001], [-147.941559412, 70.3574561940001]]}, "properties": {"FID": 111, "Opername": "BP PIPELINE (ALASKA)", "Pipename": "Alaska North Slope - Endicott", "Shape_Leng": 0.727315454913, "Shape__Length": 101249.67156418452}}, {"type": "Feature", "id": 112, "geometry": {"type": "LineString", "coordinates": [[-147.091933633, 70.1538361280001], [-148.030972588, 70.2543885760001]]}, "properties": {"FID": 112, "Opername": "BP PIPELINE (ALASKA)", "Pipename": "Alaska North Slope - Badami", "Shape_Leng": 0.944407197032, "Shape__Length": 109633.94654264541}}, {"type": "Feature", "id": 113, "geometry": {"type": "LineString", "coordinates": [[-150.932860139, 70.342658373], [-150.991601393, 70.322567011], [-150.962701031, 70.287592029], [-150.853370162, 70.2457061870001], [-150.734704594, 70.231650496], [-150.62856393, 70.230678981], [-150.400331121, 70.2370969820001], [-150.215397897, 70.246128936], [-149.920769452, 70.282605651]]}, "properties": {"FID": 113, "Opername": "ALPINE TRANSPORTATION", "Pipename": "Alpine Oil Pipeline", "Shape_Leng": 1.16052715468, "Shape__Length": 146767.1592139686}}, {"type": "Feature", "id": 114, "geometry": {"type": "LineString", "coordinates": [[-149.920769452, 70.282605651], [-149.728223431, 70.3378221350001], [-149.601031149, 70.3246273510001], [-149.408748055, 70.3210646300001], [-149.091513706, 70.3082088150001], [-148.939809903, 70.2929668840001], [-148.855823511, 70.2594774830001], [-148.621837792, 70.256491311]]}, "properties": {"FID": 114, "Opername": "KUPARUK TRANSPORTATION", "Pipename": "Kuparuk Pipeline", "Shape_Leng": 1.31488198089, "Shape__Length": 158128.60891761503}}, {"type": "Feature", "id": 115, "geometry": {"type": "LineString", "coordinates": [[-149.408748055, 70.3210646300001], [-149.45194693, 70.4619445220001]]}, "properties": {"FID": 115, "Opername": "BP PIPELINE (ALASKA)", "Pipename": "Alaska North Slope - Milne", "Shape_Leng": 0.147354289965, "Shape__Length": 46978.45843734112}}, {"type": "Feature", "id": 116, "geometry": {"type": "LineString", "coordinates": [[-149.871510437, 70.5104885470001], [-149.813578249, 70.3954068690001], [-149.783706706, 70.3671288780001], [-149.751983555, 70.3588841810001], [-149.72719299, 70.338514703]]}, "properties": {"FID": 116, "Opername": "ENI US OPERATING", "Pipename": "Sales Oil Pipeline", "Shape_Leng": 0.234836742283, "Shape__Length": 60526.070705743965}}, {"type": "Feature", "id": 117, "geometry": {"type": "LineString", "coordinates": [[-148.433881016, 70.289287152], [-148.621837792, 70.256491311]]}, "properties": {"FID": 117, "Opername": "BP PIPELINE (ALASKA)", "Pipename": "Alaska North Slope - Lisburne", "Shape_Leng": 0.190796532545, "Shape__Length": 23553.48972248388}}, {"type": "Feature", "id": 118, "geometry": {"type": "LineString", "coordinates": [[-148.863547125, 70.3114585440001], [-148.738260602, 70.3056013090001], [-148.621837792, 70.256491311]]}, "properties": {"FID": 118, "Opername": "BP PIPELINE (ALASKA)", "Pipename": "OT-21\\OT-28", "Shape_Leng": 0.251780249054, "Shape__Length": 34828.749801814425}}, {"type": "Feature", "id": 119, "geometry": {"type": "LineString", "coordinates": [[-119.767212263, 35.676246221], [-119.673805062, 35.4257508590001], [-119.473151157, 35.115072819], [-119.064924714, 35.0726140400001], [-118.867728006, 34.8344511340001], [-118.594424547, 34.435978549], [-118.473341535, 34.298919045], [-118.473338337, 34.087178077], [-118.333137748, 33.8529656970001]]}, "properties": {"FID": 119, "Opername": "EXXONMOBIL WEST COAST", "Pipename": "San Joaquin Valley", "Shape_Leng": 2.50760526169, "Shape__Length": 316982.8169431969}}, {"type": "Feature", "id": 120, "geometry": {"type": "LineString", "coordinates": [[-118.223920111, 34.010701684], [-118.229367265, 34.0084438390001], [-118.22846003, 33.9896293910001], [-118.238446338, 33.9888765040001], [-118.226643028, 33.9188455930001], [-118.277963447, 33.9158494530001], [-118.278822557, 33.847209632], [-118.333137748, 33.8529656970001]]}, "properties": {"FID": 120, "Opername": "EXXONMOBIL WEST COAST", "Pipename": "Torrance to KM Watson\\Vernon", "Shape_Leng": 0.280438487546, "Shape__Length": 34839.048087820156}}, {"type": "Feature", "id": 121, "geometry": {"type": "LineString", "coordinates": [[-103.951060141, 48.603886055], [-104.456809432, 48.5998780840001], [-104.790780721, 48.8562164030001]]}, "properties": {"FID": 121, "Opername": "ENBRIDGE", "Pipename": "North Dakota System", "Shape_Leng": 0.926771295043, "Shape__Length": 113343.833852225}}, {"type": "Feature", "id": 122, "geometry": {"type": "LineString", "coordinates": [[-102.926552388, 48.284781772], [-103.776739383, 48.261124694], [-103.791223518, 48.0872791270001], [-103.662082005, 47.979471629]]}, "properties": {"FID": 122, "Opername": "ENBRIDGE", "Pipename": "North Dakota System", "Shape_Leng": 1.19318997324, "Shape__Length": 146784.4976853735}}, {"type": "Feature", "id": 123, "geometry": {"type": "LineString", "coordinates": [[-101.206610272, 48.7196611210001], [-100.914924461, 48.7160967550001]]}, "properties": {"FID": 123, "Opername": "ENBRIDGE", "Pipename": "North Dakota System", "Shape_Leng": 0.291707588252, "Shape__Length": 32475.884882742426}}, {"type": "Feature", "id": 124, "geometry": {"type": "LineString", "coordinates": [[-104.721313262, 49.002091852], [-104.790780721, 48.8562164030001], [-104.934893932, 48.561858897], [-105.130009767, 48.2326666540001], [-104.978704934, 47.949309075], [-104.852744886, 47.366518371], [-104.777442262, 47.0842776790001], [-104.7668266, 46.961690735], [-104.604955706, 46.8347532280001], [-104.559385172, 46.7390715220001], [-104.443748923, 46.606653356], [-104.450770563, 46.3901149440001]]}, "properties": {"FID": 124, "Opername": "BRIDGER PIPELINE", "Pipename": "Poplar System", "Shape_Leng": 2.90875646981, "Shape__Length": 455800.4470077746}}, {"type": "Feature", "id": 125, "geometry": {"type": "LineString", "coordinates": [[-104.978704934, 47.949309075], [-104.936526156, 47.909638666], [-104.842657355, 47.9108206650001], [-104.76826618, 47.867405295]]}, "properties": {"FID": 125, "Opername": "BRIDGER PIPELINE", "Pipename": "Poplar System", "Shape_Leng": 0.237912805956, "Shape__Length": 29521.78394930834}}, {"type": "Feature", "id": 126, "geometry": {"type": "LineString", "coordinates": [[-102.918420587, 47.9769975670001], [-102.904630318, 47.7526256260001], [-102.842322774, 47.682757746], [-102.847514034, 47.6477905780001], [-102.878667364, 47.623298864], [-102.847510906, 47.4725977100001], [-102.899433608, 47.419927585], [-102.894241027, 47.3285052750001], [-103.01366193, 47.2122420530001], [-103.003274532, 47.0709713160001], [-103.226537984, 46.904499027], [-103.294038405, 46.904499232], [-103.299231236, 46.822845704], [-103.418658855, 46.755298818], [-103.605587876, 46.765970198], [-104.020986001, 46.6876664060001], [-104.166374563, 46.630647303], [-104.223492177, 46.5128543800001], [-104.38965179, 46.512853377], [-104.450770563, 46.3901149440001]]}, "properties": {"FID": 126, "Opername": "BRIDGER PIPELINE", "Pipename": "Four Bears Pipeline System", "Shape_Leng": 2.7864491299, "Shape__Length": 380767.52397837717}}, {"type": "Feature", "id": 127, "geometry": {"type": "LineString", "coordinates": [[-111.548367133, 40.722456455], [-111.150322407, 40.8996492810001], [-111.059619284, 41.0632803980001], [-110.821034423, 41.256764119]]}, "properties": {"FID": 127, "Opername": "PLAINS ALL AMERICAN PIPELINE", "Pipename": "Rocky Mountain", "Shape_Leng": 0.929970103663, "Shape__Length": 116598.54086369628}}, {"type": "Feature", "id": 128, "geometry": {"type": "LineString", "coordinates": [[-111.059619284, 41.0632803980001], [-111.069955526, 41.244413239]]}, "properties": {"FID": 128, "Opername": "PLAINS ALL AMERICAN PIPELINE", "Pipename": "Rocky Mountain", "Shape_Leng": 0.181427517173, "Shape__Length": 26804.392795242173}}, {"type": "Feature", "id": 129, "geometry": {"type": "LineString", "coordinates": [[-106.372236921, 42.862148156], [-106.821423378, 43.009167972], [-107.08781904, 43.0383783940001], [-107.354136184, 43.252422838], [-107.659138002, 43.347813202], [-107.953603631, 43.7352854380001], [-108.499713393, 43.9082619220001], [-108.859352506, 44.157231434], [-109.019193294, 44.471724124], [-108.819399216, 44.973288507], [-108.613944077, 45.1552395630001], [-108.806084638, 45.302127484], [-108.771337282, 45.657145249], [-108.43656786, 45.81489836]]}, "properties": {"FID": 129, "Opername": "PLAINS ALL AMERICAN PIPELINE", "Pipename": "Rocky Mountain", "Shape_Leng": 5.03455645144, "Shape__Length": 659170.3386125811}}, {"type": "Feature", "id": 130, "geometry": {"type": "LineString", "coordinates": [[-106.372236921, 42.862148156], [-106.248667958, 43.3394287580001], [-106.395190941, 43.8698875910001]]}, "properties": {"FID": 130, "Opername": "PLAINS ALL AMERICAN PIPELINE", "Pipename": "Rocky Mountain", "Shape_Leng": 1.04334044328, "Shape__Length": 157220.08541247476}}, {"type": "Feature", "id": 131, "geometry": {"type": "LineString", "coordinates": [[-109.979686443, 41.5640319390001], [-109.44881994, 41.532044609], [-108.85264697, 41.7041853320001], [-108.331431788, 41.6346908420001], [-107.923704585, 41.6822178460001], [-107.403396777, 41.7742932300001], [-105.569355624, 41.908657024], [-105.396317101, 42.126355259], [-104.758671582, 42.213934195], [-104.697181519, 42.219638235], [-104.662390091, 42.2228217320001]]}, "properties": {"FID": 131, "Opername": "PLAINS ALL AMERICAN PIPELINE", "Pipename": "Rocky Mountain", "Shape_Leng": 5.47443501992, "Shape__Length": 620856.0036887288}}, {"type": "Feature", "id": 132, "geometry": {"type": "LineString", "coordinates": [[-104.492869565, 42.19124989], [-104.716894125, 41.918567995], [-104.716894814, 41.3211612160001], [-104.688148252, 41.1171323140001], [-104.828277082, 41.108386883]]}, "properties": {"FID": 132, "Opername": "PLAINS ALL AMERICAN PIPELINE", "Pipename": "Rocky Mountain", "Shape_Leng": 1.29675799251, "Shape__Length": 182864.4863887711}}, {"type": "Feature", "id": 133, "geometry": {"type": "LineString", "coordinates": [[-107.99747848, 41.6736177600001], [-107.627409075, 41.032976595], [-108.841912803, 40.1114137750001]]}, "properties": {"FID": 133, "Opername": "PLAINS ALL AMERICAN PIPELINE", "Pipename": "Rocky Mountain", "Shape_Leng": 2.26441088374, "Shape__Length": 294655.7766431136}}, {"type": "Feature", "id": 134, "geometry": {"type": "LineString", "coordinates": [[-118.238643062, 33.8109765660001], [-118.224756747, 34.086535269], [-118.56881507, 34.370978236], [-118.831689334, 34.8164660350001], [-119.001787673, 35.06995664], [-119.361308298, 35.057302087], [-119.457954067, 34.9591515760001], [-119.682172858, 34.9813284140001], [-120.076484109, 35.101596488], [-120.169267258, 35.0319905960001], [-120.219524338, 35.0193288990001], [-120.2620497, 34.905281997], [-120.169268291, 34.756149403], [-120.196328033, 34.6162907500001], [-120.246582595, 34.4953142950001], [-120.045559086, 34.473012023]]}, "properties": {"FID": 134, "Opername": "PLAINS ALL AMERICAN PIPELINE", "Pipename": "West Coast Systmem", "Shape_Leng": 3.62078559611, "Shape__Length": 444420.97280179267}}, {"type": "Feature", "id": 135, "geometry": {"type": "LineString", "coordinates": [[-106.372236921, 42.862148156], [-105.7187042, 42.872581821], [-105.050923195, 42.417609225], [-104.999414916, 42.3691355070001], [-104.688074671, 42.2342474700001], [-104.674124859, 42.2272736670001], [-104.6627454, 42.222821733]]}, "properties": {"FID": 135, "Opername": "PLAINS ALL AMERICAN PIPELINE", "Pipename": "Rocky Mountain", "Shape_Leng": 1.89950796817, "Shape__Length": 226855.66519140895}}, {"type": "Feature", "id": 136, "geometry": {"type": "LineString", "coordinates": [[-109.979686443, 41.5640319390001], [-110.226135025, 42.1752661350001], [-110.226135162, 42.252688726]]}, "properties": {"FID": 136, "Opername": "PLAINS ALL AMERICAN PIPELINE", "Pipename": "Rocky Mountain", "Shape_Leng": 0.736470499676, "Shape__Length": 107040.52332209883}}, {"type": "Feature", "id": 137, "geometry": {"type": "LineString", "coordinates": [[-96.758547548, 35.946983597], [-96.680120039, 35.7616261470001], [-96.9630385359999, 35.3715592500001], [-97.559788041, 34.2257099600001], [-95.20388258, 32.589516109], [-94.8393392689999, 32.4841976940001]]}, "properties": {"FID": 137, "Opername": "PLAINS ALL AMERICAN PIPELINE", "Pipename": "CK Red River", "Shape_Leng": 5.22286194347, "Shape__Length": 641901.9852455743}}, {"type": "Feature", "id": 138, "geometry": {"type": "LineString", "coordinates": [[-94.83758722, 32.4825937690001], [-94.367542757, 32.577591811], [-94.020393022, 32.5564846570001], [-93.8583798399999, 32.5479889050001], [-93.791528429, 32.465770288], [-93.5131797129999, 32.5943022390001], [-93.124851367, 32.7871141190001], [-92.8762305869999, 32.8936845580001]]}, "properties": {"FID": 138, "Opername": "PLAINS ALL AMERICAN PIPELINE", "Pipename": "ARKLATEX", "Shape_Leng": 2.10619339605, "Shape__Length": 240371.57259709697}}, {"type": "Feature", "id": 139, "geometry": {"type": "LineString", "coordinates": [[-93.124851367, 32.7871141190001], [-93.137605652, 32.946518843], [-93.061427664, 32.9788476000001]]}, "properties": {"FID": 139, "Opername": "PLAINS ALL AMERICAN PIPELINE", "Pipename": "ARKLATEX", "Shape_Leng": 0.242668217286, "Shape__Length": 30677.301866442518}}, {"type": "Feature", "id": 140, "geometry": {"type": "LineString", "coordinates": [[-94.020393022, 32.5564846570001], [-93.9645782549999, 32.7593807320001]]}, "properties": {"FID": 140, "Opername": "PLAINS ALL AMERICAN PIPELINE", "Pipename": "ARKLATEX", "Shape_Leng": 0.210433137756, "Shape__Length": 27537.652063615475}}, {"type": "Feature", "id": 141, "geometry": {"type": "LineString", "coordinates": [[-95.92896899, 37.041519904], [-95.918060629, 36.871076278], [-96.00289438, 36.7680225610001], [-95.9840288079999, 36.557908152], [-96.739379971, 35.953369035]]}, "properties": {"FID": 141, "Opername": "PLAINS ALL AMERICAN PIPELINE", "Pipename": "Coffeyville", "Shape_Leng": 1.48271447786, "Shape__Length": 188641.68319578213}}, {"type": "Feature", "id": 142, "geometry": {"type": "LineString", "coordinates": [[-96.7445102569999, 35.9563228870001], [-97.4419755439999, 35.4671141690001], [-97.390589432, 35.1318542180001], [-97.475755737, 34.689770046], [-97.5467886599999, 34.4809182110001], [-97.374071035, 34.177225706]]}, "properties": {"FID": 142, "Opername": "PLAINS ALL AMERICAN PIPELINE", "Pipename": "Cherokee", "Shape_Leng": 2.21128959832, "Shape__Length": 283995.1572418405}}, {"type": "Feature", "id": 143, "geometry": {"type": "LineString", "coordinates": [[-91.554982724, 32.447373589], [-91.6762925909999, 32.314805193], [-91.419403646, 31.770457411], [-91.4122671809999, 31.7037035870001], [-91.169648286, 31.545730083], [-90.764918902, 31.157672877], [-90.591654727, 31.009072432], [-90.661588436, 30.852051857]]}, "properties": {"FID": 143, "Opername": "PLAINS ALL AMERICAN PIPELINE", "Pipename": "Mississippi Alabama", "Shape_Leng": 2.09912334289, "Shape__Length": 258702.93348252837}}, {"type": "Feature", "id": 144, "geometry": {"type": "LineString", "coordinates": [[-90.7645629409999, 31.16197881], [-90.470349004, 31.2045755440001], [-89.977978762, 31.137419155], [-89.428517276, 31.027422506], [-88.6506981679999, 30.856063299], [-88.400939331, 30.825429698], [-88.1797253409999, 30.8070447690001], [-88.0512800929999, 30.7334738820001]]}, "properties": {"FID": 144, "Opername": "PLAINS ALL AMERICAN PIPELINE", "Pipename": "Mississippi Alabama", "Shape_Leng": 2.77267559788, "Shape__Length": 310941.65487718704}}, {"type": "Feature", "id": 145, "geometry": {"type": "LineString", "coordinates": [[-89.428517276, 31.027422506], [-89.328617401, 31.19847445], [-89.207307971, 31.289982421], [-88.9147389229999, 31.8310951670001]]}, "properties": {"FID": 145, "Opername": "PLAINS ALL AMERICAN PIPELINE", "Pipename": "Mississippi Alabama", "Shape_Leng": 0.9651826255, "Shape__Length": 120709.71928965088}}, {"type": "Feature", "id": 146, "geometry": {"type": "LineString", "coordinates": [[-91.419403646, 31.770457411], [-91.769056813, 31.515325438]]}, "properties": {"FID": 146, "Opername": "PLAINS ALL AMERICAN PIPELINE", "Pipename": "Mississippi Alabama", "Shape_Leng": 0.432839070371, "Shape__Length": 51263.630445876544}}, {"type": "Feature", "id": 147, "geometry": {"type": "LineString", "coordinates": [[-88.9932344869999, 31.9038142050001], [-88.993234362, 31.879580957], [-88.9147389229999, 31.8310951670001], [-88.836244323, 31.7886492640001], [-88.714932929, 31.812906029], [-88.714932042, 31.746184256]]}, "properties": {"FID": 147, "Opername": "PLAINS ALL AMERICAN PIPELINE", "Pipename": "Mississippi Alabama", "Shape_Leng": 0.396166434613, "Shape__Length": 46948.97344055089}}, {"type": "Feature", "id": 148, "geometry": {"type": "LineString", "coordinates": [[-88.1797253409999, 30.8070447690001], [-88.13691018, 30.9050520390001], [-88.065551912, 30.8989290420001]]}, "properties": {"FID": 148, "Opername": "PLAINS ALL AMERICAN PIPELINE", "Pipename": "Mississippi Alabama", "Shape_Leng": 0.178571700213, "Shape__Length": 21556.474205730297}}, {"type": "Feature", "id": 149, "geometry": {"type": "LineString", "coordinates": [[-103.981176043, 33.05146732], [-104.832644965, 34.0148474590001], [-106.190158611, 35.0772015470001], [-107.218325289, 35.8294281820001], [-107.619954538, 36.047179493], [-108.14208067, 36.476086212]]}, "properties": {"FID": 149, "Opername": "WESTERN REFINING", "Pipename": "Western Refining Pipeline", "Shape_Leng": 5.41604028971, "Shape__Length": 658879.19246119}}, {"type": "Feature", "id": 150, "geometry": {"type": "LineString", "coordinates": [[-107.989460846, 36.700440593], [-108.14208067, 36.476086212], [-108.366990064, 36.159353164], [-108.479447493, 35.684255039], [-108.423126811, 35.4965144340001], [-108.021584748, 35.532492528], [-107.724377237, 35.763440395], [-107.619954538, 36.047179493]]}, "properties": {"FID": 150, "Opername": "WESTERN REFINING", "Pipename": "Western Refining Pipeline", "Shape_Leng": 2.42592526917, "Shape__Length": 310246.09012469836}}, {"type": "Feature", "id": 151, "geometry": {"type": "LineString", "coordinates": [[-103.176579063, 32.0648646510001], [-103.981176043, 33.05146732]]}, "properties": {"FID": 151, "Opername": "PLAINS ALL AMERICAN PIPELINE", "Pipename": "Basin", "Shape_Leng": 1.27309116983, "Shape__Length": 158122.75627214342}}, {"type": "Feature", "id": 152, "geometry": {"type": "LineString", "coordinates": [[-88.468883482, 31.930278978], [-88.374694967, 32.089735918], [-88.173124382, 32.3374166360001], [-88.077137831, 32.4832728960001], [-87.971551351, 32.717765711], [-87.889963423, 32.7944483960001], [-87.798776101, 32.9395602330001], [-87.7171878119999, 33.0240988], [-87.6691948609999, 33.0683484830001], [-87.635600655, 33.1969490600001], [-87.602004734, 33.204980757]]}, "properties": {"FID": 152, "Opername": "HUNT CRUDE OIL SUPPLY", "Pipename": "Hunt Oil", "Shape_Leng": 1.56988725697, "Shape__Length": 197252.76764400664}}, {"type": "Feature", "id": 153, "geometry": {"type": "LineString", "coordinates": [[-89.334568175, 31.7883736690001], [-89.1905881979999, 31.800609546], [-89.1153643709999, 31.822724819], [-89.0460085619999, 31.824377725], [-89.005255576, 31.8409921850001], [-88.9400083199999, 31.8866155050001], [-88.682682988, 32.004548427], [-88.649594658, 32.0372965670001], [-88.5026064849999, 31.897581275]]}, "properties": {"FID": 153, "Opername": "HUNT CRUDE OIL SUPPLY", "Pipename": "Hunt Oil", "Shape_Leng": 0.94831924465, "Shape__Length": 109923.67359045902}}, {"type": "Feature", "id": 154, "geometry": {"type": "LineString", "coordinates": [[-88.468974524, 31.931721928], [-88.484197647, 31.9041569610001], [-88.504495623, 31.8989882330001], [-88.559301563, 31.8964035510001], [-88.562346313, 31.8774462210001], [-88.601927006, 31.851589273], [-88.63440466, 31.840382785], [-88.658761336, 31.797267355], [-88.6780452199999, 31.7800150150001], [-88.717626251, 31.752405093]]}, "properties": {"FID": 154, "Opername": "HUNT CRUDE OIL SUPPLY", "Pipename": "Hunt Oil", "Shape_Leng": 0.331790682021, "Shape__Length": 39512.86959157381}}, {"type": "Feature", "id": 155, "geometry": {"type": "LineString", "coordinates": [[-88.17972323, 31.843830428], [-88.24569114, 31.8464159050001], [-88.320795892, 31.8731362840001], [-88.440555686, 31.8817545420001], [-88.469989601, 31.932582903]]}, "properties": {"FID": 155, "Opername": "HUNT CRUDE OIL SUPPLY", "Pipename": "Hunt Oil", "Shape_Leng": 0.324540094039, "Shape__Length": 37222.29052988656}}, {"type": "Feature", "id": 156, "geometry": {"type": "LineString", "coordinates": [[-89.006875499, 31.8171039260001], [-89.003830592, 31.851590856], [-88.98657708, 31.875724049]]}, "properties": {"FID": 156, "Opername": "HUNT CRUDE OIL SUPPLY", "Pipename": "Hunt Oil", "Shape_Leng": 0.0642874786895, "Shape__Length": 8232.103590607676}}, {"type": "Feature", "id": 157, "geometry": {"type": "LineString", "coordinates": [[-88.2781702459999, 31.898125222], [-88.247721052, 31.841243069], [-88.179723252, 31.844692401]]}, "properties": {"FID": 157, "Opername": "HUNT CRUDE OIL SUPPLY", "Pipename": "Hunt Oil", "Shape_Leng": 0.132604474332, "Shape__Length": 15773.359851835952}}, {"type": "Feature", "id": 158, "geometry": {"type": "LineString", "coordinates": [[-90.773687014, 31.165193711], [-90.702051892, 31.228580116], [-90.6675285699999, 31.260617901], [-90.654808294, 31.2730678410001], [-90.640514025, 31.2823438200001], [-90.614530466, 31.307757673], [-90.581168764, 31.338955474], [-90.5613193579999, 31.3564493530001], [-90.508073299, 31.400537017], [-90.463555807, 31.4429793300001], [-90.429460745, 31.453868023], [-90.415115239, 31.465852773], [-90.339100727, 31.509096544], [-90.194243126, 31.575167051], [-90.022862715, 31.651611625], [-89.869844053, 31.724522505], [-89.814757486, 31.7384041820001], [-89.649498567, 31.738403476], [-89.551566559, 31.766158999], [-89.3720262699999, 31.785236072], [-89.278174583, 31.800840819], [-89.28225574, 31.8060426980001]]}, "properties": {"FID": 158, "Opername": "GENESIS ENERGY", "Pipename": "Genesis Pipeline", "Shape_Leng": 1.68117748562, "Shape__Length": 193760.06664995264}}, {"type": "Feature", "id": 159, "geometry": {"type": "LineString", "coordinates": [[-89.814757473, 31.741874091], [-89.755590791, 31.797376516], [-89.680523615, 31.866813058], [-89.666088226, 31.880165601], [-89.6642952569999, 31.9434667900001], [-89.757630674, 31.994833505], [-89.8460572979999, 31.9496004280001], [-89.914908289, 31.920555047]]}, "properties": {"FID": 159, "Opername": "GENESIS ENERGY", "Pipename": "Genesis Pipeline", "Shape_Leng": 0.54695988, "Shape__Length": 65279.880275458665}}, {"type": "Feature", "id": 160, "geometry": {"type": "LineString", "coordinates": [[-90.614692468, 31.307757672], [-90.605418336, 31.30874471], [-90.598593238, 31.309670735], [-90.582871025, 31.310023814], [-90.5703188319999, 31.313166842], [-90.5563006569999, 31.311751932], [-90.55122559, 31.31164296], [-90.549245541, 31.3144999350001]]}, "properties": {"FID": 160, "Opername": "GENESIS ENERGY", "Pipename": "Genesis Pipeline", "Shape_Leng": 0.0675217155492, "Shape__Length": 7585.634337838197}}, {"type": "Feature", "id": 161, "geometry": {"type": "LineString", "coordinates": [[-90.415115239, 31.465852773], [-90.432629558, 31.4887725150001], [-90.4309112179999, 31.5230106120001], [-90.457433797, 31.542138143], [-90.4921176249999, 31.557785816], [-90.4921174949999, 31.571692365], [-90.512519691, 31.5942856500001], [-90.524760892, 31.592547686]]}, "properties": {"FID": 161, "Opername": "GENESIS ENERGY", "Pipename": "Genesis Pipeline", "Shape_Leng": 0.190589599656, "Shape__Length": 23204.769716340477}}, {"type": "Feature", "id": 162, "geometry": {"type": "LineString", "coordinates": [[-90.415115239, 31.465852773], [-90.4113781949999, 31.4579008790001], [-90.3717449599999, 31.3437135740001]]}, "properties": {"FID": 162, "Opername": "GENESIS ENERGY", "Pipename": "Genesis Pipeline", "Shape_Leng": 0.129656150866, "Shape__Length": 16650.192188072073}}, {"type": "Feature", "id": 163, "geometry": {"type": "LineString", "coordinates": [[-89.6642952569999, 31.9434667900001], [-89.5826642329999, 31.9748446510001]]}, "properties": {"FID": 163, "Opername": "GENESIS ENERGY", "Pipename": "Genesis Pipeline", "Shape_Leng": 0.0874539549719, "Shape__Length": 9976.247010983127}}, {"type": "Feature", "id": 164, "geometry": {"type": "LineString", "coordinates": [[-98.464291981, 26.65470284], [-98.411644552, 26.809532022], [-98.117451156, 27.116096288], [-98.0524195899999, 27.15944876], [-98.0679026609999, 27.3266643740001], [-98.098870103, 27.407174689], [-98.0462248109999, 27.469107165], [-97.9285492989999, 27.546521982], [-97.92854945, 27.661094791], [-97.854227169, 27.7725704910001], [-97.786099943, 27.797343321], [-97.6095870089999, 27.915012807], [-97.4144936449999, 27.9088205620001], [-97.299915289, 27.90572576], [-97.2224972289999, 27.874760742]]}, "properties": {"FID": 164, "Opername": "KOCH PIPELINE", "Pipename": "Koch pipeline", "Shape_Leng": 2.06929087295, "Shape__Length": 244740.2552776332}}, {"type": "Feature", "id": 165, "geometry": {"type": "LineString", "coordinates": [[-97.433073366, 27.806635284], [-97.525975675, 27.8468895290001], [-97.420687718, 27.908820505]]}, "properties": {"FID": 165, "Opername": "KOCH PIPELINE", "Pipename": "Koch pipeline", "Shape_Leng": 0.223399967386, "Shape__Length": 25594.81921300418}}, {"type": "Feature", "id": 166, "geometry": {"type": "LineString", "coordinates": [[-96.8167626759999, 28.685130444], [-96.974386252, 28.5275176370001], [-97.1959056429999, 28.186734259], [-97.276844943, 28.101440945]]}, "properties": {"FID": 166, "Opername": "KOCH PIPELINE", "Pipename": "Koch pipeline", "Shape_Leng": 0.746943441173, "Shape__Length": 90298.51547013635}}, {"type": "Feature", "id": 167, "geometry": {"type": "LineString", "coordinates": [[-97.2214642229999, 27.8757736910001], [-97.276844943, 28.101538941], [-97.295525608, 28.271704749], [-97.7896541919999, 28.608446326], [-97.792303005, 29.2729694490001], [-97.434463307, 29.7415485700001], [-97.285363505, 29.924720302], [-97.063840886, 29.9204623570001], [-97.059580698, 29.9843580130001], [-96.782678677, 30.295323265], [-96.7826787389999, 30.329402214], [-96.684697296, 30.469974547], [-96.637835072, 30.5722090840001], [-96.57819341, 30.8533533770001]]}, "properties": {"FID": 167, "Opername": "KOCH PIPELINE", "Pipename": "Koch pipeline", "Shape_Leng": 3.79918596856, "Shape__Length": 465758.7760671608}}, {"type": "Feature", "id": 168, "geometry": {"type": "LineString", "coordinates": [[-97.153306071, 28.378424637], [-97.2973246179999, 28.2718547310001]]}, "properties": {"FID": 168, "Opername": "KOCH PIPELINE", "Pipename": "Koch pipeline", "Shape_Leng": 0.179160505539, "Shape__Length": 20944.07889285846}}, {"type": "Feature", "id": 169, "geometry": {"type": "LineString", "coordinates": [[-97.628181372, 29.6760291520001], [-96.906684887, 29.6767797910001], [-96.539147977, 29.762274274], [-96.042163576, 29.774878062]]}, "properties": {"FID": 169, "Opername": "ENTERPRISE PRODUCTS PARTNERS", "Pipename": "TEPPCO South Texas Crude", "Shape_Leng": 1.5959906254, "Shape__Length": 178020.56126926708}}, {"type": "Feature", "id": 170, "geometry": {"type": "LineString", "coordinates": [[-98.1399711019999, 28.924357382], [-97.77158544, 29.0649606630001], [-97.4162275479999, 29.290778093], [-97.353193096, 29.3353943160001], [-97.259406949, 29.3456032610001], [-97.185787433, 29.3434357470001], [-97.011618155, 29.36634121], [-96.9605591659999, 29.413644785], [-96.625848987, 29.4780688070001], [-96.197864105, 29.659674905]]}, "properties": {"FID": 170, "Opername": "ENTERPRISE PRODUCTS PARTNERS", "Pipename": "Eagle Ford Expansion", "Shape_Leng": 2.11160964585, "Shape__Length": 240502.26560620585}}, {"type": "Feature", "id": 171, "geometry": {"type": "LineString", "coordinates": [[-96.637599033, 28.806374164], [-96.512896432, 29.0763021070001], [-96.197864105, 29.659674905], [-96.1584850529999, 29.756577279], [-96.042163576, 29.774878062]]}, "properties": {"FID": 171, "Opername": "ENTERPRISE PRODUCTS PARTNERS", "Pipename": "TEPPCO South Texas Crude", "Shape_Leng": 1.18269190084, "Shape__Length": 145723.94744720336}}, {"type": "Feature", "id": 172, "geometry": {"type": "LineString", "coordinates": [[-97.2939107019999, 29.921662358], [-96.854179545, 29.9557857090001], [-96.644159082, 29.9330390690001], [-96.042163576, 29.774878062]]}, "properties": {"FID": 172, "Opername": "ENTERPRISE PRODUCTS PARTNERS", "Pipename": "TEPPCO South Texas Crude", "Shape_Leng": 1.27472733559, "Shape__Length": 142728.93907569099}}, {"type": "Feature", "id": 173, "geometry": {"type": "LineString", "coordinates": [[-95.2210868939999, 29.6270323470001], [-95.245822532, 29.603031055], [-95.286431887, 29.581065301], [-95.398298726, 29.435698604], [-95.429317281, 29.39458734], [-95.493136181, 29.3320546360001], [-95.607552488, 29.257893354], [-95.684563028, 29.144255806]]}, "properties": {"FID": 173, "Opername": "ENTERPRISE PRODUCTS PARTNERS", "Pipename": "TEPPCO South Texas Crude", "Shape_Leng": 0.678534784696, "Shape__Length": 81512.56235691864}}, {"type": "Feature", "id": 174, "geometry": {"type": "LineString", "coordinates": [[-96.512896432, 29.0763021070001], [-96.302875226, 29.0017092350001]]}, "properties": {"FID": 174, "Opername": "ENTERPRISE PRODUCTS PARTNERS", "Pipename": "TEPPCO South Texas Crude", "Shape_Leng": 0.222874411997, "Shape__Length": 25234.956758641692}}, {"type": "Feature", "id": 175, "geometry": {"type": "LineString", "coordinates": [[-96.042163576, 29.774878062], [-95.745497864, 29.671301183], [-95.6395819749999, 29.6755653330001], [-95.505378633, 29.619985263], [-95.220319558, 29.6281848350001]]}, "properties": {"FID": 175, "Opername": "ENTERPRISE PRODUCTS PARTNERS", "Pipename": "TEPPCO South Texas Crude", "Shape_Leng": 0.850663133209, "Shape__Length": 95695.79242885223}}, {"type": "Feature", "id": 176, "geometry": {"type": "LineString", "coordinates": [[-96.042163576, 29.774878062], [-95.5872553309999, 29.887956033], [-95.4102807639999, 29.938724721], [-95.6071763479999, 30.1091892580001]]}, "properties": {"FID": 176, "Opername": "ENTERPRISE PRODUCTS PARTNERS", "Pipename": "TEPPCO South Texas Crude", "Shape_Leng": 0.913298611168, "Shape__Length": 104425.9335678849}}, {"type": "Feature", "id": 177, "geometry": {"type": "LineString", "coordinates": [[-95.5872553309999, 29.887956033], [-95.6154160299999, 29.9107653930001], [-95.377595387, 30.2435455240001]]}, "properties": {"FID": 177, "Opername": "ENTERPRISE PRODUCTS PARTNERS", "Pipename": "TEPPCO South Texas Crude", "Shape_Leng": 0.445264152963, "Shape__Length": 54624.15482166912}}, {"type": "Feature", "id": 178, "geometry": {"type": "LineString", "coordinates": [[-111.908407573, 40.795267739], [-111.814984128, 40.75773839], [-111.523720468, 40.732720338], [-110.232274239, 40.169779087], [-109.314527934, 40.0697053370001], [-109.045244663, 40.044688545], [-108.84740872, 40.0989039620001]]}, "properties": {"FID": 178, "Opername": "HOLLY ENERGY", "Pipename": "Salt Lake Crude Pipeline", "Shape_Leng": 3.20058176584, "Shape__Length": 366868.97422969545}}, {"type": "Feature", "id": 179, "geometry": {"type": "LineString", "coordinates": [[-92.3222350679999, 46.610899293], [-93.0937860979999, 47.0290878640001], [-93.5897763149999, 47.2654595230001], [-94.829790535, 47.3927433700001], [-95.463572313, 47.720026464], [-96.235139703, 47.9564055760001], [-97.695576704, 48.9564520540001], [-104.501770814, 50.2292497880001], [-109.444314057, 51.835902048], [-111.625671409, 52.576310855], [-113.804534693, 53.431945054]]}, "properties": {"FID": 179, "Opername": "ENBRIDGE", "Pipename": "Alberta Clipper", "Shape_Leng": 22.7295773147, "Shape__Length": 2708701.136051144}}, {"type": "Feature", "id": 180, "geometry": {"type": "LineString", "coordinates": [[-100.817938568, 32.52564446], [-100.557772, 32.588553511], [-100.332000042, 32.540178607], [-99.644566124, 32.089871741], [-98.709483943, 31.7008018110001], [-97.968293081, 31.4453753780001], [-97.2896161639999, 31.223149951], [-96.627333286, 30.722835328], [-96.1304267839999, 30.410693076], [-95.743942604, 30.116500751], [-95.282756284, 29.799985472], [-94.925200784, 29.3710672240001]]}, "properties": {"FID": 180, "Opername": "MAGELLAN MIDSTREAM PARTNERS", "Pipename": "BridgeTex", "Shape_Leng": 6.85155471068, "Shape__Length": 796106.425640126}}, {"type": "Feature", "id": 181, "geometry": {"type": "MultiLineString", "coordinates": [[[-93.939058224, 29.917484394], [-94.0377293239999, 29.9904527570001], [-94.0661481669999, 29.9670293560001], [-94.257334135, 30.0254617570001], [-94.338164975, 30.0822745510001], [-94.4945020279999, 30.084567298], [-94.683473068, 30.2065401900001], [-94.7428667189999, 30.3504536350001], [-94.842005241, 30.546070516], [-94.774247545, 31.034330189], [-94.818568348, 31.082661596], [-94.779992797, 31.121224634], [-94.850208213, 31.178315679], [-94.876875248, 31.2836916260001], [-94.949843044, 31.381944811], [-94.879198586, 31.719290422], [-94.898826618, 31.845189281], [-94.9852041409999, 32.1087613730001], [-95.079984504, 32.294389499], [-95.152511241, 32.728492116], [-95.227159254, 32.9621421570001], [-95.308052262, 33.106177684], [-95.757780893, 33.702932471], [-96.102536092, 34.1570790960001], [-96.1600672, 34.304837498]], [[-96.1541650469999, 34.3036576110001], [-96.3913232359999, 34.678101246], [-96.3935165409999, 34.8546095990001], [-96.403888883, 34.915987046], [-96.443464685, 35.0966432590001], [-96.43669181, 35.2910268480001], [-96.5157842149999, 35.414636107], [-96.534741529, 35.4689368700001], [-96.5699943499999, 35.5342808870001], [-96.587697675, 35.6245804870001], [-96.634324583, 35.72250634], [-96.6330706699999, 35.75850417], [-96.6578590129999, 35.884922542], [-96.7667062779999, 35.984980954]]]}, "properties": {"FID": 181, "Opername": "TRANSCANADA", "Pipename": "Gulf Coast Project", "Shape_Leng": 7.2867493611, "Shape__Length": 929123.6325809641}}, {"type": "Feature", "id": 182, "geometry": {"type": "LineString", "coordinates": [[-104.68699756, 42.2258166560001], [-104.568138027, 42.213353844], [-104.504272717, 42.2057879390001], [-104.481239265, 41.989466914], [-104.131813914, 41.570744249], [-103.968335283, 41.3933393120001], [-103.546490451, 40.997253142], [-103.305156681, 40.753984744], [-103.056550309, 40.670674128], [-102.051332215, 40.333807984], [-100.71967028, 39.868168105], [-100.179880726, 39.653918135], [-99.8500331289999, 39.538744417], [-99.541746087, 39.4553511], [-99.275203311, 39.399697002], [-99.0486283709999, 39.2722335920001], [-98.7085999289999, 39.1840226140001], [-98.20898295, 39.075296837], [-98.142799881, 39.038593232], [-98.010834003, 38.9573824330001], [-97.943208827, 38.8758584020001], [-97.949260784, 38.6296427030001], [-97.932325267, 38.623027651], [-97.917151877, 38.6098046760001], [-97.906924195, 38.5426522540001], [-97.827547237, 38.431565607], [-97.694750985, 38.345765149], [-97.578950638, 38.173906754], [-97.197864865, 37.9124800810001], [-97.022095904, 37.8351400330001], [-96.894601225, 37.7943650730001], [-96.905987124, 37.480895435], [-97.005727334, 37.280439435], [-96.9974712379999, 37.2130738660001], [-97.0304972609999, 37.1374209030001], [-97.067651347, 36.880294603], [-97.079748068, 36.6762283730001], [-97.090357865, 36.633897714], [-97.071782674, 36.3900320030001], [-97.032101356, 36.333336983], [-96.7667062779999, 35.984980954]]}, "properties": {"FID": 182, "Opername": "TALLGRASS ENERGY", "Pipename": "Pony Express Pipeline", "Shape_Leng": 11.4132606324, "Shape__Length": 1412606.4880426265}}, {"type": "Feature", "id": 183, "geometry": {"type": "LineString", "coordinates": [[-85.8643938019999, 44.480973987], [-85.764995113, 44.4772412730001], [-85.6603649159999, 44.607744161], [-85.341242812, 44.663584416], [-85.184297515, 44.7007814], [-85.158139965, 44.7973817880001], [-84.791934273, 44.8493305100001], [-84.765776723, 44.9049379080001], [-84.666378035, 44.9271658210001], [-84.6559150149999, 44.9826979850001], [-84.566979347, 44.967894663], [-84.375464887, 44.870499131]]}, "properties": {"FID": 183, "Opername": "MARKWEST MICHIGAN PIPELINE", "Pipename": "Michigan Pipeline", "Shape_Leng": 1.74678343342, "Shape__Length": 212590.49674502146}}, {"type": "Feature", "id": 184, "geometry": {"type": "LineString", "coordinates": [[-102.186668179, 31.137206797], [-102.178186813, 31.1255278050001], [-102.105542078, 31.0993237540001], [-102.047647542, 31.0939557670001], [-102.00087931, 30.998807002], [-101.868205859, 30.914504811], [-101.839750382, 30.8501176930001], [-101.057253534, 30.211253591], [-100.975376813, 30.215391336], [-100.832110542, 29.9057850020001], [-100.733426952, 29.3284047300001], [-100.293254285, 29.0878521650001], [-100.114257563, 29.082936702], [-99.8488862039999, 28.87794624], [-99.418336578, 28.822638516], [-99.425084216, 28.7873584270001], [-99.360304232, 28.712254618], [-99.334572817, 28.643270194], [-99.258369999, 28.5401660310001], [-99.2244636299999, 28.524271992]]}, "properties": {"FID": 184, "Opername": "PLAINS ALL AMERICAN PIPELINE", "Pipename": "Cactus Pipeline", "Shape_Leng": 4.32693948646, "Shape__Length": 515735.11133185617}}, {"type": "Feature", "id": 185, "geometry": {"type": "LineString", "coordinates": [[-102.350653577, 48.2959543470001], [-102.350338801, 48.2892884070001], [-102.412693157, 48.285548162], [-102.418631499, 48.287266316], [-102.46065109, 48.2910656430001], [-102.655880962, 48.2910370910001], [-102.665592353, 48.297250815], [-102.686083818, 48.2944876670001], [-102.722836269, 48.2905491010001], [-102.73403149, 48.2856084740001], [-102.738797798, 48.284882806], [-102.779767168, 48.2888137300001], [-102.891224881, 48.2883960280001], [-102.923594915, 48.288274717], [-102.939040066, 48.288046772], [-102.943894841, 48.2844871980001], [-102.961568366, 48.2845742010001], [-102.961757531, 48.283507173], [-103.001898953, 48.282030644], [-103.002249077, 48.265191002], [-103.045445773, 48.265213633], [-103.054497645, 48.2847045570001], [-103.314253412, 48.2853057840001], [-103.330157839, 48.270872593], [-103.350783134, 48.2707829880001], [-103.467723447, 48.2668762070001], [-103.721235071, 48.2622014660001], [-103.722302807, 48.241891997], [-103.776114076, 48.24206695], [-103.77505574, 48.140757588], [-103.775856594, 48.1189074330001], [-103.776942032, 48.104327891], [-103.792407468, 48.0877346830001], [-103.848208122, 48.0703794620001], [-103.917356316, 48.0327588050001], [-103.908594247, 47.961846756], [-103.90005933, 47.9506224290001], [-103.895818841, 47.94608793], [-103.851089625, 47.935358346], [-103.690520811, 47.877098183], [-103.649597172, 47.860666354], [-103.638274587, 47.8596910460001], [-103.519167442, 47.8360914300001], [-103.388856867, 47.810271992], [-103.372044463, 47.7956761350001], [-103.36096651, 47.7761145000001], [-103.350762562, 47.7630151220001], [-103.345421514, 47.759951195], [-103.334129524, 47.7580623700001], [-103.288900631, 47.75718614], [-103.271262914, 47.7652639830001], [-103.246810382, 47.7740193240001], [-103.218547088, 47.7834289840001], [-103.180905013, 47.7838697620001], [-103.159027256, 47.7896591840001], [-103.132798768, 47.8019852260001], [-103.023395677, 47.802049147], [-103.00207734, 47.7994841890001], [-102.923603744, 47.799496456], [-102.907486627, 47.799098648], [-102.90251809, 47.7721835890001], [-102.897506698, 47.769073523], [-102.897581371, 47.7429656810001], [-102.893373255, 47.7346432460001], [-102.881599588, 47.7276327550001], [-102.872981186, 47.721139124], [-102.866230825, 47.713712227], [-102.863300674, 47.7129320970001], [-102.851251515, 47.6997319280001], [-102.849844078, 47.695601352], [-102.848553021, 47.690062332], [-102.84770823, 47.681299026], [-102.84644652, 47.6791456300001], [-102.842790683, 47.668306053], [-102.837234792, 47.658959802], [-102.835996316, 47.6553661730001], [-102.836767141, 47.6524168650001], [-102.845336575, 47.650706402], [-102.855971891, 47.645554272], [-102.855433019, 47.6411157740001], [-102.856082728, 47.6374840510001], [-102.859669812, 47.6344177240001], [-102.857951775, 47.619376242], [-102.856649071, 47.6174837680001], [-102.861422097, 47.6113713070001], [-102.861345739, 47.5984162820001], [-102.874617414, 47.593425934], [-102.878700295, 47.5860863300001], [-102.876631699, 47.579504711], [-102.871657469, 47.5757473620001], [-102.872888084, 47.5605008050001], [-102.869378725, 47.5571852190001], [-102.860988026, 47.5377260280001], [-102.855156704, 47.5343800860001], [-102.854570869, 47.527881235], [-102.84509702, 47.5196695160001], [-102.841482206, 47.519315168], [-102.819269997, 47.512696678], [-102.816804634, 47.5085883680001], [-102.797084206, 47.4990725280001], [-102.750268031, 47.475403586], [-102.743248749, 47.4695236850001], [-102.743170714, 47.466730883], [-102.739520961, 47.4643791240001], [-102.736067225, 47.463759608], [-102.729062125, 47.4576398570001], [-102.715788984, 47.4494887810001], [-102.703319151, 47.445321955], [-102.67585935, 47.435292592], [-102.631299361, 47.4330494480001], [-102.581518604, 47.4324478880001], [-102.546205149, 47.42312343], [-102.460780132, 47.403797237], [-102.375408618, 47.3837192920001], [-102.355332743, 47.372542665], [-102.352371837, 47.3723502550001], [-102.352127071, 47.3714333500001], [-102.310036511, 47.3612648100001], [-102.239568048, 47.3322095720001], [-102.234342375, 47.325759777], [-102.22418439, 47.31191198], [-102.210760967, 47.2981495980001], [-102.195029356, 47.298053903], [-102.179662105, 47.284763194], [-102.162480117, 47.2728545350001], [-102.117875814, 47.24517123], [-102.120957799, 47.2228107610001], [-102.074463866, 47.2216174440001], [-102.060204806, 47.2130255320001], [-102.060631035, 47.204303849], [-102.054463118, 47.2016243200001], [-102.050733776, 47.2004220360001], [-102.04660618, 47.198304582], [-102.046156149, 47.197301731], [-102.039656112, 47.1971440180001], [-101.912506419, 47.0961758700001], [-101.912280875, 47.082600383], [-101.894467876, 47.082398014], [-101.838043192, 47.0384285850001], [-101.821414046, 47.024279032], [-101.809733179, 47.010328852], [-101.8040945, 47.003607706], [-101.792439391, 46.9897125860001], [-101.782726471, 46.97757211], [-101.766891085, 46.9703404730001], [-101.760891763, 46.964716514], [-101.760871973, 46.9632774950001], [-101.754196935, 46.963086108], [-101.704837953, 46.936407085], [-101.689724129, 46.935511099], [-101.681658991, 46.921342952], [-101.660719095, 46.9056511920001], [-101.637575497, 46.892610775], [-101.587995219, 46.8705623190001], [-101.585500373, 46.861605018], [-101.582903399, 46.85729633], [-101.571275626, 46.8552100100001], [-101.550859357, 46.8475674420001], [-101.502273367, 46.8132206280001], [-101.447905893, 46.7789323200001], [-101.383956404, 46.759320221], [-101.375719579, 46.7561720030001], [-101.290318761, 46.702548601], [-101.282027001, 46.698346895], [-101.278197735, 46.681703531], [-101.224842709, 46.64751267], [-101.183985453, 46.650735368], [-101.083664899, 46.649109684], [-101.072865825, 46.639646676], [-101.016146005, 46.638562183], [-100.965059072, 46.6036151010001], [-100.95574603, 46.599788679], [-100.887075351, 46.5505503540001], [-100.870722219, 46.5451211820001], [-100.834187259, 46.5288280330001], [-100.815965708, 46.519109598], [-100.778810211, 46.5172172150001], [-100.690945213, 46.4735275350001], [-100.678599681, 46.468423204], [-100.666323083, 46.467433171], [-100.63197155, 46.451816614], [-100.630325606, 46.4516303290001], [-100.627757061, 46.449229234], [-100.620474869, 46.444387045], [-100.602969643, 46.4371535300001], [-100.5752356, 46.4395723860001], [-100.570012191, 46.4401826970001], [-100.567180219, 46.439432206], [-100.560555761, 46.435757959], [-100.548730093, 46.437458969], [-100.535457381, 46.4376071820001], [-100.503440459, 46.419288307], [-100.479337517, 46.40129302], [-100.440208146, 46.3708247050001], [-100.407545508, 46.3420823450001], [-100.371241173, 46.3044274960001], [-100.336143035, 46.2763753670001], [-100.333932694, 46.251759228], [-100.293393773, 46.207874882], [-100.293268227, 46.2038340940001], [-100.28118008, 46.2001624420001], [-100.272470679, 46.1942437370001], [-100.249611534, 46.181945033], [-100.239879091, 46.160123694], [-100.232829313, 46.150958685], [-100.218018043, 46.1317034080001], [-100.217670783, 46.11443763], [-100.202471315, 46.1122896900001], [-100.192174027, 46.1007699730001], [-100.192079164, 46.094338636], [-100.187273562, 46.0940158940001], [-100.172065949, 46.066048456], [-100.171658023, 46.0577479390001], [-100.168637996, 46.057759828], [-100.152719742, 46.0294073410001], [-100.149974136, 46.0250789880001], [-100.135197511, 45.969348368], [-100.111506555, 45.967861606], [-100.097489765, 45.942339194], [-100.08807595, 45.927212791], [-100.081074473, 45.912467539], [-100.074882877, 45.8981222790001], [-100.073523693, 45.89433533], [-100.069620326, 45.8842672650001], [-100.056809101, 45.8837559560001], [-100.038239764, 45.8738836310001], [-100.026298701, 45.8690710160001], [-99.891229446, 45.767642497], [-99.882631889, 45.7621112080001], [-99.8374161629999, 45.7293892610001], [-99.7784799839999, 45.725689953], [-99.754573453, 45.7083044170001], [-99.7164666509999, 45.658329694], [-99.674095982, 45.6229620180001], [-99.635718127, 45.6011470130001], [-99.618745088, 45.5790830810001], [-99.462243992, 45.4628179690001], [-99.444194877, 45.462863199], [-99.4311384229999, 45.4483112390001], [-99.3695457439999, 45.4130461340001], [-99.339007741, 45.3923318220001], [-99.3170008769999, 45.371616389], [-99.306712478, 45.3647130250001], [-99.281548339, 45.317387274], [-99.2153129229999, 45.299157585], [-99.204813732, 45.2791334280001], [-99.201694165, 45.277555834], [-99.1981297299999, 45.274070769], [-99.1920556869999, 45.270888555], [-99.138528008, 45.2454802020001], [-99.137694529, 45.242436952], [-99.116785979, 45.238107002], [-99.079774188, 45.2182824330001], [-99.021618534, 45.1872957530001], [-98.987232869, 45.1726161990001], [-98.97500576, 45.158060505], [-98.921203094, 45.1121032190001], [-98.8885478299999, 45.0999340020001], [-98.8616752139999, 45.0807279570001], [-98.834536108, 45.0728246250001], [-98.809578201, 45.071430691], [-98.799762266, 45.0539148770001], [-98.759280654, 45.0267731160001], [-98.737214143, 45.0191829290001], [-98.702069975, 44.998420985], [-98.66165611, 44.955116785], [-98.6552384989999, 44.9427226510001], [-98.629997053, 44.922803935], [-98.625440208, 44.9121268690001], [-98.615940269, 44.8973442670001], [-98.608057031, 44.878538533], [-98.576728232, 44.8696460890001], [-98.527095541, 44.8416015400001], [-98.527114784, 44.8222828660001], [-98.5255517159999, 44.8084399630001], [-98.509570647, 44.8068598950001], [-98.498155386, 44.784637151], [-98.4579633769999, 44.7788257280001], [-98.443019906, 44.7712685020001], [-98.434683182, 44.762500876], [-98.3996945749999, 44.75525309], [-98.384375726, 44.7345568120001], [-98.362808516, 44.719607371], [-98.3380518129999, 44.7019850080001], [-98.330094242, 44.6898026540001], [-98.317729576, 44.6761038440001], [-98.30376405, 44.6506600710001], [-98.303967375, 44.6424605710001], [-98.2967455309999, 44.6336163340001], [-98.283081363, 44.6182905840001], [-98.282670604, 44.595839315], [-98.269026942, 44.588201084], [-98.241323966, 44.5869981050001], [-98.220498363, 44.589885038], [-98.195368378, 44.603570431], [-98.1615214029999, 44.603548636], [-98.1395341309999, 44.5961229640001], [-98.093000994, 44.595742148], [-98.0654302789999, 44.58849904], [-98.0585675139999, 44.583917651], [-98.045195516, 44.5740520460001], [-97.992407597, 44.519727608], [-97.9707703509999, 44.5111632000001], [-97.914117996, 44.4608486220001], [-97.873433461, 44.4268400450001], [-97.8452017879999, 44.412072789], [-97.819743177, 44.3971468230001], [-97.785053663, 44.3672042420001], [-97.712963364, 44.3251399920001], [-97.706340372, 44.30708967], [-97.679870194, 44.2994894400001], [-97.636087028, 44.2672420150001], [-97.563473753, 44.210547836], [-97.551963106, 44.190162275], [-97.546584794, 44.1823027290001], [-97.537147514, 44.1725972500001], [-97.53495056, 44.167771746], [-97.528387788, 44.1651772600001], [-97.4734714639999, 44.124292782], [-97.441038979, 44.095354178], [-97.4230076169999, 44.0806051850001], [-97.410468011, 44.0675289160001], [-97.360442468, 44.0372551720001], [-97.3599111949999, 44.027060261], [-97.330420574, 44.008105749], [-97.3301587999999, 43.98905125], [-97.284949955, 43.972946414], [-97.239770342, 43.935220155], [-97.1826641169999, 43.8917086870001], [-97.146510226, 43.877776355], [-97.1466443149999, 43.8581795000001], [-97.124245964, 43.818929026], [-97.109483892, 43.783962138], [-97.096908344, 43.76129167], [-97.072696251, 43.703118481], [-97.047571681, 43.6860691970001], [-96.9796299129999, 43.608950623], [-96.977418406, 43.52865789], [-96.941137108, 43.509289951], [-96.941072869, 43.4867430630001], [-96.9308649609999, 43.4755193870001], [-96.925037877, 43.473258129], [-96.900595891, 43.4466480890001], [-96.856395845, 43.41127956], [-96.686302358, 43.410390019], [-96.648487077, 43.4007253190001], [-96.5886985339999, 43.3750124480001], [-96.5585947439999, 43.3588731300001], [-96.5493262859999, 43.3538685670001], [-96.533403003, 43.3475720420001], [-96.5184581, 43.342369252], [-96.502589755, 43.3345482140001], [-96.498271383, 43.3275957800001], [-96.491172176, 43.323219308], [-96.486137912, 43.3221440310001], [-96.475906999, 43.3184583930001], [-96.451872035, 43.302177134], [-96.448758733, 43.300684204], [-96.43118014, 43.2920071870001], [-96.426801649, 43.290899397], [-96.41787235, 43.289986153], [-96.412842702, 43.2872495870001], [-96.4104034819999, 43.2852438310001], [-96.407003843, 43.280135472], [-96.395427611, 43.2727397030001], [-96.3827005589999, 43.267694465], [-96.361996289, 43.257834436], [-96.326630028, 43.242466097], [-96.255139666, 43.2291420170001], [-96.244557285, 43.2215374780001], [-96.230482604, 43.199975926], [-96.208522762, 43.169767232], [-96.176978264, 43.1522446780001], [-96.129133822, 43.127955732], [-96.102582331, 43.113650179], [-96.0940231499999, 43.1065975060001], [-96.057321132, 43.09038587], [-96.03718728, 43.0809855440001], [-96.013071011, 43.0715656020001], [-96.01171979, 43.0683681130001], [-95.9906124659999, 43.0554668130001], [-95.977685423, 43.048963192], [-95.959428184, 43.0407812990001], [-95.911344022, 43.011671387], [-95.8350895559999, 42.9832973630001], [-95.8334090719999, 42.9806776790001], [-95.824122523, 42.978518455], [-95.771036924, 42.953145352], [-95.7424274259999, 42.9388533210001], [-95.7232785089999, 42.9238454540001], [-95.696196124, 42.91668273], [-95.682157503, 42.907134285], [-95.6753345119999, 42.9059511460001], [-95.6585392759999, 42.895412112], [-95.6312310479999, 42.8853627670001], [-95.604089932, 42.8723871600001], [-95.585683847, 42.8580369260001], [-95.5207458719999, 42.836268585], [-95.426669563, 42.789126681], [-95.368016821, 42.7613383020001], [-95.309102953, 42.7345885], [-95.257019793, 42.7121437820001], [-95.229062314, 42.6995721580001], [-95.194844249, 42.6856104830001], [-95.1511358989999, 42.669685985], [-95.0924847, 42.641320862], [-95.072437938, 42.6271961260001], [-95.049810645, 42.604770676], [-95.018467124, 42.595210207], [-94.9933098129999, 42.58343943], [-94.940740599, 42.56677583], [-94.9142918159999, 42.556599895], [-94.88932669, 42.550569131], [-94.856544567, 42.5322920890001], [-94.839896633, 42.517580019], [-94.8249880669999, 42.5066713570001], [-94.8140055439999, 42.5039612940001], [-94.812877218, 42.5017601490001], [-94.7962271809999, 42.496234885], [-94.738568672, 42.473780128], [-94.6808148389999, 42.4514127840001], [-94.680789972, 42.4484097670001], [-94.573587443, 42.412713027], [-94.533471259, 42.391708076], [-94.4936279629999, 42.3890863620001], [-94.416437996, 42.3625924670001], [-94.387371064, 42.33917189], [-94.363239414, 42.3259670840001], [-94.287647743, 42.297379087], [-94.184405346, 42.2512338840001], [-94.0067648519999, 42.180987745], [-93.9892461749999, 42.171396531], [-93.939442318, 42.1641294260001], [-93.9091332459999, 42.15570289], [-93.8729646419999, 42.133628962], [-93.838519046, 42.078160031], [-93.796082247, 42.05398075], [-93.74771035, 42.0235362000001], [-93.694696196, 41.988926808], [-93.677693617, 41.9808174720001], [-93.644677471, 41.967945935], [-93.6268868879999, 41.9500035390001], [-93.6129918089999, 41.943154081], [-93.60607257, 41.9426443940001], [-93.568490384, 41.917024316], [-93.5655435099999, 41.911892204], [-93.561750712, 41.906581241], [-93.555196951, 41.903669548], [-93.5514269189999, 41.8987132990001], [-93.548017825, 41.8933387590001], [-93.5434062959999, 41.891395168], [-93.5395951039999, 41.8898615860001], [-93.535953363, 41.8827249450001], [-93.528003605, 41.876448581], [-93.4740786739999, 41.858585233], [-93.468463236, 41.8546718950001], [-93.4659307429999, 41.851476307], [-93.370703867, 41.8140779390001], [-93.349655931, 41.799024638], [-93.329212966, 41.7878767220001], [-93.2518815399999, 41.731101186], [-93.1709807409999, 41.704738263], [-93.1394633469999, 41.6908955690001], [-93.1142563989999, 41.689804054], [-93.105357203, 41.681884338], [-93.1018254049999, 41.6658977280001], [-93.07816367, 41.655488725], [-93.0476233589999, 41.6317385790001], [-93.019486886, 41.6016146090001], [-92.982245341, 41.5807768180001], [-92.952131033, 41.559231217], [-92.947584411, 41.551356817], [-92.9200432709999, 41.536457904], [-92.862131173, 41.509947804], [-92.8047697709999, 41.4717003480001], [-92.737629925, 41.4331352680001], [-92.7259333849999, 41.4302456340001], [-92.674267071, 41.4010642220001], [-92.5582542449999, 41.325994322], [-92.558061233, 41.318353222], [-92.5379573759999, 41.303701048], [-92.4749765609999, 41.233609373], [-92.423218525, 41.2155453450001], [-92.313450473, 41.164390776], [-92.267377546, 41.12190775], [-92.160250342, 41.010074338], [-92.138000979, 41.007363717], [-92.126510448, 40.989749272], [-92.066634011, 40.958366031], [-92.018215223, 40.9291729], [-91.967701775, 40.898584242], [-91.9485455289999, 40.8913084530001], [-91.9133599959999, 40.887610302], [-91.867529593, 40.8573443130001], [-91.833610419, 40.8399963680001], [-91.78259357, 40.813331234], [-91.679750203, 40.7552093040001], [-91.6605721989999, 40.7417240390001], [-91.641719091, 40.7324404740001], [-91.585154281, 40.7010777950001], [-91.559500341, 40.6870451], [-91.5410039349999, 40.636733909], [-91.532231246, 40.6247136440001], [-91.527682441, 40.57527349], [-91.4425156949999, 40.508681602], [-91.420196693, 40.497165511], [-91.419496849, 40.492291413], [-91.417597029, 40.4903472510001], [-91.39202103, 40.483181828], [-91.3803018999999, 40.4756011170001], [-91.3477516569999, 40.474369806], [-91.342892064, 40.4765448640001], [-91.335812316, 40.4764212580001], [-91.306739722, 40.462491077], [-91.1986391359999, 40.401601729], [-91.118002581, 40.3422581200001], [-91.004369087, 40.2309402750001], [-90.961597303, 40.1893015310001], [-90.9335021749999, 40.163357412], [-90.9071798099999, 40.1337627450001], [-90.807807294, 40.0270481420001], [-90.79020639, 39.991193147], [-90.785531109, 39.9682140970001], [-90.750709333, 39.965264012], [-90.6818657269999, 39.9120340000001], [-90.64013082, 39.905086897], [-90.612249085, 39.8884929380001], [-90.593300958, 39.831986686], [-90.5877422729999, 39.8124179320001], [-90.537327921, 39.78288819], [-90.516032729, 39.762714042], [-90.434927358, 39.714672566], [-90.388298053, 39.6775145060001], [-90.2964962729999, 39.630573585], [-90.233935355, 39.5931287540001], [-89.992507227, 39.4506257680001], [-89.968920778, 39.4345116060001], [-89.868458104, 39.347711755], [-89.8136683979999, 39.285279266], [-89.7359797569999, 39.2024039020001], [-89.734961469, 39.1595496150001], [-89.7182537909999, 39.1499530030001], [-89.699433905, 39.1320688420001], [-89.697711354, 39.1074374030001], [-89.6619993259999, 39.081144722], [-89.639773184, 39.06552423], [-89.6120333659999, 39.049928617], [-89.4292415149999, 39.0496475270001], [-89.2447947159999, 38.928868192], [-89.18468187, 38.8706988700001], [-89.184452741, 38.8644755280001], [-89.155242084, 38.862192937], [-89.135545537, 38.8385178420001], [-89.134348903, 38.83568656], [-89.1223956919999, 38.8291609890001], [-89.122562456, 38.817754242], [-89.107047108, 38.8016293410001], [-89.098042409, 38.794271446], [-89.0901651069999, 38.7872765720001], [-89.0770067139999, 38.7869159480001], [-89.077029585, 38.7833076740001], [-89.069843565, 38.7828816300001], [-89.06714239, 38.780791935], [-89.0609649629999, 38.778803913], [-89.0466846639999, 38.767434097], [-89.047224183, 38.7660157340001]]}, "properties": {"FID": 185, "Opername": "ENERGY TRANSFER", "Pipename": "Dakota Access Pipeline (DAPL)", "Shape_Leng": 20.4419018484, "Shape__Length": 2559439.187160395}}, {"type": "Feature", "id": 186, "geometry": {"type": "LineString", "coordinates": [[-102.46065109, 48.2910656430001], [-102.460752009, 48.2981181530001], [-102.459620934, 48.2981767050001], [-102.459586907, 48.3031682490001]]}, "properties": {"FID": 186, "Opername": "ENERGY TRANSFER", "Pipename": "Dakota Access Pipeline (DAPL)", "Shape_Leng": 0.0131774815071, "Shape__Length": 2141.6885426274157}}, {"type": "Feature", "id": 187, "geometry": {"type": "LineString", "coordinates": [[-102.891224881, 48.2883960280001], [-102.898956606, 48.2911298120001], [-102.914503287, 48.291184542], [-102.914256514, 48.2951249270001], [-102.924456453, 48.294796574], [-102.939040066, 48.288046772]]}, "properties": {"FID": 187, "Opername": "ENERGY TRANSFER", "Pipename": "Dakota Access Pipeline (DAPL)", "Shape_Leng": 0.0539708035445, "Shape__Length": 6479.597679562134}}, {"type": "Feature", "id": 188, "geometry": {"type": "LineString", "coordinates": [[-103.350783134, 48.2707829880001], [-103.343337962, 48.2852982380001], [-103.322682527, 48.285636218]]}, "properties": {"FID": 188, "Opername": "ENERGY TRANSFER", "Pipename": "Dakota Access Pipeline (DAPL)", "Shape_Leng": 0.0369714788646, "Shape__Length": 4865.54215518544}}, {"type": "Feature", "id": 189, "geometry": {"type": "LineString", "coordinates": [[-103.775856594, 48.1189074330001], [-103.766210576, 48.1187702360001], [-103.765829225, 48.11119575], [-103.770691455, 48.1073762570001], [-103.772407536, 48.0987176890001], [-103.788138279, 48.086809777], [-103.792407468, 48.0877346830001]]}, "properties": {"FID": 189, "Opername": "ENERGY TRANSFER", "Pipename": "Dakota Access Pipeline (DAPL)", "Shape_Leng": 0.0563388546265, "Shape__Length": 7775.721295204215}}, {"type": "Feature", "id": 190, "geometry": {"type": "LineString", "coordinates": [[-104.030637029, 47.918854149], [-104.052703141, 47.918324936], [-104.266334237, 47.8080544270001], [-104.269930531, 47.7906360590001], [-104.273420189, 47.755575803], [-104.290471831, 47.7455712180001], [-104.293901037, 47.549806677], [-104.207821982, 47.508803481], [-104.146695152, 47.473267127], [-104.158870246, 47.421218314], [-104.136394759, 47.413319551], [-104.133876832, 47.3815518980001], [-104.231001738, 47.331045153], [-104.234566573, 47.2420930500001], [-104.183589051, 47.034611732], [-104.223062209, 46.946970956], [-104.251244474, 46.856228913], [-104.243630384, 46.8169404160001], [-104.300720705, 46.7624630330001], [-104.313782962, 46.6970207640001], [-104.451677135, 46.439385778], [-104.447577, 46.3868371840001], [-104.809199893, 46.186022791], [-104.894696875, 46.110786368], [-104.904461385, 46.052807594], [-105.039127125, 45.9832670960001], [-105.145853309, 45.842619928], [-105.275562662, 45.7479584180001], [-105.413217809, 45.5548568580001], [-105.400320941, 45.423779311], [-105.331546816, 45.321282927], [-105.348711642, 45.102156156], [-105.382799539, 45.0576756300001], [-105.373158285, 44.9199037910001], [-105.405458756, 44.7190405520001], [-105.540868464, 44.697843273], [-105.712617877, 44.620997872], [-105.722614569, 44.1117433950001], [-105.655589292, 43.504622037], [-105.568061872, 43.392007838], [-105.437757031, 43.350743234], [-105.338112267, 43.140397277], [-105.278136713, 43.097480182], [-105.281464693, 42.8545215990001], [-105.323884078, 42.8051111600001], [-105.324467003, 42.7161696900001], [-105.334419977, 42.68031633], [-105.332250311, 42.598581476], [-105.036161499, 42.3879007400001], [-104.831562219, 42.2849233370001], [-104.830950695, 42.2459747550001], [-104.743214491, 42.2258314640001], [-104.714272188, 42.2263804410001], [-104.712865801, 42.234006993], [-104.688116053, 42.231841075]]}, "properties": {"FID": 190, "Opername": "KINDER MORGAN", "Pipename": "Double H Pipeline", "Shape_Leng": 7.45501064074, "Shape__Length": 1062062.857157054}}, {"type": "Feature", "id": 191, "geometry": {"type": "LineString", "coordinates": [[-104.486120096, 47.806556242], [-104.478540169, 47.7970098320001], [-104.269144661, 47.7900080150001]]}, "properties": {"FID": 191, "Opername": "KINDER MORGAN", "Pipename": "Double H Pipeline", "Shape_Leng": 0.221702258014, "Shape__Length": 25131.71917563427}}, {"type": "Feature", "id": 192, "geometry": {"type": "LineString", "coordinates": [[-103.665374579, 47.961518369], [-103.661792347, 47.6173552060001], [-103.575818793, 47.569038785], [-103.497009702, 47.5351907460001]]}, "properties": {"FID": 192, "Opername": "TRUE OIL", "Pipename": "Belle Fourche Pipeline", "Shape_Leng": 0.528572333827, "Shape__Length": 79882.56316016485}}, {"type": "Feature", "id": 193, "geometry": {"type": "LineString", "coordinates": [[-103.536414247, 47.6125255710001], [-103.575818793, 47.5714556660001], [-103.848068382, 47.389880062], [-104.073748962, 47.249031195], [-104.313758468, 46.777639622], [-104.453465494, 46.393576158]]}, "properties": {"FID": 193, "Opername": "TRUE OIL", "Pipename": "Belle Fourche Pipeline", "Shape_Leng": 1.5878474005, "Shape__Length": 230393.33011577761}}, {"type": "Feature", "id": 194, "geometry": {"type": "LineString", "coordinates": [[-103.848068382, 47.392305198], [-103.797917142, 47.3025008280001], [-103.690450198, 47.2757727650001], [-103.683285736, 47.1711607240001], [-103.518503089, 47.1102448610001], [-103.328644823, 47.105368577], [-103.328644823, 47.073661841], [-103.1208754, 47.068782205], [-102.898777051, 46.9026087600001], [-102.913105977, 46.8585351950001]]}, "properties": {"FID": 194, "Opername": "TRUE OIL", "Pipename": "Belle Fourche Pipeline", "Shape_Leng": 1.24732021827, "Shape__Length": 160085.990357215}}, {"type": "Feature", "id": 195, "geometry": {"type": "LineString", "coordinates": [[-104.7232523, 45.15278005], [-105.081475443, 45.1072892870001], [-105.518507678, 44.553464965], [-106.399736611, 43.860159653]]}, "properties": {"FID": 195, "Opername": "TRUE OIL", "Pipename": "Belle Fourche Pipeline", "Shape_Leng": 2.18785740156, "Shape__Length": 285793.8673085961}}, {"type": "Feature", "id": 196, "geometry": {"type": "LineString", "coordinates": [[-104.780568003, 44.6809592060001], [-104.959679574, 44.619796906], [-104.959679574, 44.5177164140001], [-105.052817592, 44.441038479], [-105.059982055, 44.2976367320001], [-104.909528334, 43.42985567], [-104.681121134, 42.275269715], [-104.685649778, 42.228436523], [-104.506053884, 42.209090809]]}, "properties": {"FID": 196, "Opername": "TRUE OIL", "Pipename": "Belle Fourche Pipeline", "Shape_Leng": 2.84094349453, "Shape__Length": 415699.9477354429}}, {"type": "Feature", "id": 197, "geometry": {"type": "LineString", "coordinates": [[-105.518507678, 44.5585701090001], [-105.360889495, 44.3437684400001], [-105.067146517, 44.292508748]]}, "properties": {"FID": 197, "Opername": "TRUE OIL", "Pipename": "Belle Fourche Pipeline", "Shape_Leng": 0.564608796545, "Shape__Length": 71471.91693121866}}, {"type": "Feature", "id": 198, "geometry": {"type": "LineString", "coordinates": [[-105.540001067, 43.7412275340001], [-105.231929164, 43.694624436], [-104.916692797, 43.4402606780001]]}, "properties": {"FID": 198, "Opername": "TRUE OIL", "Pipename": "Belle Fourche Pipeline", "Shape_Leng": 0.716638456402, "Shape__Length": 87560.53570399176}}, {"type": "Feature", "id": 199, "geometry": {"type": "LineString", "coordinates": [[-107.675621858, 40.314306527], [-107.529714648, 40.559791111], [-107.518195658, 40.6909318360001], [-107.556592292, 40.8130974480001], [-107.602668254, 40.911828974], [-107.629545897, 41.0364844800001]]}, "properties": {"FID": 199, "Opername": "PLAINS ALL AMERICAN PIPELINE", "Pipename": "Rocky Mountain", "Shape_Leng": 0.781749510651, "Shape__Length": 111170.51441121657}}, {"type": "Feature", "id": 200, "geometry": {"type": "LineString", "coordinates": [[-93.983773512, 29.9922570260001], [-93.969823866, 30.010936734], [-94.064304592, 30.2406786620001], [-94.355589493, 30.9625350480001], [-94.810933354, 32.024179965], [-94.9031507509999, 32.184795652], [-94.832351722, 32.482837052]]}, "properties": {"FID": 200, "Opername": "DELEK LOGISTICS", "Pipename": "Paline Pipeline", "Shape_Leng": 2.69685138281, "Shape__Length": 344173.2514191292}}, {"type": "Feature", "id": 201, "geometry": {"type": "LineString", "coordinates": [[-80.629656401, 40.6108819880001], [-80.6375610439999, 40.629815267], [-80.930888451, 40.64127947], [-80.9900574979999, 40.632681502], [-81.199037539, 40.643189979], [-81.256947671, 40.64987633], [-81.289227134, 40.645966053], [-81.307945265, 40.649299286]]}, "properties": {"FID": 201, "Opername": "ERGON", "Pipename": "Magnolia Pipeline", "Shape_Leng": 0.692925935036, "Shape__Length": 77929.95835784178}}, {"type": "Feature", "id": 202, "geometry": {"type": "LineString", "coordinates": [[-102.90345444, 32.8014168570001], [-96.4192694399999, 30.040313801], [-94.88050272, 29.9102221150001]]}, "properties": {"FID": 202, "Opername": "ENTERPRISE PRODUCTS PARTNERS", "Pipename": "Seminole Red Pipeline", "Shape_Leng": 8.59183334548, "Shape__Length": 978825.9934838567}}, {"type": "Feature", "id": 203, "geometry": {"type": "LineString", "coordinates": [[-97.079220504, 36.676046972], [-97.1360869439999, 36.6384925360001], [-97.115774223, 36.3892496990001], [-97.058141177, 36.289352421], [-96.919821869, 36.1510331120001], [-96.816082388, 35.978133976], [-96.731553922, 35.9435541490001]]}, "properties": {"FID": 203, "Opername": "PHILLIPS 66 PIPELINE", "Pipename": "Cushing to Ponca City", "Shape_Leng": 0.922121606898, "Shape__Length": 119547.28199669968}}, {"type": "Feature", "id": 204, "geometry": {"type": "LineString", "coordinates": [[-96.7320861169999, 35.9351217230001], [-96.730447451, 35.9255667830001], [-96.5917727779999, 35.8837544140001], [-96.51974555, 35.8916735380001], [-96.365986058, 35.866911536], [-95.899190031, 35.8046020990001], [-95.6042368399999, 35.654961975], [-95.510024487, 35.586933236], [-95.5207656859999, 35.512509257], [-95.486546788, 35.485371011], [-95.389191906, 35.4867083130001], [-95.0600768, 35.2467009370001], [-95.02388824, 35.18356213], [-94.9873623079999, 35.1911716660001], [-94.903190079, 35.217555771], [-94.797653661, 35.224151797], [-94.699997798, 35.126669308], [-94.632926378, 35.1325088], [-94.251572878, 35.1385193290001], [-94.208903745, 35.1235594620001], [-93.992938468, 35.144999483], [-93.929433533, 35.194690044], [-93.914779104, 35.251820433], [-93.912471608, 35.314115348], [-93.8181713559999, 35.4369189540001], [-93.770951059, 35.4239002740001], [-93.664713271, 35.421449421], [-93.4850444529999, 35.487992843], [-93.135455066, 35.474800792], [-92.818845809, 35.389052451], [-92.68032926, 35.3626683460001], [-92.0844094239999, 35.360099285], [-92.030474893, 35.27866949], [-91.901706592, 35.2146951280001], [-91.758871497, 35.143423371], [-91.607044687, 35.1405627290001], [-91.553693316, 35.058549773], [-91.3413359479999, 35.026271012], [-91.248991582, 35.0724431950001], [-91.1764352929999, 35.1252114050001], [-90.9389783519999, 35.1515955090001], [-90.483852546, 35.13180743], [-90.1408591859999, 35.1186153780001], [-90.101670963, 35.110514247], [-90.081904739, 35.084453164]]}, "properties": {"FID": 204, "Opername": "PLAINS ALL AMERICAN PIPELINE", "Pipename": "Diamond Pipeline", "Shape_Leng": 7.36457398115, "Shape__Length": 848767.8412181648}}, {"type": "Feature", "id": 205, "geometry": {"type": "LineString", "coordinates": [[-93.6774767539999, 32.354781223], [-93.669886139, 32.405067628], [-93.633451188, 32.4460730710001], [-93.617932598, 32.5320108770001], [-93.510651907, 32.5905830620001], [-93.189484556, 32.781389002], [-93.167218753, 32.8891058720001], [-93.151891962, 32.9076301750001], [-93.153802549, 32.982064252], [-93.139624634, 32.9848087660001], [-93.146977113, 33.246457278]]}, "properties": {"FID": 205, "Opername": "DELEK LOGISTICS", "Pipename": "Magnolia", "Shape_Leng": 1.17352592857, "Shape__Length": 146661.32925044466}}, {"type": "Feature", "id": 206, "geometry": {"type": "LineString", "coordinates": [[-93.148157875, 33.245892993], [-93.042901349, 33.208077614], [-92.9261745589999, 33.1691163350001], [-92.8971615419999, 33.170810664], [-92.862750755, 33.167986764], [-92.8006763929999, 33.175328714], [-92.742650359, 33.182105353], [-92.712287899, 33.1905754150001], [-92.704865965, 33.1900107700001], [-92.683274883, 33.197350875], [-92.673934209, 33.1996974620001]]}, "properties": {"FID": 206, "Opername": "DELEK LOGISTICS", "Pipename": "El Dorado", "Shape_Leng": 0.490817837231, "Shape__Length": 55400.978079446715}}, {"type": "Feature", "id": 207, "geometry": {"type": "LineString", "coordinates": [[-92.71262526, 33.3631857560001], [-92.673723359, 33.1996268880001]]}, "properties": {"FID": 207, "Opername": "DELEK LOGISTICS", "Pipename": "SALA", "Shape_Leng": 0.168121566739, "Shape__Length": 22205.80727470486}}, {"type": "Feature", "id": 208, "geometry": {"type": "LineString", "coordinates": [[-94.002701862, 29.9873745030001], [-94.059968235, 29.991956917], [-94.107031978, 29.976498581], [-94.383121687, 30.1326544470001], [-94.4887176889999, 30.222230294], [-95.420865327, 31.0411841800001], [-96.505571655, 31.8581179500001], [-97.081140505, 32.057284673], [-98.097021706, 32.400816719], [-98.7292497289999, 32.504732668], [-99.811826642, 32.383485803], [-100.276188115, 32.4723654210001], [-100.420823525, 32.437489762], [-100.833915949, 32.528925272]]}, "properties": {"FID": 208, "Opername": "SUNOCO", "Pipename": "West Texas Gulf", "Shape_Leng": 7.61754455292, "Shape__Length": 876108.611671167}}, {"type": "Feature", "id": 209, "geometry": {"type": "LineString", "coordinates": [[-104.137967949, 32.1333601900001], [-104.121027638, 31.8877256760001], [-104.01938577, 31.650561318], [-103.756810944, 31.455747737], [-103.51117643, 31.286344624], [-103.33330316, 31.3117550910001], [-103.138489581, 31.3032849350001], [-102.698041486, 31.396456648], [-102.35923526, 31.430337271], [-102.079720123, 31.506568671], [-101.98654841, 31.5150388270001], [-101.673152651, 31.1931729120001], [-101.368227047, 30.972948865], [-101.08871191, 30.871306997], [-101.046361133, 30.744254662], [-100.885428175, 30.676493416], [-100.546621949, 30.464739525], [-100.478860703, 30.3885081240001], [-100.368748679, 30.125933299], [-100.50427117, 29.931119719], [-100.546621949, 29.7532464490001], [-100.622853349, 29.6007836480001], [-100.622853349, 29.4906716240001], [-100.470390547, 29.270447577], [-100.317927746, 29.1942161760001], [-100.148524633, 28.846939794], [-99.843599028, 28.3556707660001], [-99.691136226, 28.330260299], [-99.5556137359999, 28.330260299], [-99.420091246, 28.321790143], [-99.250688133, 28.338730454], [-99.132105953, 28.372611077], [-99.132105953, 28.3641409210001], [-99.0389342409999, 28.2624990530001], [-98.937292373, 28.203207964], [-98.7255384809999, 28.0930959400001], [-98.606956302, 27.923692827], [-98.581545835, 27.8389912700001], [-98.581545835, 27.6695881570001], [-98.505314434, 27.5933567560001], [-98.471433812, 27.5764164450001], [-98.276620231, 27.610297067], [-98.149567896, 27.661118001], [-98.073336495, 27.6949986240001], [-97.929343849, 27.754289714], [-97.743628761, 27.8084566140001], [-97.591978432, 27.8212314680001]]}, "properties": {"FID": 209, "Opername": "EPIC", "Pipename": "EPIC Crude Pipeline", "Shape_Leng": 9.7512799058, "Shape__Length": 1153792.3385414341}}, {"type": "Feature", "id": 210, "geometry": {"type": "LineString", "coordinates": [[-102.125806575, 31.180899035], [-102.11732521, 31.1692200430001], [-102.044680475, 31.1430159920001], [-101.986785939, 31.1376480050001], [-101.940017707, 31.04249924], [-101.807344256, 30.958197049], [-101.778888779, 30.8938099310001], [-100.996391931, 30.2549458300001], [-100.91451521, 30.259083574], [-100.771248939, 29.949477239], [-100.672565349, 29.372096968], [-100.232392682, 29.1315444030001], [-100.05339596, 29.12662894], [-99.788024601, 28.921638478], [-99.3574749749999, 28.8663307540001], [-99.364222613, 28.8310506660001], [-99.2994426289999, 28.755946855], [-99.2737112139999, 28.686962432], [-99.197508396, 28.583858268], [-98.59764974, 28.4808313130001], [-98.122463166, 28.327336581], [-97.456941235, 27.7833746950001]]}, "properties": {"FID": 210, "Opername": "PLAINS ALL AMERICAN PIPELINE", "Pipename": "Cactus Pipeline", "Shape_Leng": 6.25703998381, "Shape__Length": 736942.9548929844}}, {"type": "Feature", "id": 211, "geometry": {"type": "LineString", "coordinates": [[-105.404463856, 43.0733012640001], [-105.344562806, 43.024274329], [-105.308622175, 43.024274329], [-105.325374399, 42.5936970000001], [-104.975184504, 42.3572278870001], [-104.68699756, 42.2258166560001]]}, "properties": {"FID": 211, "Opername": "TALLGRASS ENERGY", "Pipename": "Ironhorse Pipeline", "Shape_Leng": 1.28353708699, "Shape__Length": 169914.6979641984}}, {"type": "Feature", "id": 212, "geometry": {"type": "MultiLineString", "coordinates": [[[-103.056550309, 40.670674128], [-103.131969762, 40.6334456060001], [-103.230767399, 40.6044171240001], [-103.425175651, 40.638283161], [-103.541635483, 40.6077999820001], [-103.970315359, 40.6124858910001], [-103.996449794, 40.56944063], [-104.077898621, 40.5724686630001], [-104.225019646, 40.4230575080001], [-104.401239981, 40.3752184150001], [-104.60118623, 40.2267879010001], [-104.643148958, 40.1339879600001], [-104.813286333, 40.1453724180001]], [[-103.970315359, 40.6124858910001], [-103.975942728, 40.738532987], [-103.945909973, 40.780462809], [-103.869175751, 40.791044325], [-103.860412374, 40.8549157270001]]]}, "properties": {"FID": 212, "Opername": "TALLGRASS ENERGY", "Pipename": "Pony Express Pipeline", "Shape_Leng": 2.29871473645, "Shape__Length": 277658.8954797742}}, {"type": "Feature", "id": 213, "geometry": {"type": "LineString", "coordinates": [[-93.981230782, 29.978855567], [-93.973710269, 30.033126918], [-93.9712034309999, 30.0526573340001], [-93.778176919, 30.174093338], [-93.692944434, 30.16542429], [-93.675396569, 30.16975891], [-93.620246138, 30.180594624], [-93.592670922, 30.1567544800001], [-93.42220595, 30.1567544800001], [-93.3344666259999, 30.158922004]]}, "properties": {"FID": 213, "Opername": "ENERGY TRANSFER", "Pipename": "Bayou Bridge Pipeline", "Shape_Leng": 0.757164053474, "Shape__Length": 87092.16729921504}}, {"type": "Feature", "id": 214, "geometry": {"type": "LineString", "coordinates": [[-93.34198714, 30.163256909], [-93.2743025189999, 30.150251622], [-93.184056358, 30.154586908], [-93.128905926, 30.1372446190001], [-92.988523008, 30.16975891], [-92.615004174, 30.158922004], [-92.269060555, 30.139412572], [-92.0459519899999, 30.104719614], [-92.018376774, 30.0938755650001], [-91.953198991, 30.0721839], [-91.918103262, 30.0721839], [-91.7175562369999, 30.1372446190001], [-91.637337427, 30.148083907], [-91.579680157, 30.139412572], [-91.4618587799999, 30.0851994700001], [-91.38163997, 30.0938755650001], [-91.1083946479999, 30.0873685650001], [-91.085833107, 30.0830303270001], [-91.010627974, 30.024445497], [-90.947957028, 29.989712212], [-90.884582075, 30.0012573710001], [-90.859830054, 30.010079803], [-90.84266984, 30.041807578]]}, "properties": {"FID": 214, "Opername": "ENERGY TRANSFER", "Pipename": "Bayou Bridge Pipeline", "Shape_Leng": 2.5910825557, "Shape__Length": 291465.7183231418}}, {"type": "Feature", "id": 215, "geometry": {"type": "LineString", "coordinates": [[-102.37017815, 31.429243173], [-102.509767537, 31.400567795], [-102.591736905, 31.385771676], [-102.695082081, 31.379275749], [-102.767886841, 31.361455306], [-102.801195972, 31.354398814], [-102.825478021, 31.322497039], [-102.86647428, 31.3258235490001], [-102.883963789, 31.321163148], [-102.933256529, 31.3164445690001], [-103.037125081, 31.3337978330001], [-103.091403234, 31.362381757], [-103.102617982, 31.369334114], [-103.114878501, 31.37414292], [-103.124237145, 31.382735026], [-103.155843791, 31.402323368], [-103.164998389, 31.415724791], [-103.251794457, 31.478597111]]}, "properties": {"FID": 215, "Opername": "MEDALLION", "Pipename": "Delaware Express Pipeline", "Shape_Leng": 0.953501807038, "Shape__Length": 108702.17383218204}}, {"type": "Feature", "id": 216, "geometry": {"type": "LineString", "coordinates": [[-102.015574511, 32.0204464080001], [-101.970659036, 31.987855273], [-101.923056142, 32.000128922], [-101.135534651, 31.9599029500001], [-100.687240669, 31.918241016], [-99.838540382, 31.574950521], [-99.828589447, 31.498908252], [-99.765866775, 31.4836101220001], [-99.676599564, 31.48168703], [-98.2949075289999, 30.8959771470001], [-98.240636067, 30.8362376040001], [-96.473813612, 30.075754353], [-96.3969977309999, 30.012208749], [-96.2325813529999, 30.009938836], [-96.136011896, 29.8144388580001], [-96.139882673, 29.7596731350001]]}, "properties": {"FID": 216, "Opername": "ENTERPRISE PRODUCTS PARTNERS", "Pipename": "Midland to Sealy", "Shape_Leng": 6.53150295602, "Shape__Length": 747765.8875601202}}, {"type": "Feature", "id": 217, "geometry": {"type": "LineString", "coordinates": [[-96.056307131, 29.771893795], [-96.028995731, 29.7618359680001], [-95.953682476, 29.766146588], [-95.929681549, 29.75321417], [-95.897404439, 29.735249708], [-95.886645403, 29.715844475], [-95.8485749659999, 29.7014678100001], [-95.8485749659999, 29.695716567], [-95.870093039, 29.6921218730001], [-95.830367367, 29.5302276950001], [-95.745122693, 29.5115031780001], [-95.706224638, 29.478366701], [-95.677258002, 29.447381498], [-95.65987802, 29.464676732], [-95.5440114739999, 29.4481021920001], [-95.520838165, 29.44882288], [-95.5026305649999, 29.438732776], [-95.432283019, 29.439453531], [-95.392557346, 29.489173265], [-95.346210728, 29.4942159340001], [-95.3164164729999, 29.5179851350001], [-95.320554564, 29.600053953], [-95.1972394539999, 29.6007735600001], [-95.184825181, 29.6072497910001]]}, "properties": {"FID": 217, "Opername": "ENTERPRISE PRODUCTS PARTNERS", "Pipename": "Sealy to ECHO", "Shape_Leng": 1.23046813849, "Shape__Length": 143944.51462450682}}, {"type": "Feature", "id": 218, "geometry": {"type": "LineString", "coordinates": [[-103.903304253, 31.8282145210001], [-103.14978771, 31.750729097], [-102.786042915, 31.517213639], [-102.380061291, 31.3489133520001], [-102.18063841, 31.387524183], [-101.884710694, 31.3358186240001], [-101.24153638, 30.666955731], [-100.940862802, 30.5115596840001], [-100.660259375, 30.38694347], [-100.612866738, 30.157786559], [-100.526022312, 30.118544802], [-100.507716894, 29.9704749690001], [-100.61593062, 29.6225350340001], [-100.657541969, 29.489554238], [-100.626246838, 29.362088022], [-100.568304138, 29.252344134], [-100.473190423, 29.176649513], [-100.36056119, 29.1197934510001], [-100.303058889, 29.014099309], [-99.835455361, 28.789863618], [-99.529342532, 28.8271173470001], [-99.3422735789999, 28.8196676680001], [-99.180714031, 28.767504988], [-99.053167018, 28.7080948020001], [-98.916703763, 28.6781358050001], [-98.77786514, 28.6044920150001], [-98.164961223, 28.582478058], [-97.889614664, 28.557117624], [-97.671470831, 28.6506243800001], [-97.420002974, 28.7568725560001], [-97.020917954, 28.9462396750001], [-96.6846941599999, 29.1189426660001], [-96.52814928, 29.1395214830001], [-96.372166685, 29.1347778840001], [-96.205592467, 29.076066745], [-96.0005418539999, 29.1023800340001], [-95.860727837, 29.1331766070001], [-95.744610138, 29.074448176]]}, "properties": {"FID": 218, "Opername": "PHILLIPS 66 PIPELINE", "Pipename": "Gray Oak Pipeline", "Shape_Leng": 10.1237735513, "Shape__Length": 1172063.652013044}}, {"type": "Feature", "id": 219, "geometry": {"type": "LineString", "coordinates": [[-97.7823258339999, 28.932668226], [-98.160808415, 28.644270705], [-98.164961223, 28.582478058], [-98.153280674, 28.5252874020001], [-97.795097687, 28.125099015], [-97.547593647, 27.8999003770001], [-97.544215197, 27.8483068], [-97.493014213, 27.8201470270001]]}, "properties": {"FID": 219, "Opername": "PHILLIPS 66 PIPELINE", "Pipename": "Gray Oak Pipeline", "Shape_Leng": 1.57797432632, "Shape__Length": 188257.75775722435}}, {"type": "Feature", "id": 220, "geometry": {"type": "LineString", "coordinates": [[-97.547593647, 27.8999003770001], [-97.41768746, 27.9334915260001], [-97.257928104, 27.927433674], [-97.181471841, 27.864391541]]}, "properties": {"FID": 220, "Opername": "PHILLIPS  66 PIPELINE", "Pipename": "Gray Oak Pipeline", "Shape_Leng": 0.393148348575, "Shape__Length": 44508.283055736676}}, {"type": "Feature", "id": 221, "geometry": {"type": "LineString", "coordinates": [[-103.962828546, 31.9497532300001], [-103.14978771, 31.750729097]]}, "properties": {"FID": 221, "Opername": "PHILLIPS 66 PIPELINE", "Pipename": "Gray Oak Pipeline", "Shape_Leng": 0.837046000241, "Shape__Length": 94190.59331531353}}, {"type": "Feature", "id": 222, "geometry": {"type": "LineString", "coordinates": [[-104.857480935, 40.8893229710001], [-104.843787277, 40.837542377], [-104.811835406, 40.83581566], [-104.779883535, 40.7304008890001], [-104.686310198, 40.6230866080001], [-104.61327735, 40.558961927], [-104.602090578, 40.2037508710001]]}, "properties": {"FID": 222, "Opername": "MAGELLAN MIDSTREAM PARTNERS", "Pipename": "Saddlehorn Pipeline", "Shape_Leng": 0.790667397875, "Shape__Length": 110476.70786065151}}, {"type": "Feature", "id": 223, "geometry": {"type": "LineString", "coordinates": [[-104.602090578, 40.2037508710001], [-104.585448724, 40.183113523], [-100.871449777, 38.685697061], [-98.4561473219999, 37.6728186600001], [-96.7467610799999, 35.998603086], [-96.748675815, 35.9505597830001]]}, "properties": {"FID": 223, "Opername": "MAGELLAN MIDSTREAM PARTNERS", "Pipename": "Saddlehorn Grand Mesa Pipeline", "Shape_Leng": 9.09087827307, "Shape__Length": 1082010.1448927554}}, {"type": "Feature", "id": 224, "geometry": {"type": "LineString", "coordinates": [[-89.047224183, 38.7660157340001], [-88.5795381839999, 38.580181355], [-88.607570998, 38.423519642], [-88.6377914889999, 38.135438376], [-88.700370493, 38.098602907], [-88.776485371, 37.8993377890001], [-88.89362919, 37.7128947460001], [-88.915988458, 37.2252504680001], [-88.993642542, 36.8514831860001], [-89.087259282, 36.505043642], [-89.195142818, 36.2087205810001], [-89.441809223, 35.8120662760001], [-89.5334251479999, 35.5620406240001], [-89.65779858, 34.991315437], [-89.781957488, 34.784666561], [-90.1370690369999, 34.479494655], [-90.2135199259999, 34.2812480490001], [-90.460934283, 33.96378435], [-90.735899061, 33.5300689950001], [-90.852871549, 33.45186813], [-90.882978844, 33.298117039], [-91.122249552, 33.272850362], [-91.244695962, 33.220528347], [-91.6189495789999, 32.6828251360001], [-91.7169546329999, 32.5727896280001], [-91.764999514, 32.4530589560001], [-91.828450198, 32.362226152], [-91.998805136, 32.216207634], [-92.140130772, 32.075399723], [-92.200667312, 31.93043314], [-92.612629022, 31.4156443840001], [-92.846625516, 31.167764439], [-93.052648255, 30.880554496], [-93.223534724, 30.5064215100001], [-93.709440018, 30.43748706], [-93.884572358, 30.420182776], [-93.889413469, 30.2625424120001], [-93.905364237, 30.25260718], [-93.9061418159999, 30.243051474], [-93.915187336, 30.23418228], [-93.917801601, 30.2182490650001], [-93.9265820529999, 30.1867118960001], [-93.910296338, 30.169799852], [-93.910244657, 30.161741917], [-93.916940025, 30.1426154970001], [-93.9177673519999, 30.12954054], [-93.934715635, 30.103868246], [-93.935529901, 30.080069999], [-93.946476229, 30.0739952610001], [-93.947267403, 30.068812112], [-93.979608465, 30.0538683510001], [-93.992538009, 30.037027521], [-93.9932311859999, 30.0249131210001], [-94.001378216, 30.008942292], [-94.001227504, 30.001133417], [-93.995146075, 29.992620275]]}, "properties": {"FID": 224, "Opername": "ENERGY TRANSFER", "Pipename": "ETCO Pipeline", "Shape_Leng": 11.3738111791, "Shape__Length": 1448470.875288718}}, {"type": "Feature", "id": 225, "geometry": {"type": "LineString", "coordinates": [[-98.3101448259999, 38.3399363840001], [-98.379106518, 38.316315409], [-98.459650869, 38.2706563450001], [-98.459650869, 38.2156667030001], [-98.9427588399999, 37.7908550120001], [-99.5801198029999, 37.1365246330001], [-100.569491307, 37.140538715]]}, "properties": {"FID": 225, "Opername": "CHS ENERGY", "Pipename": "Jayhawk Pipeline", "Shape_Leng": 2.76661075351, "Shape__Length": 333952.0790346542}}, {"type": "Feature", "id": 226, "geometry": {"type": "LineString", "coordinates": [[-100.569491307, 37.140538715], [-100.628184996, 37.1365270680001], [-100.917200114, 36.984224284], [-101.265824615, 36.819765522], [-101.365300262, 36.68161108], [-101.351297132, 36.597339579], [-101.40730965, 36.524229742], [-101.470323734, 36.3890760850001], [-101.519334688, 36.3383327660001], [-101.519334688, 36.2649784650001]]}, "properties": {"FID": 226, "Opername": "CHS ENERGY", "Pipename": "Jayhawk Pipeline", "Shape_Leng": 1.41178004867, "Shape__Length": 175019.18935207566}}, {"type": "Feature", "id": 227, "geometry": {"type": "LineString", "coordinates": [[-102.044452047, 37.0680708890001], [-101.876414492, 37.040132305], [-100.569491307, 37.140538715]]}, "properties": {"FID": 227, "Opername": "CHS ENERGY", "Pipename": "Jayhawk Pipeline", "Shape_Leng": 1.48111876118, "Shape__Length": 165266.71441227122}}, {"type": "Feature", "id": 228, "geometry": {"type": "LineString", "coordinates": [[-100.973212633, 37.6191328350001], [-100.882192291, 37.5025790030001], [-100.889026554, 37.47059202], [-100.857373124, 37.47200623], [-100.575779723, 37.2098890500001], [-100.569491307, 37.140538715]]}, "properties": {"FID": 228, "Opername": "CHS ENERGY", "Pipename": "Jayhawk Pipeline", "Shape_Leng": 0.666620207221, "Shape__Length": 85310.73626458738}}, {"type": "Feature", "id": 229, "geometry": {"type": "LineString", "coordinates": [[-98.310340933, 38.341180197], [-98.0949755789999, 38.2600361400001], [-97.966220399, 38.224505956], [-97.82354574, 38.172545996], [-97.740028867, 38.150657026], [-97.635632776, 38.04933509], [-97.381602286, 37.8050398290001]]}, "properties": {"FID": 229, "Opername": "CHS ENERGY", "Pipename": "Jayhawk Pipeline", "Shape_Leng": 1.09980923875, "Shape__Length": 132133.97715843323}}, {"type": "Feature", "id": 230, "geometry": {"type": "LineString", "coordinates": [[-97.371162677, 37.8105385220001], [-97.138011405, 37.8105385220001], [-97.1032127079999, 37.8077892270001], [-97.061454272, 37.788541293], [-96.901380264, 37.8022903290001]]}, "properties": {"FID": 230, "Opername": "CHS ENERGY", "Pipename": "Jayhawk Pipeline", "Shape_Leng": 0.474702766031, "Shape__Length": 53153.306107125565}}, {"type": "Feature", "id": 231, "geometry": {"type": "LineString", "coordinates": [[-98.3101448259999, 38.3399363840001], [-98.049737273, 38.328314601], [-97.680871082, 38.3337741020001]]}, "properties": {"FID": 231, "Opername": "CHS ENERGY", "Pipename": "Jayhawk Pipeline", "Shape_Leng": 0.629573350661, "Shape__Length": 70104.62234917592}}, {"type": "Feature", "id": 232, "geometry": {"type": "LineString", "coordinates": [[-97.680871082, 38.3310444030001], [-97.600834078, 38.1397100770001], [-97.510357465, 37.9753088250001], [-97.245887367, 37.89846191], [-96.901380264, 37.8022903290001]]}, "properties": {"FID": 232, "Opername": "CHS ENERGY", "Pipename": "Jayhawk Pipeline", "Shape_Leng": 1.02814070349, "Shape__Length": 125925.3157889448}}, {"type": "Feature", "id": 233, "geometry": {"type": "LineString", "coordinates": [[-99.322499623, 40.4056202420001], [-99.403406594, 40.184660363], [-99.424285813, 40.040948859], [-99.417326073, 40.0143022990001], [-99.4312455529999, 39.87557245], [-99.299010503, 39.7900604590001], [-99.250292327, 39.64015842], [-99.111097538, 39.4039403260001], [-98.909265094, 39.118339134], [-98.637835256, 38.7664867740001], [-98.533439164, 38.625257305], [-98.4216798259999, 38.472387171], [-98.364982005, 38.401873643], [-98.3101448259999, 38.3399363840001]]}, "properties": {"FID": 233, "Opername": "CHS ENERGY", "Pipename": "Jayhawk Pipeline", "Shape_Leng": 2.4690659776, "Shape__Length": 334138.8861113253}}, {"type": "Feature", "id": 234, "geometry": {"type": "LineString", "coordinates": [[-98.3101448259999, 38.3399363840001], [-98.330243604, 38.3763376740001], [-98.817967669, 38.7011888640001], [-98.96146314, 38.8363191010001]]}, "properties": {"FID": 234, "Opername": "CHS ENERGY", "Pipename": "Kaw Pipeline", "Shape_Leng": 0.824694349669, "Shape__Length": 101989.57263592596}}, {"type": "Feature", "id": 235, "geometry": {"type": "LineString", "coordinates": [[-98.96146314, 38.8363191010001], [-99.184174802, 38.823442679], [-99.319889721, 38.751562205], [-99.431896631, 38.8223849040001], [-99.49301324, 38.8403858640001], [-99.632208029, 38.7922580360001], [-99.640037736, 38.7583465010001], [-99.723554609, 38.7230612560001], [-100.036742884, 38.6116628560001]]}, "properties": {"FID": 235, "Opername": "CHS ENERGY", "Pipename": "Kaw Pipeline", "Shape_Leng": 1.17804961186, "Shape__Length": 137211.10471694887}}, {"type": "Feature", "id": 236, "geometry": {"type": "LineString", "coordinates": [[-98.96146314, 38.8363191010001], [-99.0808897649999, 39.0084614790001], [-99.173735193, 39.099437734], [-99.243332588, 39.1507297380001], [-99.514762426, 39.1669194520001], [-99.570762674, 39.1977513780001], [-99.603499104, 39.253202386], [-99.692235782, 39.290916786], [-99.8105513519999, 39.3689763840001]]}, "properties": {"FID": 236, "Opername": "CHS ENERGY", "Pipename": "Kaw Pipeline", "Shape_Leng": 1.06435430003, "Shape__Length": 130609.64252089827}}]}