DISTRICT,DIST_NAME,CTY_CODE,CTY_NAME,SUMMARY_LVL,E_COMMODITY_SDESC,QTY_1_YR,UNIT_QY1,ALL_VAL_YR,VES_VAL_YR,VES_WGT_YR,time,COMM_LVL,E_COMMODITY
10,"NEW YORK CITY, NY",-,TOTAL FOR ALL COUNTRIES,DET,"LIGHT FUEL OILS GT=25 DEG API, LT=15 PPM SULFUR",9742469,BBL,989236517,989230777,1298187530,2024-12,HS10,2710191106
11,"PHILADELPHIA, PA",-,TOTAL FOR ALL COUNTRIES,DET,"LIGHT FUEL OILS GT=25 DEG API, LT=15 PPM SULFUR",1306112,BBL,118308437,118308437,174565874,2024-12,HS10,2710191106
14,"NORFOLK, VA",-,TOTAL FOR ALL COUNTRIES,DET,"LIGHT FUEL OILS GT=25 DEG API, LT=15 PPM SULFUR",204,BBL,39598,39598,28126,2024-12,HS10,2710191106
16,"CHARLESTON, SC",-,TOTAL FOR ALL COUNTRIES,DET,"LIGHT FUEL OILS GT=25 DEG API, LT=15 PPM SULFUR",55,BBL,9289,9289,7500,2024-12,HS10,2710191106
17,"SAVANNAH, GA",-,TOTAL FOR ALL COUNTRIES,DET,"LIGHT FUEL OILS GT=25 DEG API, LT=15 PPM SULFUR",56,BBL,6195,0,0,2024-12,HS10,2710191106
18,"TAMPA, FL",-,TOTAL FOR ALL COUNTRIES,DET,"LIGHT FUEL OILS GT=25 DEG API, LT=15 PPM SULFUR",68,BBL,6982,6982,9273,2024-12,HS10,2710191106
19,"MOBILE, AL",-,TOTAL FOR ALL COUNTRIES,DET,"LIGHT FUEL OILS GT=25 DEG API, LT=15 PPM SULFUR",7753526,BBL,768916849,768916849,1037814695,2024-12,HS10,2710191106
20,"NEW ORLEANS, LA",-,TOTAL FOR ALL COUNTRIES,DET,"LIGHT FUEL OILS GT=25 DEG API, LT=15 PPM SULFUR",114765513,BBL,11242706959,11242706959,15188133285,2024-12,HS10,2710191106
21,"PORT ARTHUR, TX",-,TOTAL FOR ALL COUNTRIES,DET,"LIGHT FUEL OILS GT=25 DEG API, LT=15 PPM SULFUR",64118017,BBL,6312310026,6312310026,8517253059,2024-12,HS10,2710191106
23,"LAREDO, TX",-,TOTAL FOR ALL COUNTRIES,DET,"LIGHT FUEL OILS GT=25 DEG API, LT=15 PPM SULFUR",21115110,BBL,2159501717,0,0,2024-12,HS10,2710191106
24,"EL PASO, TX",-,TOTAL FOR ALL COUNTRIES,DET,"LIGHT FUEL OILS GT=25 DEG API, LT=15 PPM SULFUR",7833856,BBL,830596130,0,0,2024-12,HS10,2710191106
25,"SAN DIEGO, CA",-,TOTAL FOR ALL COUNTRIES,DET,"LIGHT FUEL OILS GT=25 DEG API, LT=15 PPM SULFUR",894352,BBL,99985357,0,0,2024-12,HS10,2710191106
26,"NOGALES, AZ",-,TOTAL FOR ALL COUNTRIES,DET,"LIGHT FUEL OILS GT=25 DEG API, LT=15 PPM SULFUR",1895599,BBL,206350050,0,0,2024-12,HS10,2710191106
27,"LOS ANGELES, CA",-,TOTAL FOR ALL COUNTRIES,DET,"LIGHT FUEL OILS GT=25 DEG API, LT=15 PPM SULFUR",8617256,BBL,849211721,849203993,1144976472,2024-12,HS10,2710191106
28,"SAN FRANCISCO, CA",-,TOTAL FOR ALL COUNTRIES,DET,"LIGHT FUEL OILS GT=25 DEG API, LT=15 PPM SULFUR",6350532,BBL,841412027,841412027,840857949,2024-12,HS10,2710191106
30,"SEATTLE, WA",-,TOTAL FOR ALL COUNTRIES,DET,"LIGHT FUEL OILS GT=25 DEG API, LT=15 PPM SULFUR",18713732,BBL,1864785059,1864785059,2520875178,2024-12,HS10,2710191106
38,"DETROIT, MI",-,TOTAL FOR ALL COUNTRIES,DET,"LIGHT FUEL OILS GT=25 DEG API, LT=15 PPM SULFUR",167,BBL,17716,5964,7636,2024-12,HS10,2710191106
39,"CHICAGO, IL",-,TOTAL FOR ALL COUNTRIES,DET,"LIGHT FUEL OILS GT=25 DEG API, LT=15 PPM SULFUR",220,BBL,24580,0,0,2024-12,HS10,2710191106
49,"SAN JUAN, PR",-,TOTAL FOR ALL COUNTRIES,DET,"LIGHT FUEL OILS GT=25 DEG API, LT=15 PPM SULFUR",60593,BBL,4776715,4776715,8238313,2024-12,HS10,2710191106
51,U.S. VIRGIN ISLANDS,-,TOTAL FOR ALL COUNTRIES,DET,"LIGHT FUEL OILS GT=25 DEG API, LT=15 PPM SULFUR",2899923,BBL,291642619,291642619,383245455,2024-12,HS10,2710191106
52,"MIAMI, FL",-,TOTAL FOR ALL COUNTRIES,DET,"LIGHT FUEL OILS GT=25 DEG API, LT=15 PPM SULFUR",77996,BBL,9282921,9282921,10684345,2024-12,HS10,2710191106
53,"HOUSTON-GALVESTON, TX",-,TOTAL FOR ALL COUNTRIES,DET,"LIGHT FUEL OILS GT=25 DEG API, LT=15 PPM SULFUR",96212246,BBL,9484513049,9484513049,12837525224,2024-12,HS10,2710191106
-,TOTAL FOR ALL DISTRICTS,-,TOTAL FOR ALL COUNTRIES,DET,"LIGHT FUEL OILS GT=25 DEG API, LT=15 PPM SULFUR",362357602,BBL,36073640513,32777151264,43962409914,2024-12,HS10,2710191106
10,"NEW YORK CITY, NY",0003,EUROPEAN UNION,CGP,"LIGHT FUEL OILS GT=25 DEG API, LT=15 PPM SULFUR",7243884,BBL,749400234,749400234,965131382,2024-12,HS10,2710191106
10,"NEW YORK CITY, NY",0014,PACIFIC RIM COUNTRIES,CGP,"LIGHT FUEL OILS GT=25 DEG API, LT=15 PPM SULFUR",9093,BBL,614335,614335,1240043,2024-12,HS10,2710191106
10,"NEW YORK CITY, NY",0022,OECD,CGP,"LIGHT FUEL OILS GT=25 DEG API, LT=15 PPM SULFUR",9183189,BBL,931955318,931949578,1223666475,2024-12,HS10,2710191106
10,"NEW YORK CITY, NY",0023,NATO,CGP,"LIGHT FUEL OILS GT=25 DEG API, LT=15 PPM SULFUR",9173994,BBL,931329864,931329864,1222419887,2024-12,HS10,2710191106
10,"NEW YORK CITY, NY",0025,EURO AREA,CGP,"LIGHT FUEL OILS GT=25 DEG API, LT=15 PPM SULFUR",6948046,BBL,719605104,719605104,925581368,2024-12,HS10,2710191106
10,"NEW YORK CITY, NY",0026,APEC,CGP,"LIGHT FUEL OILS GT=25 DEG API, LT=15 PPM SULFUR",9093,BBL,614335,614335,1240043,2024-12,HS10,2710191106
10,"NEW YORK CITY, NY",2320,BERMUDA,DET,"LIGHT FUEL OILS GT=25 DEG API, LT=15 PPM SULFUR",40029,BBL,3832776,3832776,5325912,2024-12,HS10,2710191106
10,"NEW YORK CITY, NY",2360,BAHAMAS,DET,"LIGHT FUEL OILS GT=25 DEG API, LT=15 PPM SULFUR",50009,BBL,4788389,4788389,6653803,2024-12,HS10,2710191106
10,"NEW YORK CITY, NY",2410,JAMAICA,DET,"LIGHT FUEL OILS GT=25 DEG API, LT=15 PPM SULFUR",135445,BBL,11990706,11990706,18021121,2024-12,HS10,2710191106
10,"NEW YORK CITY, NY",2XXX,CENTRAL AMERICA,CGP,"LIGHT FUEL OILS GT=25 DEG API, LT=15 PPM SULFUR",225483,BBL,20611871,20611871,30000836,2024-12,HS10,2710191106
10,"NEW YORK CITY, NY",4099,DENMARK,DET,"LIGHT FUEL OILS GT=25 DEG API, LT=15 PPM SULFUR",295308,BBL,29736000,29736000,39477741,2024-12,HS10,2710191106
10,"NEW YORK CITY, NY",4120,UNITED KINGDOM,DET,"LIGHT FUEL OILS GT=25 DEG API, LT=15 PPM SULFUR",1930110,BBL,181929630,181929630,257288505,2024-12,HS10,2710191106
10,"NEW YORK CITY, NY",4210,NETHERLANDS,DET,"LIGHT FUEL OILS GT=25 DEG API, LT=15 PPM SULFUR",4044385,BBL,412614770,412614770,541379627,2024-12,HS10,2710191106
10,"NEW YORK CITY, NY",4231,BELGIUM,DET,"LIGHT FUEL OILS GT=25 DEG API, LT=15 PPM SULFUR",1157617,BBL,118735426,118735426,153967763,2024-12,HS10,2710191106
10,"NEW YORK CITY, NY",4279,FRANCE,DET,"LIGHT FUEL OILS GT=25 DEG API, LT=15 PPM SULFUR",1606214,BBL,178915960,178915960,211583253,2024-12,HS10,2710191106
10,"NEW YORK CITY, NY",4280,GERMANY,DET,"LIGHT FUEL OILS GT=25 DEG API, LT=15 PPM SULFUR",139830,BBL,9338948,9338948,18650725,2024-12,HS10,2710191106
10,"NEW YORK CITY, NY",4370,HUNGARY,DET,"LIGHT FUEL OILS GT=25 DEG API, LT=15 PPM SULFUR",530,BBL,59130,59130,72273,2024-12,HS10,2710191106
10,"NEW YORK CITY, NY",4XXX,EUROPE,CGP,"LIGHT FUEL OILS GT=25 DEG API, LT=15 PPM SULFUR",9173994,BBL,931329864,931329864,1222419887,2024-12,HS10,2710191106
10,"NEW YORK CITY, NY",5081,ISRAEL,DET,"LIGHT FUEL OILS GT=25 DEG API, LT=15 PPM SULFUR",102,BBL,11119,5379,6545,2024-12,HS10,2710191106
10,"NEW YORK CITY, NY",5170,SAUDI ARABIA,DET,"LIGHT FUEL OILS GT=25 DEG API, LT=15 PPM SULFUR",67,BBL,7424,7424,9136,2024-12,HS10,2710191106
10,"NEW YORK CITY, NY",5180,QATAR,DET,"LIGHT FUEL OILS GT=25 DEG API, LT=15 PPM SULFUR",660,BBL,24516,24516,90000,2024-12,HS10,2710191106
10,"NEW YORK CITY, NY",5330,INDIA,DET,"LIGHT FUEL OILS GT=25 DEG API, LT=15 PPM SULFUR",47,BBL,4818,4818,6409,2024-12,HS10,2710191106
10,"NEW YORK CITY, NY",5800,"KOREA, SOUTH",DET,"LIGHT FUEL OILS GT=25 DEG API, LT=15 PPM SULFUR",4322,BBL,157176,157176,589450,2024-12,HS10,2710191106
10,"NEW YORK CITY, NY",5880,JAPAN,DET,"LIGHT FUEL OILS GT=25 DEG API, LT=15 PPM SULFUR",4771,BBL,457159,457159,650593,2024-12,HS10,2710191106
10,"NEW YORK CITY, NY",5XXX,ASIA,CGP,"LIGHT FUEL OILS GT=25 DEG API, LT=15 PPM SULFUR",9969,BBL,662212,656472,1352133,2024-12,HS10,2710191106
10,"NEW YORK CITY, NY",7140,MOROCCO,DET,"LIGHT FUEL OILS GT=25 DEG API, LT=15 PPM SULFUR",333023,BBL,36632570,36632570,44414674,2024-12,HS10,2710191106
10,"NEW YORK CITY, NY",7XXX,AFRICA,CGP,"LIGHT FUEL OILS GT=25 DEG API, LT=15 PPM SULFUR",333023,BBL,36632570,36632570,44414674,2024-12,HS10,2710191106
11,"PHILADELPHIA, PA",0003,EUROPEAN UNION,CGP,"LIGHT FUEL OILS GT=25 DEG API, LT=15 PPM SULFUR",1306112,BBL,118308437,118308437,174565874,2024-12,HS10,2710191106
11,"PHILADELPHIA, PA",0022,OECD,CGP,"LIGHT FUEL OILS GT=25 DEG API, LT=15 PPM SULFUR",1306112,BBL,118308437,118308437,174565874,2024-12,HS10,2710191106
11,"PHILADELPHIA, PA",0023,NATO,CGP,"LIGHT FUEL OILS GT=25 DEG API, LT=15 PPM SULFUR",1306112,BBL,118308437,118308437,174565874,2024-12,HS10,2710191106
11,"PHILADELPHIA, PA",0025,EURO AREA,CGP,"LIGHT FUEL OILS GT=25 DEG API, LT=15 PPM SULFUR",1306112,BBL,118308437,118308437,174565874,2024-12,HS10,2710191106
11,"PHILADELPHIA, PA",4210,NETHERLANDS,DET,"LIGHT FUEL OILS GT=25 DEG API, LT=15 PPM SULFUR",521342,BBL,46861115,46861115,69441432,2024-12,HS10,2710191106
11,"PHILADELPHIA, PA",4279,FRANCE,DET,"LIGHT FUEL OILS GT=25 DEG API, LT=15 PPM SULFUR",609635,BBL,59719713,59719713,81669226,2024-12,HS10,2710191106
11,"PHILADELPHIA, PA",4280,GERMANY,DET,"LIGHT FUEL OILS GT=25 DEG API, LT=15 PPM SULFUR",175135,BBL,11727609,11727609,23455216,2024-12,HS10,2710191106
11,"PHILADELPHIA, PA",4XXX,EUROPE,CGP,"LIGHT FUEL OILS GT=25 DEG API, LT=15 PPM SULFUR",1306112,BBL,118308437,118308437,174565874,2024-12,HS10,2710191106
14,"NORFOLK, VA",0003,EUROPEAN UNION,CGP,"LIGHT FUEL OILS GT=25 DEG API, LT=15 PPM SULFUR",34,BBL,17756,17756,4854,2024-12,HS10,2710191106
14,"NORFOLK, VA",0022,OECD,CGP,"LIGHT FUEL OILS GT=25 DEG API, LT=15 PPM SULFUR",34,BBL,17756,17756,4854,2024-12,HS10,2710191106
14,"NORFOLK, VA",0023,NATO,CGP,"LIGHT FUEL OILS GT=25 DEG API, LT=15 PPM SULFUR",34,BBL,17756,17756,4854,2024-12,HS10,2710191106
14,"NORFOLK, VA",0025,EURO AREA,CGP,"LIGHT FUEL OILS GT=25 DEG API, LT=15 PPM SULFUR",34,BBL,17756,17756,4854,2024-12,HS10,2710191106
14,"NORFOLK, VA",4280,GERMANY,DET,"LIGHT FUEL OILS GT=25 DEG API, LT=15 PPM SULFUR",34,BBL,17756,17756,4854,2024-12,HS10,2710191106
14,"NORFOLK, VA",4XXX,EUROPE,CGP,"LIGHT FUEL OILS GT=25 DEG API, LT=15 PPM SULFUR",34,BBL,17756,17756,4854,2024-12,HS10,2710191106
14,"NORFOLK, VA",5110,JORDAN,DET,"LIGHT FUEL OILS GT=25 DEG API, LT=15 PPM SULFUR",45,BBL,5032,5032,6136,2024-12,HS10,2710191106
14,"NORFOLK, VA",5330,INDIA,DET,"LIGHT FUEL OILS GT=25 DEG API, LT=15 PPM SULFUR",120,BBL,13387,13387,16363,2024-12,HS10,2710191106
14,"NORFOLK, VA",5XXX,ASIA,CGP,"LIGHT FUEL OILS GT=25 DEG API, LT=15 PPM SULFUR",165,BBL,18419,18419,22499,2024-12,HS10,2710191106
14,"NORFOLK, VA",7810,BRITISH INDIAN OCEAN TERRITORIES,DET,"LIGHT FUEL OILS GT=25 DEG API, LT=15 PPM SULFUR",5,BBL,3423,3423,773,2024-12,HS10,2710191106
14,"NORFOLK, VA",7XXX,AFRICA,CGP,"LIGHT FUEL OILS GT=25 DEG API, LT=15 PPM SULFUR",5,BBL,3423,3423,773,2024-12,HS10,2710191106
16,"CHARLESTON, SC",0014,PACIFIC RIM COUNTRIES,CGP,"LIGHT FUEL OILS GT=25 DEG API, LT=15 PPM SULFUR",29,BBL,6632,6632,3955,2024-12,HS10,2710191106
16,"CHARLESTON, SC",0022,OECD,CGP,"LIGHT FUEL OILS GT=25 DEG API, LT=15 PPM SULFUR",29,BBL,6632,6632,3955,2024-12,HS10,2710191106
16,"CHARLESTON, SC",0026,APEC,CGP,"LIGHT FUEL OILS GT=25 DEG API, LT=15 PPM SULFUR",29,BBL,6632,6632,3955,2024-12,HS10,2710191106
16,"CHARLESTON, SC",5330,INDIA,DET,"LIGHT FUEL OILS GT=25 DEG API, LT=15 PPM SULFUR",26,BBL,2657,2657,3545,2024-12,HS10,2710191106
16,"CHARLESTON, SC",5800,"KOREA, SOUTH",DET,"LIGHT FUEL OILS GT=25 DEG API, LT=15 PPM SULFUR",29,BBL,6632,6632,3955,2024-12,HS10,2710191106
16,"CHARLESTON, SC",5XXX,ASIA,CGP,"LIGHT FUEL OILS GT=25 DEG API, LT=15 PPM SULFUR",55,BBL,9289,9289,7500,2024-12,HS10,2710191106
17,"SAVANNAH, GA",5330,INDIA,DET,"LIGHT FUEL OILS GT=25 DEG API, LT=15 PPM SULFUR",56,BBL,6195,0,0,2024-12,HS10,2710191106
17,"SAVANNAH, GA",5XXX,ASIA,CGP,"LIGHT FUEL OILS GT=25 DEG API, LT=15 PPM SULFUR",56,BBL,6195,0,0,2024-12,HS10,2710191106
18,"TAMPA, FL",0021,TWENTY LATIN AMERICAN REPUBLICS,CGP,"LIGHT FUEL OILS GT=25 DEG API, LT=15 PPM SULFUR",68,BBL,6982,6982,9273,2024-12,HS10,2710191106
18,"TAMPA, FL",0024,LAFTA,CGP,"LIGHT FUEL OILS GT=25 DEG API, LT=15 PPM SULFUR",68,BBL,6982,6982,9273,2024-12,HS10,2710191106
18,"TAMPA, FL",3510,BRAZIL,DET,"LIGHT FUEL OILS GT=25 DEG API, LT=15 PPM SULFUR",68,BBL,6982,6982,9273,2024-12,HS10,2710191106
18,"TAMPA, FL",3XXX,SOUTH AMERICA,CGP,"LIGHT FUEL OILS GT=25 DEG API, LT=15 PPM SULFUR",68,BBL,6982,6982,9273,2024-12,HS10,2710191106
19,"MOBILE, AL",0003,EUROPEAN UNION,CGP,"LIGHT FUEL OILS GT=25 DEG API, LT=15 PPM SULFUR",525195,BBL,49153099,49153099,70715312,2024-12,HS10,2710191106
19,"MOBILE, AL",0017,CAFTA-DR,CGP,"LIGHT FUEL OILS GT=25 DEG API, LT=15 PPM SULFUR",1251271,BBL,133189221,133189221,166665401,2024-12,HS10,2710191106
19,"MOBILE, AL",0020,USMCA (NAFTA),CGP,"LIGHT FUEL OILS GT=25 DEG API, LT=15 PPM SULFUR",122156,BBL,10795573,10795573,15962022,2024-12,HS10,2710191106
19,"MOBILE, AL",0021,TWENTY LATIN AMERICAN REPUBLICS,CGP,"LIGHT FUEL OILS GT=25 DEG API, LT=15 PPM SULFUR",7029394,BBL,700677393,700677393,940903668,2024-12,HS10,2710191106
19,"MOBILE, AL",0022,OECD,CGP,"LIGHT FUEL OILS GT=25 DEG API, LT=15 PPM SULFUR",747462,BBL,70248672,70248672,100157335,2024-12,HS10,2710191106
19,"MOBILE, AL",0023,NATO,CGP,"LIGHT FUEL OILS GT=25 DEG API, LT=15 PPM SULFUR",525195,BBL,49153099,49153099,70715312,2024-12,HS10,2710191106
19,"MOBILE, AL",0024,LAFTA,CGP,"LIGHT FUEL OILS GT=25 DEG API, LT=15 PPM SULFUR",812459,BBL,78339122,78339122,108482307,2024-12,HS10,2710191106
19,"MOBILE, AL",0025,EURO AREA,CGP,"LIGHT FUEL OILS GT=25 DEG API, LT=15 PPM SULFUR",525195,BBL,49153099,49153099,70715312,2024-12,HS10,2710191106
19,"MOBILE, AL",0026,APEC,CGP,"LIGHT FUEL OILS GT=25 DEG API, LT=15 PPM SULFUR",411525,BBL,40595573,40595573,54762407,2024-12,HS10,2710191106
19,"MOBILE, AL",0028,CACM,CGP,"LIGHT FUEL OILS GT=25 DEG API, LT=15 PPM SULFUR",925353,BBL,98001815,98001815,123405722,2024-12,HS10,2710191106
19,"MOBILE, AL",1XXX,NORTH AMERICA,CGP,"LIGHT FUEL OILS GT=25 DEG API, LT=15 PPM SULFUR",122156,BBL,10795573,10795573,15962022,2024-12,HS10,2710191106
19,"MOBILE, AL",2010,MEXICO,DET,"LIGHT FUEL OILS GT=25 DEG API, LT=15 PPM SULFUR",122156,BBL,10795573,10795573,15962022,2024-12,HS10,2710191106
19,"MOBILE, AL",2050,GUATEMALA,DET,"LIGHT FUEL OILS GT=25 DEG API, LT=15 PPM SULFUR",317502,BBL,33462775,33462775,42705882,2024-12,HS10,2710191106
19,"MOBILE, AL",2150,HONDURAS,DET,"LIGHT FUEL OILS GT=25 DEG API, LT=15 PPM SULFUR",607851,BBL,64539040,64539040,80699840,2024-12,HS10,2710191106
19,"MOBILE, AL",2250,PANAMA,DET,"LIGHT FUEL OILS GT=25 DEG API, LT=15 PPM SULFUR",4965664,BBL,489149050,489149050,665755960,2024-12,HS10,2710191106
19,"MOBILE, AL",2360,BAHAMAS,DET,"LIGHT FUEL OILS GT=25 DEG API, LT=15 PPM SULFUR",22906,BBL,2267961,2267961,3006673,2024-12,HS10,2710191106
19,"MOBILE, AL",2410,JAMAICA,DET,"LIGHT FUEL OILS GT=25 DEG API, LT=15 PPM SULFUR",45029,BBL,5200744,5200744,5923037,2024-12,HS10,2710191106
19,"MOBILE, AL",2470,DOMINICAN REPUBLIC,DET,"LIGHT FUEL OILS GT=25 DEG API, LT=15 PPM SULFUR",325918,BBL,35187406,35187406,43259679,2024-12,HS10,2710191106
19,"MOBILE, AL",2740,TRINIDAD AND TOBAGO,DET,"LIGHT FUEL OILS GT=25 DEG API, LT=15 PPM SULFUR",131002,BBL,11617652,11617652,17266005,2024-12,HS10,2710191106
19,"MOBILE, AL",2XXX,CENTRAL AMERICA,CGP,"LIGHT FUEL OILS GT=25 DEG API, LT=15 PPM SULFUR",6415872,BBL,641424628,641424628,858617076,2024-12,HS10,2710191106
19,"MOBILE, AL",3010,COLOMBIA,DET,"LIGHT FUEL OILS GT=25 DEG API, LT=15 PPM SULFUR",100111,BBL,10300000,10300000,13480001,2024-12,HS10,2710191106
19,"MOBILE, AL",3330,PERU,DET,"LIGHT FUEL OILS GT=25 DEG API, LT=15 PPM SULFUR",289369,BBL,29800000,29800000,38800385,2024-12,HS10,2710191106
19,"MOBILE, AL",3510,BRAZIL,DET,"LIGHT FUEL OILS GT=25 DEG API, LT=15 PPM SULFUR",300823,BBL,27443549,27443549,40239899,2024-12,HS10,2710191106
19,"MOBILE, AL",3XXX,SOUTH AMERICA,CGP,"LIGHT FUEL OILS GT=25 DEG API, LT=15 PPM SULFUR",690303,BBL,67543549,67543549,92520285,2024-12,HS10,2710191106
19,"MOBILE, AL",4210,NETHERLANDS,DET,"LIGHT FUEL OILS GT=25 DEG API, LT=15 PPM SULFUR",525195,BBL,49153099,49153099,70715312,2024-12,HS10,2710191106
19,"MOBILE, AL",4XXX,EUROPE,CGP,"LIGHT FUEL OILS GT=25 DEG API, LT=15 PPM SULFUR",525195,BBL,49153099,49153099,70715312,2024-12,HS10,2710191106
20,"NEW ORLEANS, LA",0003,EUROPEAN UNION,CGP,"LIGHT FUEL OILS GT=25 DEG API, LT=15 PPM SULFUR",44063148,BBL,4273439070,4273439070,5821470601,2024-12,HS10,2710191106
20,"NEW ORLEANS, LA",0014,PACIFIC RIM COUNTRIES,CGP,"LIGHT FUEL OILS GT=25 DEG API, LT=15 PPM SULFUR",303709,BBL,33099955,33099955,40289299,2024-12,HS10,2710191106
20,"NEW ORLEANS, LA",0017,CAFTA-DR,CGP,"LIGHT FUEL OILS GT=25 DEG API, LT=15 PPM SULFUR",6578314,BBL,633289138,633289138,879804660,2024-12,HS10,2710191106
20,"NEW ORLEANS, LA",0020,USMCA (NAFTA),CGP,"LIGHT FUEL OILS GT=25 DEG API, LT=15 PPM SULFUR",6657606,BBL,626951615,626951615,882129868,2024-12,HS10,2710191106
20,"NEW ORLEANS, LA",0021,TWENTY LATIN AMERICAN REPUBLICS,CGP,"LIGHT FUEL OILS GT=25 DEG API, LT=15 PPM SULFUR",44588787,BBL,4266162633,4266162633,5916920222,2024-12,HS10,2710191106
20,"NEW ORLEANS, LA",0022,OECD,CGP,"LIGHT FUEL OILS GT=25 DEG API, LT=15 PPM SULFUR",81512590,BBL,8016307273,8016307273,10779557749,2024-12,HS10,2710191106
20,"NEW ORLEANS, LA",0023,NATO,CGP,"LIGHT FUEL OILS GT=25 DEG API, LT=15 PPM SULFUR",59049295,BBL,5815390072,5815390072,7800548941,2024-12,HS10,2710191106
20,"NEW ORLEANS, LA",0024,LAFTA,CGP,"LIGHT FUEL OILS GT=25 DEG API, LT=15 PPM SULFUR",36828428,BBL,3528889472,3528889472,4879892200,2024-12,HS10,2710191106
20,"NEW ORLEANS, LA",0025,EURO AREA,CGP,"LIGHT FUEL OILS GT=25 DEG API, LT=15 PPM SULFUR",37535071,BBL,3625614970,3625614970,4960333589,2024-12,HS10,2710191106
20,"NEW ORLEANS, LA",0026,APEC,CGP,"LIGHT FUEL OILS GT=25 DEG API, LT=15 PPM SULFUR",20455117,BBL,1982636447,1982636447,2713613832,2024-12,HS10,2710191106
20,"NEW ORLEANS, LA",0027,ASEAN,CGP,"LIGHT FUEL OILS GT=25 DEG API, LT=15 PPM SULFUR",303709,BBL,33099955,33099955,40289299,2024-12,HS10,2710191106
20,"NEW ORLEANS, LA",0028,CACM,CGP,"LIGHT FUEL OILS GT=25 DEG API, LT=15 PPM SULFUR",5161330,BBL,493543363,493543363,691685737,2024-12,HS10,2710191106
20,"NEW ORLEANS, LA",1XXX,NORTH AMERICA,CGP,"LIGHT FUEL OILS GT=25 DEG API, LT=15 PPM SULFUR",6657606,BBL,626951615,626951615,882129868,2024-12,HS10,2710191106
20,"NEW ORLEANS, LA",2010,MEXICO,DET,"LIGHT FUEL OILS GT=25 DEG API, LT=15 PPM SULFUR",6657606,BBL,626951615,626951615,882129868,2024-12,HS10,2710191106
20,"NEW ORLEANS, LA",2050,GUATEMALA,DET,"LIGHT FUEL OILS GT=25 DEG API, LT=15 PPM SULFUR",1378039,BBL,129404767,129404767,186700116,2024-12,HS10,2710191106
20,"NEW ORLEANS, LA",2110,EL SALVADOR,DET,"LIGHT FUEL OILS GT=25 DEG API, LT=15 PPM SULFUR",346817,BBL,33688969,33688969,46985704,2024-12,HS10,2710191106
20,"NEW ORLEANS, LA",2190,NICARAGUA,DET,"LIGHT FUEL OILS GT=25 DEG API, LT=15 PPM SULFUR",301820,BBL,27477360,27477360,40758748,2024-12,HS10,2710191106
20,"NEW ORLEANS, LA",2230,COSTA RICA,DET,"LIGHT FUEL OILS GT=25 DEG API, LT=15 PPM SULFUR",3134654,BBL,302972267,302972267,417241169,2024-12,HS10,2710191106
20,"NEW ORLEANS, LA",2250,PANAMA,DET,"LIGHT FUEL OILS GT=25 DEG API, LT=15 PPM SULFUR",1182045,BBL,103984023,103984023,157223362,2024-12,HS10,2710191106
20,"NEW ORLEANS, LA",2360,BAHAMAS,DET,"LIGHT FUEL OILS GT=25 DEG API, LT=15 PPM SULFUR",1015177,BBL,103038131,103038131,131848585,2024-12,HS10,2710191106
20,"NEW ORLEANS, LA",2410,JAMAICA,DET,"LIGHT FUEL OILS GT=25 DEG API, LT=15 PPM SULFUR",271907,BBL,25299774,25299774,35896279,2024-12,HS10,2710191106
20,"NEW ORLEANS, LA",2440,CAYMAN ISLANDS,DET,"LIGHT FUEL OILS GT=25 DEG API, LT=15 PPM SULFUR",600645,BBL,61648850,61648850,79339956,2024-12,HS10,2710191106
20,"NEW ORLEANS, LA",2470,DOMINICAN REPUBLIC,DET,"LIGHT FUEL OILS GT=25 DEG API, LT=15 PPM SULFUR",1416984,BBL,139745775,139745775,188118923,2024-12,HS10,2710191106
20,"NEW ORLEANS, LA",2482,BRITISH VIRGIN ISLANDS,DET,"LIGHT FUEL OILS GT=25 DEG API, LT=15 PPM SULFUR",14935,BBL,1330026,1330026,1970773,2024-12,HS10,2710191106
20,"NEW ORLEANS, LA",2484,ANTIGUA AND BARBUDA,DET,"LIGHT FUEL OILS GT=25 DEG API, LT=15 PPM SULFUR",130029,BBL,13717774,13717774,17287636,2024-12,HS10,2710191106
20,"NEW ORLEANS, LA",2487,ST LUCIA,DET,"LIGHT FUEL OILS GT=25 DEG API, LT=15 PPM SULFUR",1918683,BBL,195888780,195888780,255071482,2024-12,HS10,2710191106
20,"NEW ORLEANS, LA",2740,TRINIDAD AND TOBAGO,DET,"LIGHT FUEL OILS GT=25 DEG API, LT=15 PPM SULFUR",240015,BBL,27785643,27785643,31624604,2024-12,HS10,2710191106
20,"NEW ORLEANS, LA",2777,CURACAO,DET,"LIGHT FUEL OILS GT=25 DEG API, LT=15 PPM SULFUR",526915,BBL,57139121,57139121,69355187,2024-12,HS10,2710191106
20,"NEW ORLEANS, LA",2779,ARUBA,DET,"LIGHT FUEL OILS GT=25 DEG API, LT=15 PPM SULFUR",220641,BBL,22117630,22117630,29134800,2024-12,HS10,2710191106
20,"NEW ORLEANS, LA",2831,GUADELOUPE,DET,"LIGHT FUEL OILS GT=25 DEG API, LT=15 PPM SULFUR",175000,BBL,15461716,15461716,23064918,2024-12,HS10,2710191106
20,"NEW ORLEANS, LA",2XXX,CENTRAL AMERICA,CGP,"LIGHT FUEL OILS GT=25 DEG API, LT=15 PPM SULFUR",12874306,BBL,1260700606,1260700606,1711622242,2024-12,HS10,2710191106
20,"NEW ORLEANS, LA",3010,COLOMBIA,DET,"LIGHT FUEL OILS GT=25 DEG API, LT=15 PPM SULFUR",2478524,BBL,225884927,225884927,328344629,2024-12,HS10,2710191106
20,"NEW ORLEANS, LA",3310,ECUADOR,DET,"LIGHT FUEL OILS GT=25 DEG API, LT=15 PPM SULFUR",4075095,BBL,398585552,398585552,538701329,2024-12,HS10,2710191106
20,"NEW ORLEANS, LA",3330,PERU,DET,"LIGHT FUEL OILS GT=25 DEG API, LT=15 PPM SULFUR",4402157,BBL,414908541,414908541,586149699,2024-12,HS10,2710191106
20,"NEW ORLEANS, LA",3350,BOLIVIA,DET,"LIGHT FUEL OILS GT=25 DEG API, LT=15 PPM SULFUR",276733,BBL,28236775,28236775,36480379,2024-12,HS10,2710191106
20,"NEW ORLEANS, LA",3370,CHILE,DET,"LIGHT FUEL OILS GT=25 DEG API, LT=15 PPM SULFUR",9091645,BBL,907676336,907676336,1205044966,2024-12,HS10,2710191106
20,"NEW ORLEANS, LA",3510,BRAZIL,DET,"LIGHT FUEL OILS GT=25 DEG API, LT=15 PPM SULFUR",6505079,BBL,610706736,610706736,863263583,2024-12,HS10,2710191106
20,"NEW ORLEANS, LA",3530,PARAGUAY,DET,"LIGHT FUEL OILS GT=25 DEG API, LT=15 PPM SULFUR",164966,BBL,17651355,17651355,21806549,2024-12,HS10,2710191106
20,"NEW ORLEANS, LA",3550,URUGUAY,DET,"LIGHT FUEL OILS GT=25 DEG API, LT=15 PPM SULFUR",132149,BBL,13424981,13424981,17458298,2024-12,HS10,2710191106
20,"NEW ORLEANS, LA",3570,ARGENTINA,DET,"LIGHT FUEL OILS GT=25 DEG API, LT=15 PPM SULFUR",3044474,BBL,284862654,284862654,400512900,2024-12,HS10,2710191106
20,"NEW ORLEANS, LA",3XXX,SOUTH AMERICA,CGP,"LIGHT FUEL OILS GT=25 DEG API, LT=15 PPM SULFUR",30170822,BBL,2901937857,2901937857,3997762332,2024-12,HS10,2710191106
20,"NEW ORLEANS, LA",4010,SWEDEN,DET,"LIGHT FUEL OILS GT=25 DEG API, LT=15 PPM SULFUR",305194,BBL,31371717,31371717,40414555,2024-12,HS10,2710191106
20,"NEW ORLEANS, LA",4039,NORWAY,DET,"LIGHT FUEL OILS GT=25 DEG API, LT=15 PPM SULFUR",1837610,BBL,200311315,200311315,244330608,2024-12,HS10,2710191106
20,"NEW ORLEANS, LA",4050,FINLAND,DET,"LIGHT FUEL OILS GT=25 DEG API, LT=15 PPM SULFUR",329125,BBL,33712125,33712125,43196041,2024-12,HS10,2710191106
20,"NEW ORLEANS, LA",4099,DENMARK,DET,"LIGHT FUEL OILS GT=25 DEG API, LT=15 PPM SULFUR",822591,BBL,76301975,76301975,108696792,2024-12,HS10,2710191106
20,"NEW ORLEANS, LA",4120,UNITED KINGDOM,DET,"LIGHT FUEL OILS GT=25 DEG API, LT=15 PPM SULFUR",13148537,BBL,1341639687,1341639687,1734747732,2024-12,HS10,2710191106
20,"NEW ORLEANS, LA",4210,NETHERLANDS,DET,"LIGHT FUEL OILS GT=25 DEG API, LT=15 PPM SULFUR",17006905,BBL,1630802240,1630802240,2249024829,2024-12,HS10,2710191106
20,"NEW ORLEANS, LA",4231,BELGIUM,DET,"LIGHT FUEL OILS GT=25 DEG API, LT=15 PPM SULFUR",10450553,BBL,1005472095,1005472095,1379436313,2024-12,HS10,2710191106
20,"NEW ORLEANS, LA",4279,FRANCE,DET,"LIGHT FUEL OILS GT=25 DEG API, LT=15 PPM SULFUR",6776635,BBL,660564844,660564844,895288321,2024-12,HS10,2710191106
20,"NEW ORLEANS, LA",4280,GERMANY,DET,"LIGHT FUEL OILS GT=25 DEG API, LT=15 PPM SULFUR",1277324,BBL,126641413,126641413,168678169,2024-12,HS10,2710191106
20,"NEW ORLEANS, LA",4419,SWITZERLAND,DET,"LIGHT FUEL OILS GT=25 DEG API, LT=15 PPM SULFUR",1421182,BBL,165241740,165241740,188214976,2024-12,HS10,2710191106
20,"NEW ORLEANS, LA",4490,LATVIA,DET,"LIGHT FUEL OILS GT=25 DEG API, LT=15 PPM SULFUR",315425,BBL,27935576,27935576,42148368,2024-12,HS10,2710191106
20,"NEW ORLEANS, LA",4550,POLAND,DET,"LIGHT FUEL OILS GT=25 DEG API, LT=15 PPM SULFUR",5079976,BBL,512340724,512340724,670058865,2024-12,HS10,2710191106
20,"NEW ORLEANS, LA",4700,SPAIN,DET,"LIGHT FUEL OILS GT=25 DEG API, LT=15 PPM SULFUR",1379104,BBL,140486677,140486677,182561548,2024-12,HS10,2710191106
20,"NEW ORLEANS, LA",4720,GIBRALTAR,DET,"LIGHT FUEL OILS GT=25 DEG API, LT=15 PPM SULFUR",943463,BBL,96499157,96499157,124351824,2024-12,HS10,2710191106
20,"NEW ORLEANS, LA",4850,ROMANIA,DET,"LIGHT FUEL OILS GT=25 DEG API, LT=15 PPM SULFUR",320316,BBL,27809684,27809684,41966800,2024-12,HS10,2710191106
20,"NEW ORLEANS, LA",4XXX,EUROPE,CGP,"LIGHT FUEL OILS GT=25 DEG API, LT=15 PPM SULFUR",61413940,BBL,6077130969,6077130969,8113115741,2024-12,HS10,2710191106
20,"NEW ORLEANS, LA",5590,SINGAPORE,DET,"LIGHT FUEL OILS GT=25 DEG API, LT=15 PPM SULFUR",303709,BBL,33099955,33099955,40289299,2024-12,HS10,2710191106
20,"NEW ORLEANS, LA",5XXX,ASIA,CGP,"LIGHT FUEL OILS GT=25 DEG API, LT=15 PPM SULFUR",303709,BBL,33099955,33099955,40289299,2024-12,HS10,2710191106
20,"NEW ORLEANS, LA",7140,MOROCCO,DET,"LIGHT FUEL OILS GT=25 DEG API, LT=15 PPM SULFUR",3345130,BBL,342885957,342885957,443213803,2024-12,HS10,2710191106
20,"NEW ORLEANS, LA",7XXX,AFRICA,CGP,"LIGHT FUEL OILS GT=25 DEG API, LT=15 PPM SULFUR",3345130,BBL,342885957,342885957,443213803,2024-12,HS10,2710191106
21,"PORT ARTHUR, TX",0003,EUROPEAN UNION,CGP,"LIGHT FUEL OILS GT=25 DEG API, LT=15 PPM SULFUR",16070417,BBL,1604382496,1604382496,2134593104,2024-12,HS10,2710191106
21,"PORT ARTHUR, TX",0017,CAFTA-DR,CGP,"LIGHT FUEL OILS GT=25 DEG API, LT=15 PPM SULFUR",1524309,BBL,146180372,146180372,201873740,2024-12,HS10,2710191106
21,"PORT ARTHUR, TX",0020,USMCA (NAFTA),CGP,"LIGHT FUEL OILS GT=25 DEG API, LT=15 PPM SULFUR",8752249,BBL,857765846,857765846,1166345859,2024-12,HS10,2710191106
21,"PORT ARTHUR, TX",0021,TWENTY LATIN AMERICAN REPUBLICS,CGP,"LIGHT FUEL OILS GT=25 DEG API, LT=15 PPM SULFUR",36086020,BBL,3521560235,3521560235,4802857859,2024-12,HS10,2710191106
21,"PORT ARTHUR, TX",0022,OECD,CGP,"LIGHT FUEL OILS GT=25 DEG API, LT=15 PPM SULFUR",46771374,BBL,4628093232,4628093232,6207221147,2024-12,HS10,2710191106
21,"PORT ARTHUR, TX",0023,NATO,CGP,"LIGHT FUEL OILS GT=25 DEG API, LT=15 PPM SULFUR",25808111,BBL,2565672685,2565672685,3418863295,2024-12,HS10,2710191106
21,"PORT ARTHUR, TX",0024,LAFTA,CGP,"LIGHT FUEL OILS GT=25 DEG API, LT=15 PPM SULFUR",32861530,BBL,3216620973,3216620973,4371968375,2024-12,HS10,2710191106
21,"PORT ARTHUR, TX",0025,EURO AREA,CGP,"LIGHT FUEL OILS GT=25 DEG API, LT=15 PPM SULFUR",12401781,BBL,1239630790,1239630790,1650137342,2024-12,HS10,2710191106
21,"PORT ARTHUR, TX",0026,APEC,CGP,"LIGHT FUEL OILS GT=25 DEG API, LT=15 PPM SULFUR",19334237,BBL,1893042686,1893042686,2572844017,2024-12,HS10,2710191106
21,"PORT ARTHUR, TX",0028,CACM,CGP,"LIGHT FUEL OILS GT=25 DEG API, LT=15 PPM SULFUR",1068542,BBL,102663582,102663582,140733411,2024-12,HS10,2710191106
21,"PORT ARTHUR, TX",1XXX,NORTH AMERICA,CGP,"LIGHT FUEL OILS GT=25 DEG API, LT=15 PPM SULFUR",8752249,BBL,857765846,857765846,1166345859,2024-12,HS10,2710191106
21,"PORT ARTHUR, TX",2010,MEXICO,DET,"LIGHT FUEL OILS GT=25 DEG API, LT=15 PPM SULFUR",8752249,BBL,857765846,857765846,1166345859,2024-12,HS10,2710191106
21,"PORT ARTHUR, TX",2230,COSTA RICA,DET,"LIGHT FUEL OILS GT=25 DEG API, LT=15 PPM SULFUR",1068542,BBL,102663582,102663582,140733411,2024-12,HS10,2710191106
21,"PORT ARTHUR, TX",2250,PANAMA,DET,"LIGHT FUEL OILS GT=25 DEG API, LT=15 PPM SULFUR",1700181,BBL,158758890,158758890,229015744,2024-12,HS10,2710191106
21,"PORT ARTHUR, TX",2360,BAHAMAS,DET,"LIGHT FUEL OILS GT=25 DEG API, LT=15 PPM SULFUR",329083,BBL,31883863,31883863,43523173,2024-12,HS10,2710191106
21,"PORT ARTHUR, TX",2440,CAYMAN ISLANDS,DET,"LIGHT FUEL OILS GT=25 DEG API, LT=15 PPM SULFUR",136000,BBL,12335150,12335150,18263588,2024-12,HS10,2710191106
21,"PORT ARTHUR, TX",2470,DOMINICAN REPUBLIC,DET,"LIGHT FUEL OILS GT=25 DEG API, LT=15 PPM SULFUR",455767,BBL,43516790,43516790,61140329,2024-12,HS10,2710191106
21,"PORT ARTHUR, TX",2484,ANTIGUA AND BARBUDA,DET,"LIGHT FUEL OILS GT=25 DEG API, LT=15 PPM SULFUR",145036,BBL,14746517,14746517,19437796,2024-12,HS10,2710191106
21,"PORT ARTHUR, TX",2487,ST LUCIA,DET,"LIGHT FUEL OILS GT=25 DEG API, LT=15 PPM SULFUR",622465,BBL,62246552,62246552,83289102,2024-12,HS10,2710191106
21,"PORT ARTHUR, TX",2740,TRINIDAD AND TOBAGO,DET,"LIGHT FUEL OILS GT=25 DEG API, LT=15 PPM SULFUR",132479,BBL,12987200,12987200,17429867,2024-12,HS10,2710191106
21,"PORT ARTHUR, TX",2777,CURACAO,DET,"LIGHT FUEL OILS GT=25 DEG API, LT=15 PPM SULFUR",241000,BBL,23747783,23747783,32087366,2024-12,HS10,2710191106
21,"PORT ARTHUR, TX",2XXX,CENTRAL AMERICA,CGP,"LIGHT FUEL OILS GT=25 DEG API, LT=15 PPM SULFUR",4830553,BBL,462886327,462886327,644920376,2024-12,HS10,2710191106
21,"PORT ARTHUR, TX",3010,COLOMBIA,DET,"LIGHT FUEL OILS GT=25 DEG API, LT=15 PPM SULFUR",2032702,BBL,200649581,200649581,270147852,2024-12,HS10,2710191106
21,"PORT ARTHUR, TX",3310,ECUADOR,DET,"LIGHT FUEL OILS GT=25 DEG API, LT=15 PPM SULFUR",3127150,BBL,293785148,293785148,419649661,2024-12,HS10,2710191106
21,"PORT ARTHUR, TX",3330,PERU,DET,"LIGHT FUEL OILS GT=25 DEG API, LT=15 PPM SULFUR",1472218,BBL,133935302,133935302,195367428,2024-12,HS10,2710191106
21,"PORT ARTHUR, TX",3370,CHILE,DET,"LIGHT FUEL OILS GT=25 DEG API, LT=15 PPM SULFUR",9109770,BBL,901341538,901341538,1211130730,2024-12,HS10,2710191106
21,"PORT ARTHUR, TX",3510,BRAZIL,DET,"LIGHT FUEL OILS GT=25 DEG API, LT=15 PPM SULFUR",3181756,BBL,305087611,305087611,422352170,2024-12,HS10,2710191106
21,"PORT ARTHUR, TX",3530,PARAGUAY,DET,"LIGHT FUEL OILS GT=25 DEG API, LT=15 PPM SULFUR",595033,BBL,63868530,63868530,78586298,2024-12,HS10,2710191106
21,"PORT ARTHUR, TX",3550,URUGUAY,DET,"LIGHT FUEL OILS GT=25 DEG API, LT=15 PPM SULFUR",506497,BBL,53185539,53185539,67208165,2024-12,HS10,2710191106
21,"PORT ARTHUR, TX",3570,ARGENTINA,DET,"LIGHT FUEL OILS GT=25 DEG API, LT=15 PPM SULFUR",4084155,BBL,407001878,407001878,541180212,2024-12,HS10,2710191106
21,"PORT ARTHUR, TX",3XXX,SOUTH AMERICA,CGP,"LIGHT FUEL OILS GT=25 DEG API, LT=15 PPM SULFUR",24109281,BBL,2358855127,2358855127,3205622516,2024-12,HS10,2710191106
21,"PORT ARTHUR, TX",4039,NORWAY,DET,"LIGHT FUEL OILS GT=25 DEG API, LT=15 PPM SULFUR",1234750,BBL,128937130,128937130,161910790,2024-12,HS10,2710191106
21,"PORT ARTHUR, TX",4120,UNITED KINGDOM,DET,"LIGHT FUEL OILS GT=25 DEG API, LT=15 PPM SULFUR",8502944,BBL,832353059,832353059,1122359401,2024-12,HS10,2710191106
21,"PORT ARTHUR, TX",4210,NETHERLANDS,DET,"LIGHT FUEL OILS GT=25 DEG API, LT=15 PPM SULFUR",7184708,BBL,718278297,718278297,958653126,2024-12,HS10,2710191106
21,"PORT ARTHUR, TX",4231,BELGIUM,DET,"LIGHT FUEL OILS GT=25 DEG API, LT=15 PPM SULFUR",1499123,BBL,150294476,150294476,199432141,2024-12,HS10,2710191106
21,"PORT ARTHUR, TX",4279,FRANCE,DET,"LIGHT FUEL OILS GT=25 DEG API, LT=15 PPM SULFUR",2508601,BBL,252324641,252324641,331508928,2024-12,HS10,2710191106
21,"PORT ARTHUR, TX",4280,GERMANY,DET,"LIGHT FUEL OILS GT=25 DEG API, LT=15 PPM SULFUR",912373,BBL,89035812,89035812,121170367,2024-12,HS10,2710191106
21,"PORT ARTHUR, TX",4550,POLAND,DET,"LIGHT FUEL OILS GT=25 DEG API, LT=15 PPM SULFUR",3668636,BBL,364751706,364751706,484455762,2024-12,HS10,2710191106
21,"PORT ARTHUR, TX",4700,SPAIN,DET,"LIGHT FUEL OILS GT=25 DEG API, LT=15 PPM SULFUR",296976,BBL,29697564,29697564,39372780,2024-12,HS10,2710191106
21,"PORT ARTHUR, TX",4720,GIBRALTAR,DET,"LIGHT FUEL OILS GT=25 DEG API, LT=15 PPM SULFUR",617823,BBL,67130041,67130041,81501013,2024-12,HS10,2710191106
21,"PORT ARTHUR, TX",4XXX,EUROPE,CGP,"LIGHT FUEL OILS GT=25 DEG API, LT=15 PPM SULFUR",26425934,BBL,2632802726,2632802726,3500364308,2024-12,HS10,2710191106
23,"LAREDO, TX",0020,USMCA (NAFTA),CGP,"LIGHT FUEL OILS GT=25 DEG API, LT=15 PPM SULFUR",21115110,BBL,2159501717,0,0,2024-12,HS10,2710191106
23,"LAREDO, TX",0021,TWENTY LATIN AMERICAN REPUBLICS,CGP,"LIGHT FUEL OILS GT=25 DEG API, LT=15 PPM SULFUR",21115110,BBL,2159501717,0,0,2024-12,HS10,2710191106
23,"LAREDO, TX",0022,OECD,CGP,"LIGHT FUEL OILS GT=25 DEG API, LT=15 PPM SULFUR",21115110,BBL,2159501717,0,0,2024-12,HS10,2710191106
23,"LAREDO, TX",0024,LAFTA,CGP,"LIGHT FUEL OILS GT=25 DEG API, LT=15 PPM SULFUR",21115110,BBL,2159501717,0,0,2024-12,HS10,2710191106
23,"LAREDO, TX",0026,APEC,CGP,"LIGHT FUEL OILS GT=25 DEG API, LT=15 PPM SULFUR",21115110,BBL,2159501717,0,0,2024-12,HS10,2710191106
23,"LAREDO, TX",1XXX,NORTH AMERICA,CGP,"LIGHT FUEL OILS GT=25 DEG API, LT=15 PPM SULFUR",21115110,BBL,2159501717,0,0,2024-12,HS10,2710191106
23,"LAREDO, TX",2010,MEXICO,DET,"LIGHT FUEL OILS GT=25 DEG API, LT=15 PPM SULFUR",21115110,BBL,2159501717,0,0,2024-12,HS10,2710191106
24,"EL PASO, TX",0020,USMCA (NAFTA),CGP,"LIGHT FUEL OILS GT=25 DEG API, LT=15 PPM SULFUR",7833856,BBL,830596130,0,0,2024-12,HS10,2710191106
24,"EL PASO, TX",0021,TWENTY LATIN AMERICAN REPUBLICS,CGP,"LIGHT FUEL OILS GT=25 DEG API, LT=15 PPM SULFUR",7833856,BBL,830596130,0,0,2024-12,HS10,2710191106
24,"EL PASO, TX",0022,OECD,CGP,"LIGHT FUEL OILS GT=25 DEG API, LT=15 PPM SULFUR",7833856,BBL,830596130,0,0,2024-12,HS10,2710191106
24,"EL PASO, TX",0024,LAFTA,CGP,"LIGHT FUEL OILS GT=25 DEG API, LT=15 PPM SULFUR",7833856,BBL,830596130,0,0,2024-12,HS10,2710191106
24,"EL PASO, TX",0026,APEC,CGP,"LIGHT FUEL OILS GT=25 DEG API, LT=15 PPM SULFUR",7833856,BBL,830596130,0,0,2024-12,HS10,2710191106
24,"EL PASO, TX",1XXX,NORTH AMERICA,CGP,"LIGHT FUEL OILS GT=25 DEG API, LT=15 PPM SULFUR",7833856,BBL,830596130,0,0,2024-12,HS10,2710191106
24,"EL PASO, TX",2010,MEXICO,DET,"LIGHT FUEL OILS GT=25 DEG API, LT=15 PPM SULFUR",7833856,BBL,830596130,0,0,2024-12,HS10,2710191106
25,"SAN DIEGO, CA",0020,USMCA (NAFTA),CGP,"LIGHT FUEL OILS GT=25 DEG API, LT=15 PPM SULFUR",894352,BBL,99985357,0,0,2024-12,HS10,2710191106
25,"SAN DIEGO, CA",0021,TWENTY LATIN AMERICAN REPUBLICS,CGP,"LIGHT FUEL OILS GT=25 DEG API, LT=15 PPM SULFUR",894352,BBL,99985357,0,0,2024-12,HS10,2710191106
25,"SAN DIEGO, CA",0022,OECD,CGP,"LIGHT FUEL OILS GT=25 DEG API, LT=15 PPM SULFUR",894352,BBL,99985357,0,0,2024-12,HS10,2710191106
25,"SAN DIEGO, CA",0024,LAFTA,CGP,"LIGHT FUEL OILS GT=25 DEG API, LT=15 PPM SULFUR",894352,BBL,99985357,0,0,2024-12,HS10,2710191106
25,"SAN DIEGO, CA",0026,APEC,CGP,"LIGHT FUEL OILS GT=25 DEG API, LT=15 PPM SULFUR",894352,BBL,99985357,0,0,2024-12,HS10,2710191106
25,"SAN DIEGO, CA",1XXX,NORTH AMERICA,CGP,"LIGHT FUEL OILS GT=25 DEG API, LT=15 PPM SULFUR",894352,BBL,99985357,0,0,2024-12,HS10,2710191106
25,"SAN DIEGO, CA",2010,MEXICO,DET,"LIGHT FUEL OILS GT=25 DEG API, LT=15 PPM SULFUR",894352,BBL,99985357,0,0,2024-12,HS10,2710191106
26,"NOGALES, AZ",0020,USMCA (NAFTA),CGP,"LIGHT FUEL OILS GT=25 DEG API, LT=15 PPM SULFUR",1895599,BBL,206350050,0,0,2024-12,HS10,2710191106
26,"NOGALES, AZ",0021,TWENTY LATIN AMERICAN REPUBLICS,CGP,"LIGHT FUEL OILS GT=25 DEG API, LT=15 PPM SULFUR",1895599,BBL,206350050,0,0,2024-12,HS10,2710191106
26,"NOGALES, AZ",0022,OECD,CGP,"LIGHT FUEL OILS GT=25 DEG API, LT=15 PPM SULFUR",1895599,BBL,206350050,0,0,2024-12,HS10,2710191106
26,"NOGALES, AZ",0024,LAFTA,CGP,"LIGHT FUEL OILS GT=25 DEG API, LT=15 PPM SULFUR",1895599,BBL,206350050,0,0,2024-12,HS10,2710191106
26,"NOGALES, AZ",0026,APEC,CGP,"LIGHT FUEL OILS GT=25 DEG API, LT=15 PPM SULFUR",1895599,BBL,206350050,0,0,2024-12,HS10,2710191106
26,"NOGALES, AZ",1XXX,NORTH AMERICA,CGP,"LIGHT FUEL OILS GT=25 DEG API, LT=15 PPM SULFUR",1895599,BBL,206350050,0,0,2024-12,HS10,2710191106
26,"NOGALES, AZ",2010,MEXICO,DET,"LIGHT FUEL OILS GT=25 DEG API, LT=15 PPM SULFUR",1895599,BBL,206350050,0,0,2024-12,HS10,2710191106
27,"LOS ANGELES, CA",0014,PACIFIC RIM COUNTRIES,CGP,"LIGHT FUEL OILS GT=25 DEG API, LT=15 PPM SULFUR",5848,BBL,593655,585927,788047,2024-12,HS10,2710191106
27,"LOS ANGELES, CA",0020,USMCA (NAFTA),CGP,"LIGHT FUEL OILS GT=25 DEG API, LT=15 PPM SULFUR",2974393,BBL,289062380,289062380,395480317,2024-12,HS10,2710191106
27,"LOS ANGELES, CA",0021,TWENTY LATIN AMERICAN REPUBLICS,CGP,"LIGHT FUEL OILS GT=25 DEG API, LT=15 PPM SULFUR",8611408,BBL,848618066,848618066,1144188425,2024-12,HS10,2710191106
27,"LOS ANGELES, CA",0022,OECD,CGP,"LIGHT FUEL OILS GT=25 DEG API, LT=15 PPM SULFUR",6537498,BBL,657525193,657517465,867723404,2024-12,HS10,2710191106
27,"LOS ANGELES, CA",0024,LAFTA,CGP,"LIGHT FUEL OILS GT=25 DEG API, LT=15 PPM SULFUR",8611408,BBL,848618066,848618066,1144188425,2024-12,HS10,2710191106
27,"LOS ANGELES, CA",0026,APEC,CGP,"LIGHT FUEL OILS GT=25 DEG API, LT=15 PPM SULFUR",7436385,BBL,741565164,741557436,988415018,2024-12,HS10,2710191106
27,"LOS ANGELES, CA",0027,ASEAN,CGP,"LIGHT FUEL OILS GT=25 DEG API, LT=15 PPM SULFUR",29,BBL,2605,2605,3955,2024-12,HS10,2710191106
27,"LOS ANGELES, CA",1XXX,NORTH AMERICA,CGP,"LIGHT FUEL OILS GT=25 DEG API, LT=15 PPM SULFUR",2974393,BBL,289062380,289062380,395480317,2024-12,HS10,2710191106
27,"LOS ANGELES, CA",2010,MEXICO,DET,"LIGHT FUEL OILS GT=25 DEG API, LT=15 PPM SULFUR",2974393,BBL,289062380,289062380,395480317,2024-12,HS10,2710191106
27,"LOS ANGELES, CA",3310,ECUADOR,DET,"LIGHT FUEL OILS GT=25 DEG API, LT=15 PPM SULFUR",1180871,BBL,107646557,107646557,156561454,2024-12,HS10,2710191106
27,"LOS ANGELES, CA",3330,PERU,DET,"LIGHT FUEL OILS GT=25 DEG API, LT=15 PPM SULFUR",893142,BBL,83457579,83457579,119908203,2024-12,HS10,2710191106
27,"LOS ANGELES, CA",3370,CHILE,DET,"LIGHT FUEL OILS GT=25 DEG API, LT=15 PPM SULFUR",3563002,BBL,368451550,368451550,472238451,2024-12,HS10,2710191106
27,"LOS ANGELES, CA",3XXX,SOUTH AMERICA,CGP,"LIGHT FUEL OILS GT=25 DEG API, LT=15 PPM SULFUR",5637015,BBL,559555686,559555686,748708108,2024-12,HS10,2710191106
27,"LOS ANGELES, CA",5570,MALAYSIA,DET,"LIGHT FUEL OILS GT=25 DEG API, LT=15 PPM SULFUR",29,BBL,2605,2605,3955,2024-12,HS10,2710191106
27,"LOS ANGELES, CA",5700,CHINA,DET,"LIGHT FUEL OILS GT=25 DEG API, LT=15 PPM SULFUR",5663,BBL,575062,575062,772229,2024-12,HS10,2710191106
27,"LOS ANGELES, CA",5800,"KOREA, SOUTH",DET,"LIGHT FUEL OILS GT=25 DEG API, LT=15 PPM SULFUR",103,BBL,11263,3535,4636,2024-12,HS10,2710191106
27,"LOS ANGELES, CA",5830,TAIWAN,DET,"LIGHT FUEL OILS GT=25 DEG API, LT=15 PPM SULFUR",53,BBL,4725,4725,7227,2024-12,HS10,2710191106
27,"LOS ANGELES, CA",5XXX,ASIA,CGP,"LIGHT FUEL OILS GT=25 DEG API, LT=15 PPM SULFUR",5848,BBL,593655,585927,788047,2024-12,HS10,2710191106
28,"SAN FRANCISCO, CA",0017,CAFTA-DR,CGP,"LIGHT FUEL OILS GT=25 DEG API, LT=15 PPM SULFUR",140172,BBL,14756639,14756639,18508308,2024-12,HS10,2710191106
28,"SAN FRANCISCO, CA",0020,USMCA (NAFTA),CGP,"LIGHT FUEL OILS GT=25 DEG API, LT=15 PPM SULFUR",300429,BBL,31970717,31970717,38865023,2024-12,HS10,2710191106
28,"SAN FRANCISCO, CA",0021,TWENTY LATIN AMERICAN REPUBLICS,CGP,"LIGHT FUEL OILS GT=25 DEG API, LT=15 PPM SULFUR",6350532,BBL,841412027,841412027,840857949,2024-12,HS10,2710191106
28,"SAN FRANCISCO, CA",0022,OECD,CGP,"LIGHT FUEL OILS GT=25 DEG API, LT=15 PPM SULFUR",4709800,BBL,679040454,679040454,625013954,2024-12,HS10,2710191106
28,"SAN FRANCISCO, CA",0024,LAFTA,CGP,"LIGHT FUEL OILS GT=25 DEG API, LT=15 PPM SULFUR",5614074,BBL,769769149,769769149,743724748,2024-12,HS10,2710191106
28,"SAN FRANCISCO, CA",0026,APEC,CGP,"LIGHT FUEL OILS GT=25 DEG API, LT=15 PPM SULFUR",5052111,BBL,713050229,713050229,670047060,2024-12,HS10,2710191106
28,"SAN FRANCISCO, CA",0028,CACM,CGP,"LIGHT FUEL OILS GT=25 DEG API, LT=15 PPM SULFUR",140172,BBL,14756639,14756639,18508308,2024-12,HS10,2710191106
28,"SAN FRANCISCO, CA",1XXX,NORTH AMERICA,CGP,"LIGHT FUEL OILS GT=25 DEG API, LT=15 PPM SULFUR",300429,BBL,31970717,31970717,38865023,2024-12,HS10,2710191106
28,"SAN FRANCISCO, CA",2010,MEXICO,DET,"LIGHT FUEL OILS GT=25 DEG API, LT=15 PPM SULFUR",300429,BBL,31970717,31970717,38865023,2024-12,HS10,2710191106
28,"SAN FRANCISCO, CA",2050,GUATEMALA,DET,"LIGHT FUEL OILS GT=25 DEG API, LT=15 PPM SULFUR",65130,BBL,6473673,6473673,8607468,2024-12,HS10,2710191106
28,"SAN FRANCISCO, CA",2110,EL SALVADOR,DET,"LIGHT FUEL OILS GT=25 DEG API, LT=15 PPM SULFUR",75042,BBL,8282966,8282966,9900840,2024-12,HS10,2710191106
28,"SAN FRANCISCO, CA",2250,PANAMA,DET,"LIGHT FUEL OILS GT=25 DEG API, LT=15 PPM SULFUR",596286,BBL,56886239,56886239,78624893,2024-12,HS10,2710191106
28,"SAN FRANCISCO, CA",2XXX,CENTRAL AMERICA,CGP,"LIGHT FUEL OILS GT=25 DEG API, LT=15 PPM SULFUR",736458,BBL,71642878,71642878,97133201,2024-12,HS10,2710191106
28,"SAN FRANCISCO, CA",3310,ECUADOR,DET,"LIGHT FUEL OILS GT=25 DEG API, LT=15 PPM SULFUR",561963,BBL,56718920,56718920,73677688,2024-12,HS10,2710191106
28,"SAN FRANCISCO, CA",3330,PERU,DET,"LIGHT FUEL OILS GT=25 DEG API, LT=15 PPM SULFUR",342311,BBL,34009775,34009775,45033106,2024-12,HS10,2710191106
28,"SAN FRANCISCO, CA",3370,CHILE,DET,"LIGHT FUEL OILS GT=25 DEG API, LT=15 PPM SULFUR",4409371,BBL,647069737,647069737,586148931,2024-12,HS10,2710191106
28,"SAN FRANCISCO, CA",3XXX,SOUTH AMERICA,CGP,"LIGHT FUEL OILS GT=25 DEG API, LT=15 PPM SULFUR",5313645,BBL,737798432,737798432,704859725,2024-12,HS10,2710191106
30,"SEATTLE, WA",0020,USMCA (NAFTA),CGP,"LIGHT FUEL OILS GT=25 DEG API, LT=15 PPM SULFUR",12403003,BBL,1200102424,1200102424,1672441643,2024-12,HS10,2710191106
30,"SEATTLE, WA",0021,TWENTY LATIN AMERICAN REPUBLICS,CGP,"LIGHT FUEL OILS GT=25 DEG API, LT=15 PPM SULFUR",18713732,BBL,1864785059,1864785059,2520875178,2024-12,HS10,2710191106
30,"SEATTLE, WA",0022,OECD,CGP,"LIGHT FUEL OILS GT=25 DEG API, LT=15 PPM SULFUR",17275716,BBL,1721401847,1721401847,2326775231,2024-12,HS10,2710191106
30,"SEATTLE, WA",0024,LAFTA,CGP,"LIGHT FUEL OILS GT=25 DEG API, LT=15 PPM SULFUR",18571375,BBL,1849410516,1849410516,2501532538,2024-12,HS10,2710191106
30,"SEATTLE, WA",0026,APEC,CGP,"LIGHT FUEL OILS GT=25 DEG API, LT=15 PPM SULFUR",17716323,BBL,1761316034,1761316034,2385936414,2024-12,HS10,2710191106
30,"SEATTLE, WA",1XXX,NORTH AMERICA,CGP,"LIGHT FUEL OILS GT=25 DEG API, LT=15 PPM SULFUR",12403003,BBL,1200102424,1200102424,1672441643,2024-12,HS10,2710191106
30,"SEATTLE, WA",2010,MEXICO,DET,"LIGHT FUEL OILS GT=25 DEG API, LT=15 PPM SULFUR",12403003,BBL,1200102424,1200102424,1672441643,2024-12,HS10,2710191106
30,"SEATTLE, WA",2250,PANAMA,DET,"LIGHT FUEL OILS GT=25 DEG API, LT=15 PPM SULFUR",142357,BBL,15374543,15374543,19342640,2024-12,HS10,2710191106
30,"SEATTLE, WA",2XXX,CENTRAL AMERICA,CGP,"LIGHT FUEL OILS GT=25 DEG API, LT=15 PPM SULFUR",142357,BBL,15374543,15374543,19342640,2024-12,HS10,2710191106
30,"SEATTLE, WA",3310,ECUADOR,DET,"LIGHT FUEL OILS GT=25 DEG API, LT=15 PPM SULFUR",855052,BBL,88094482,88094482,115596124,2024-12,HS10,2710191106
30,"SEATTLE, WA",3330,PERU,DET,"LIGHT FUEL OILS GT=25 DEG API, LT=15 PPM SULFUR",440607,BBL,39914187,39914187,59161183,2024-12,HS10,2710191106
30,"SEATTLE, WA",3370,CHILE,DET,"LIGHT FUEL OILS GT=25 DEG API, LT=15 PPM SULFUR",4872713,BBL,521299423,521299423,654333588,2024-12,HS10,2710191106
30,"SEATTLE, WA",3XXX,SOUTH AMERICA,CGP,"LIGHT FUEL OILS GT=25 DEG API, LT=15 PPM SULFUR",6168372,BBL,649308092,649308092,829090895,2024-12,HS10,2710191106
38,"DETROIT, MI",0003,EUROPEAN UNION,CGP,"LIGHT FUEL OILS GT=25 DEG API, LT=15 PPM SULFUR",56,BBL,5964,5964,7636,2024-12,HS10,2710191106
38,"DETROIT, MI",0022,OECD,CGP,"LIGHT FUEL OILS GT=25 DEG API, LT=15 PPM SULFUR",56,BBL,5964,5964,7636,2024-12,HS10,2710191106
38,"DETROIT, MI",0023,NATO,CGP,"LIGHT FUEL OILS GT=25 DEG API, LT=15 PPM SULFUR",56,BBL,5964,5964,7636,2024-12,HS10,2710191106
38,"DETROIT, MI",0025,EURO AREA,CGP,"LIGHT FUEL OILS GT=25 DEG API, LT=15 PPM SULFUR",56,BBL,5964,5964,7636,2024-12,HS10,2710191106
38,"DETROIT, MI",4280,GERMANY,DET,"LIGHT FUEL OILS GT=25 DEG API, LT=15 PPM SULFUR",56,BBL,5964,5964,7636,2024-12,HS10,2710191106
38,"DETROIT, MI",4XXX,EUROPE,CGP,"LIGHT FUEL OILS GT=25 DEG API, LT=15 PPM SULFUR",56,BBL,5964,5964,7636,2024-12,HS10,2710191106
38,"DETROIT, MI",5170,SAUDI ARABIA,DET,"LIGHT FUEL OILS GT=25 DEG API, LT=15 PPM SULFUR",87,BBL,9022,0,0,2024-12,HS10,2710191106
38,"DETROIT, MI",5330,INDIA,DET,"LIGHT FUEL OILS GT=25 DEG API, LT=15 PPM SULFUR",24,BBL,2730,0,0,2024-12,HS10,2710191106
38,"DETROIT, MI",5XXX,ASIA,CGP,"LIGHT FUEL OILS GT=25 DEG API, LT=15 PPM SULFUR",111,BBL,11752,0,0,2024-12,HS10,2710191106
39,"CHICAGO, IL",0014,PACIFIC RIM COUNTRIES,CGP,"LIGHT FUEL OILS GT=25 DEG API, LT=15 PPM SULFUR",220,BBL,24580,0,0,2024-12,HS10,2710191106
39,"CHICAGO, IL",0026,APEC,CGP,"LIGHT FUEL OILS GT=25 DEG API, LT=15 PPM SULFUR",220,BBL,24580,0,0,2024-12,HS10,2710191106
39,"CHICAGO, IL",0027,ASEAN,CGP,"LIGHT FUEL OILS GT=25 DEG API, LT=15 PPM SULFUR",220,BBL,24580,0,0,2024-12,HS10,2710191106
39,"CHICAGO, IL",5570,MALAYSIA,DET,"LIGHT FUEL OILS GT=25 DEG API, LT=15 PPM SULFUR",220,BBL,24580,0,0,2024-12,HS10,2710191106
39,"CHICAGO, IL",5XXX,ASIA,CGP,"LIGHT FUEL OILS GT=25 DEG API, LT=15 PPM SULFUR",220,BBL,24580,0,0,2024-12,HS10,2710191106
49,"SAN JUAN, PR",2481,ANGUILLA,DET,"LIGHT FUEL OILS GT=25 DEG API, LT=15 PPM SULFUR",5747,BBL,471917,471917,790810,2024-12,HS10,2710191106
49,"SAN JUAN, PR",2482,BRITISH VIRGIN ISLANDS,DET,"LIGHT FUEL OILS GT=25 DEG API, LT=15 PPM SULFUR",18809,BBL,1858640,1858640,2531556,2024-12,HS10,2710191106
49,"SAN JUAN, PR",2774,SINT MAARTEN,DET,"LIGHT FUEL OILS GT=25 DEG API, LT=15 PPM SULFUR",36037,BBL,2446158,2446158,4915947,2024-12,HS10,2710191106
49,"SAN JUAN, PR",2XXX,CENTRAL AMERICA,CGP,"LIGHT FUEL OILS GT=25 DEG API, LT=15 PPM SULFUR",60593,BBL,4776715,4776715,8238313,2024-12,HS10,2710191106
51,U.S. VIRGIN ISLANDS,0003,EUROPEAN UNION,CGP,"LIGHT FUEL OILS GT=25 DEG API, LT=15 PPM SULFUR",325418,BBL,28783845,28783845,40474836,2024-12,HS10,2710191106
51,U.S. VIRGIN ISLANDS,0017,CAFTA-DR,CGP,"LIGHT FUEL OILS GT=25 DEG API, LT=15 PPM SULFUR",332472,BBL,32391315,32391315,44322584,2024-12,HS10,2710191106
51,U.S. VIRGIN ISLANDS,0021,TWENTY LATIN AMERICAN REPUBLICS,CGP,"LIGHT FUEL OILS GT=25 DEG API, LT=15 PPM SULFUR",585634,BBL,55985672,55985672,78015214,2024-12,HS10,2710191106
51,U.S. VIRGIN ISLANDS,0022,OECD,CGP,"LIGHT FUEL OILS GT=25 DEG API, LT=15 PPM SULFUR",325418,BBL,28783845,28783845,40474836,2024-12,HS10,2710191106
51,U.S. VIRGIN ISLANDS,0023,NATO,CGP,"LIGHT FUEL OILS GT=25 DEG API, LT=15 PPM SULFUR",325418,BBL,28783845,28783845,40474836,2024-12,HS10,2710191106
51,U.S. VIRGIN ISLANDS,0024,LAFTA,CGP,"LIGHT FUEL OILS GT=25 DEG API, LT=15 PPM SULFUR",52523,BBL,4554663,4554663,7115025,2024-12,HS10,2710191106
51,U.S. VIRGIN ISLANDS,0025,EURO AREA,CGP,"LIGHT FUEL OILS GT=25 DEG API, LT=15 PPM SULFUR",325418,BBL,28783845,28783845,40474836,2024-12,HS10,2710191106
51,U.S. VIRGIN ISLANDS,2320,BERMUDA,DET,"LIGHT FUEL OILS GT=25 DEG API, LT=15 PPM SULFUR",87564,BBL,9291249,9291249,11633507,2024-12,HS10,2710191106
51,U.S. VIRGIN ISLANDS,2360,BAHAMAS,DET,"LIGHT FUEL OILS GT=25 DEG API, LT=15 PPM SULFUR",95804,BBL,10290699,10290699,12762168,2024-12,HS10,2710191106
51,U.S. VIRGIN ISLANDS,2410,JAMAICA,DET,"LIGHT FUEL OILS GT=25 DEG API, LT=15 PPM SULFUR",55075,BBL,5431854,5431854,7350752,2024-12,HS10,2710191106
51,U.S. VIRGIN ISLANDS,2440,CAYMAN ISLANDS,DET,"LIGHT FUEL OILS GT=25 DEG API, LT=15 PPM SULFUR",226687,BBL,24043448,24043448,30367500,2024-12,HS10,2710191106
51,U.S. VIRGIN ISLANDS,2450,HAITI,DET,"LIGHT FUEL OILS GT=25 DEG API, LT=15 PPM SULFUR",200639,BBL,19039694,19039694,26577605,2024-12,HS10,2710191106
51,U.S. VIRGIN ISLANDS,2470,DOMINICAN REPUBLIC,DET,"LIGHT FUEL OILS GT=25 DEG API, LT=15 PPM SULFUR",332472,BBL,32391315,32391315,44322584,2024-12,HS10,2710191106
51,U.S. VIRGIN ISLANDS,2481,ANGUILLA,DET,"LIGHT FUEL OILS GT=25 DEG API, LT=15 PPM SULFUR",35365,BBL,3494313,3494313,4701393,2024-12,HS10,2710191106
51,U.S. VIRGIN ISLANDS,2482,BRITISH VIRGIN ISLANDS,DET,"LIGHT FUEL OILS GT=25 DEG API, LT=15 PPM SULFUR",18438,BBL,1855830,1855830,2439097,2024-12,HS10,2710191106
51,U.S. VIRGIN ISLANDS,2483,ST KITTS AND NEVIS,DET,"LIGHT FUEL OILS GT=25 DEG API, LT=15 PPM SULFUR",7463,BBL,839709,839709,997036,2024-12,HS10,2710191106
51,U.S. VIRGIN ISLANDS,2484,ANTIGUA AND BARBUDA,DET,"LIGHT FUEL OILS GT=25 DEG API, LT=15 PPM SULFUR",380552,BBL,40588499,40588499,50885204,2024-12,HS10,2710191106
51,U.S. VIRGIN ISLANDS,2487,ST LUCIA,DET,"LIGHT FUEL OILS GT=25 DEG API, LT=15 PPM SULFUR",5000,BBL,522946,522946,661331,2024-12,HS10,2710191106
51,U.S. VIRGIN ISLANDS,2488,ST VINCENT AND THE GRENADINES,DET,"LIGHT FUEL OILS GT=25 DEG API, LT=15 PPM SULFUR",18347,BBL,1735158,1735158,2452127,2024-12,HS10,2710191106
51,U.S. VIRGIN ISLANDS,2489,GRENADA,DET,"LIGHT FUEL OILS GT=25 DEG API, LT=15 PPM SULFUR",16255,BBL,1518702,1518702,2174305,2024-12,HS10,2710191106
51,U.S. VIRGIN ISLANDS,2720,BARBADOS,DET,"LIGHT FUEL OILS GT=25 DEG API, LT=15 PPM SULFUR",7998,BBL,883350,883350,1043716,2024-12,HS10,2710191106
51,U.S. VIRGIN ISLANDS,2774,SINT MAARTEN,DET,"LIGHT FUEL OILS GT=25 DEG API, LT=15 PPM SULFUR",213090,BBL,21903240,21903240,28399594,2024-12,HS10,2710191106
51,U.S. VIRGIN ISLANDS,2779,ARUBA,DET,"LIGHT FUEL OILS GT=25 DEG API, LT=15 PPM SULFUR",25016,BBL,2391491,2391491,3342048,2024-12,HS10,2710191106
51,U.S. VIRGIN ISLANDS,2831,GUADELOUPE,DET,"LIGHT FUEL OILS GT=25 DEG API, LT=15 PPM SULFUR",484709,BBL,49735297,49735297,64223382,2024-12,HS10,2710191106
51,U.S. VIRGIN ISLANDS,2839,MARTINIQUE,DET,"LIGHT FUEL OILS GT=25 DEG API, LT=15 PPM SULFUR",162218,BBL,16861380,16861380,21386700,2024-12,HS10,2710191106
51,U.S. VIRGIN ISLANDS,2XXX,CENTRAL AMERICA,CGP,"LIGHT FUEL OILS GT=25 DEG API, LT=15 PPM SULFUR",2372692,BBL,242818174,242818174,315720049,2024-12,HS10,2710191106
51,U.S. VIRGIN ISLANDS,3120,GUYANA,DET,"LIGHT FUEL OILS GT=25 DEG API, LT=15 PPM SULFUR",23058,BBL,2324998,2324998,3102411,2024-12,HS10,2710191106
51,U.S. VIRGIN ISLANDS,3150,SURINAME,DET,"LIGHT FUEL OILS GT=25 DEG API, LT=15 PPM SULFUR",113003,BBL,11912939,11912939,15105964,2024-12,HS10,2710191106
51,U.S. VIRGIN ISLANDS,3510,BRAZIL,DET,"LIGHT FUEL OILS GT=25 DEG API, LT=15 PPM SULFUR",52523,BBL,4554663,4554663,7115025,2024-12,HS10,2710191106
51,U.S. VIRGIN ISLANDS,3XXX,SOUTH AMERICA,CGP,"LIGHT FUEL OILS GT=25 DEG API, LT=15 PPM SULFUR",188584,BBL,18792600,18792600,25323400,2024-12,HS10,2710191106
51,U.S. VIRGIN ISLANDS,4231,BELGIUM,DET,"LIGHT FUEL OILS GT=25 DEG API, LT=15 PPM SULFUR",325418,BBL,28783845,28783845,40474836,2024-12,HS10,2710191106
51,U.S. VIRGIN ISLANDS,4XXX,EUROPE,CGP,"LIGHT FUEL OILS GT=25 DEG API, LT=15 PPM SULFUR",325418,BBL,28783845,28783845,40474836,2024-12,HS10,2710191106
51,U.S. VIRGIN ISLANDS,7520,TOGO,DET,"LIGHT FUEL OILS GT=25 DEG API, LT=15 PPM SULFUR",13229,BBL,1248000,1248000,1727170,2024-12,HS10,2710191106
51,U.S. VIRGIN ISLANDS,7XXX,AFRICA,CGP,"LIGHT FUEL OILS GT=25 DEG API, LT=15 PPM SULFUR",13229,BBL,1248000,1248000,1727170,2024-12,HS10,2710191106
52,"MIAMI, FL",0021,TWENTY LATIN AMERICAN REPUBLICS,CGP,"LIGHT FUEL OILS GT=25 DEG API, LT=15 PPM SULFUR",108,BBL,11144,11144,14727,2024-12,HS10,2710191106
52,"MIAMI, FL",0024,LAFTA,CGP,"LIGHT FUEL OILS GT=25 DEG API, LT=15 PPM SULFUR",108,BBL,11144,11144,14727,2024-12,HS10,2710191106
52,"MIAMI, FL",2360,BAHAMAS,DET,"LIGHT FUEL OILS GT=25 DEG API, LT=15 PPM SULFUR",60628,BBL,7069464,7069464,8308621,2024-12,HS10,2710191106
52,"MIAMI, FL",2430,TURKS AND CAICOS ISLANDS,DET,"LIGHT FUEL OILS GT=25 DEG API, LT=15 PPM SULFUR",17235,BBL,2199526,2199526,2357588,2024-12,HS10,2710191106
52,"MIAMI, FL",2483,ST KITTS AND NEVIS,DET,"LIGHT FUEL OILS GT=25 DEG API, LT=15 PPM SULFUR",25,BBL,2787,2787,3409,2024-12,HS10,2710191106
52,"MIAMI, FL",2XXX,CENTRAL AMERICA,CGP,"LIGHT FUEL OILS GT=25 DEG API, LT=15 PPM SULFUR",77888,BBL,9271777,9271777,10669618,2024-12,HS10,2710191106
52,"MIAMI, FL",3350,BOLIVIA,DET,"LIGHT FUEL OILS GT=25 DEG API, LT=15 PPM SULFUR",108,BBL,11144,11144,14727,2024-12,HS10,2710191106
52,"MIAMI, FL",3XXX,SOUTH AMERICA,CGP,"LIGHT FUEL OILS GT=25 DEG API, LT=15 PPM SULFUR",108,BBL,11144,11144,14727,2024-12,HS10,2710191106
53,"HOUSTON-GALVESTON, TX",0003,EUROPEAN UNION,CGP,"LIGHT FUEL OILS GT=25 DEG API, LT=15 PPM SULFUR",9047174,BBL,872597341,872597341,1204226520,2024-12,HS10,2710191106
53,"HOUSTON-GALVESTON, TX",0017,CAFTA-DR,CGP,"LIGHT FUEL OILS GT=25 DEG API, LT=15 PPM SULFUR",8616934,BBL,858246862,858246862,1145702184,2024-12,HS10,2710191106
53,"HOUSTON-GALVESTON, TX",0020,USMCA (NAFTA),CGP,"LIGHT FUEL OILS GT=25 DEG API, LT=15 PPM SULFUR",25168038,BBL,2431196179,2431196179,3362864448,2024-12,HS10,2710191106
53,"HOUSTON-GALVESTON, TX",0021,TWENTY LATIN AMERICAN REPUBLICS,CGP,"LIGHT FUEL OILS GT=25 DEG API, LT=15 PPM SULFUR",77851823,BBL,7678440647,7678440647,10394977001,2024-12,HS10,2710191106
53,"HOUSTON-GALVESTON, TX",0022,OECD,CGP,"LIGHT FUEL OILS GT=25 DEG API, LT=15 PPM SULFUR",58761613,BBL,5796201203,5796201203,7828748819,2024-12,HS10,2710191106
53,"HOUSTON-GALVESTON, TX",0023,NATO,CGP,"LIGHT FUEL OILS GT=25 DEG API, LT=15 PPM SULFUR",13853248,BBL,1349912122,1349912122,1841873629,2024-12,HS10,2710191106
53,"HOUSTON-GALVESTON, TX",0024,LAFTA,CGP,"LIGHT FUEL OILS GT=25 DEG API, LT=15 PPM SULFUR",66785692,BBL,6574886864,6574886864,8920351053,2024-12,HS10,2710191106
53,"HOUSTON-GALVESTON, TX",0025,EURO AREA,CGP,"LIGHT FUEL OILS GT=25 DEG API, LT=15 PPM SULFUR",7608350,BBL,737255939,737255939,1012480913,2024-12,HS10,2710191106
53,"HOUSTON-GALVESTON, TX",0026,APEC,CGP,"LIGHT FUEL OILS GT=25 DEG API, LT=15 PPM SULFUR",45398651,BBL,4552099838,4552099838,6062731788,2024-12,HS10,2710191106
53,"HOUSTON-GALVESTON, TX",0028,CACM,CGP,"LIGHT FUEL OILS GT=25 DEG API, LT=15 PPM SULFUR",6470133,BBL,651331133,651331133,858630268,2024-12,HS10,2710191106
53,"HOUSTON-GALVESTON, TX",1XXX,NORTH AMERICA,CGP,"LIGHT FUEL OILS GT=25 DEG API, LT=15 PPM SULFUR",25168038,BBL,2431196179,2431196179,3362864448,2024-12,HS10,2710191106
53,"HOUSTON-GALVESTON, TX",2010,MEXICO,DET,"LIGHT FUEL OILS GT=25 DEG API, LT=15 PPM SULFUR",25168038,BBL,2431196179,2431196179,3362864448,2024-12,HS10,2710191106
53,"HOUSTON-GALVESTON, TX",2050,GUATEMALA,DET,"LIGHT FUEL OILS GT=25 DEG API, LT=15 PPM SULFUR",392115,BBL,40750615,40750615,52019245,2024-12,HS10,2710191106
53,"HOUSTON-GALVESTON, TX",2150,HONDURAS,DET,"LIGHT FUEL OILS GT=25 DEG API, LT=15 PPM SULFUR",644375,BBL,60907198,60907198,84908675,2024-12,HS10,2710191106
53,"HOUSTON-GALVESTON, TX",2190,NICARAGUA,DET,"LIGHT FUEL OILS GT=25 DEG API, LT=15 PPM SULFUR",115229,BBL,9897662,9897662,14923864,2024-12,HS10,2710191106
53,"HOUSTON-GALVESTON, TX",2230,COSTA RICA,DET,"LIGHT FUEL OILS GT=25 DEG API, LT=15 PPM SULFUR",5318414,BBL,539775658,539775658,706778484,2024-12,HS10,2710191106
53,"HOUSTON-GALVESTON, TX",2250,PANAMA,DET,"LIGHT FUEL OILS GT=25 DEG API, LT=15 PPM SULFUR",2086840,BBL,206835013,206835013,280747390,2024-12,HS10,2710191106
53,"HOUSTON-GALVESTON, TX",2360,BAHAMAS,DET,"LIGHT FUEL OILS GT=25 DEG API, LT=15 PPM SULFUR",170486,BBL,17604440,17604440,22701931,2024-12,HS10,2710191106
53,"HOUSTON-GALVESTON, TX",2410,JAMAICA,DET,"LIGHT FUEL OILS GT=25 DEG API, LT=15 PPM SULFUR",750569,BBL,72095838,72095838,99542587,2024-12,HS10,2710191106
53,"HOUSTON-GALVESTON, TX",2440,CAYMAN ISLANDS,DET,"LIGHT FUEL OILS GT=25 DEG API, LT=15 PPM SULFUR",186060,BBL,16056933,16056933,24653937,2024-12,HS10,2710191106
53,"HOUSTON-GALVESTON, TX",2450,HAITI,DET,"LIGHT FUEL OILS GT=25 DEG API, LT=15 PPM SULFUR",362357,BBL,38471908,38471908,48176374,2024-12,HS10,2710191106
53,"HOUSTON-GALVESTON, TX",2470,DOMINICAN REPUBLIC,DET,"LIGHT FUEL OILS GT=25 DEG API, LT=15 PPM SULFUR",2146801,BBL,206915729,206915729,287071916,2024-12,HS10,2710191106
53,"HOUSTON-GALVESTON, TX",2484,ANTIGUA AND BARBUDA,DET,"LIGHT FUEL OILS GT=25 DEG API, LT=15 PPM SULFUR",222554,BBL,21991062,21991062,29422966,2024-12,HS10,2710191106
53,"HOUSTON-GALVESTON, TX",2487,ST LUCIA,DET,"LIGHT FUEL OILS GT=25 DEG API, LT=15 PPM SULFUR",863997,BBL,90078087,90078087,115134618,2024-12,HS10,2710191106
53,"HOUSTON-GALVESTON, TX",2720,BARBADOS,DET,"LIGHT FUEL OILS GT=25 DEG API, LT=15 PPM SULFUR",305100,BBL,33111743,33111743,40860725,2024-12,HS10,2710191106
53,"HOUSTON-GALVESTON, TX",2740,TRINIDAD AND TOBAGO,DET,"LIGHT FUEL OILS GT=25 DEG API, LT=15 PPM SULFUR",666122,BBL,67726645,67726645,89405006,2024-12,HS10,2710191106
53,"HOUSTON-GALVESTON, TX",2777,CURACAO,DET,"LIGHT FUEL OILS GT=25 DEG API, LT=15 PPM SULFUR",565000,BBL,54002676,54002676,74973467,2024-12,HS10,2710191106
53,"HOUSTON-GALVESTON, TX",2XXX,CENTRAL AMERICA,CGP,"LIGHT FUEL OILS GT=25 DEG API, LT=15 PPM SULFUR",14796019,BBL,1476221207,1476221207,1971321185,2024-12,HS10,2710191106
53,"HOUSTON-GALVESTON, TX",3010,COLOMBIA,DET,"LIGHT FUEL OILS GT=25 DEG API, LT=15 PPM SULFUR",5161879,BBL,500544622,500544622,686607043,2024-12,HS10,2710191106
53,"HOUSTON-GALVESTON, TX",3310,ECUADOR,DET,"LIGHT FUEL OILS GT=25 DEG API, LT=15 PPM SULFUR",11690222,BBL,1089789896,1089789896,1570408025,2024-12,HS10,2710191106
53,"HOUSTON-GALVESTON, TX",3330,PERU,DET,"LIGHT FUEL OILS GT=25 DEG API, LT=15 PPM SULFUR",11450422,BBL,1199487478,1199487478,1532732826,2024-12,HS10,2710191106
53,"HOUSTON-GALVESTON, TX",3370,CHILE,DET,"LIGHT FUEL OILS GT=25 DEG API, LT=15 PPM SULFUR",8780191,BBL,921416181,921416181,1167134514,2024-12,HS10,2710191106
53,"HOUSTON-GALVESTON, TX",3510,BRAZIL,DET,"LIGHT FUEL OILS GT=25 DEG API, LT=15 PPM SULFUR",3821458,BBL,362572444,362572444,507956164,2024-12,HS10,2710191106
53,"HOUSTON-GALVESTON, TX",3570,ARGENTINA,DET,"LIGHT FUEL OILS GT=25 DEG API, LT=15 PPM SULFUR",713482,BBL,69880064,69880064,92648033,2024-12,HS10,2710191106
53,"HOUSTON-GALVESTON, TX",3XXX,SOUTH AMERICA,CGP,"LIGHT FUEL OILS GT=25 DEG API, LT=15 PPM SULFUR",41617654,BBL,4143690685,4143690685,5557486605,2024-12,HS10,2710191106
53,"HOUSTON-GALVESTON, TX",4099,DENMARK,DET,"LIGHT FUEL OILS GT=25 DEG API, LT=15 PPM SULFUR",266802,BBL,23902596,23902596,35309665,2024-12,HS10,2710191106
53,"HOUSTON-GALVESTON, TX",4120,UNITED KINGDOM,DET,"LIGHT FUEL OILS GT=25 DEG API, LT=15 PPM SULFUR",4806074,BBL,477314781,477314781,637647109,2024-12,HS10,2710191106
53,"HOUSTON-GALVESTON, TX",4210,NETHERLANDS,DET,"LIGHT FUEL OILS GT=25 DEG API, LT=15 PPM SULFUR",4353519,BBL,422938531,422938531,580070894,2024-12,HS10,2710191106
53,"HOUSTON-GALVESTON, TX",4231,BELGIUM,DET,"LIGHT FUEL OILS GT=25 DEG API, LT=15 PPM SULFUR",342773,BBL,40087771,40087771,44900992,2024-12,HS10,2710191106
53,"HOUSTON-GALVESTON, TX",4279,FRANCE,DET,"LIGHT FUEL OILS GT=25 DEG API, LT=15 PPM SULFUR",1155784,BBL,110388686,110388686,153629958,2024-12,HS10,2710191106
53,"HOUSTON-GALVESTON, TX",4280,GERMANY,DET,"LIGHT FUEL OILS GT=25 DEG API, LT=15 PPM SULFUR",1157511,BBL,103964593,103964593,153975390,2024-12,HS10,2710191106
53,"HOUSTON-GALVESTON, TX",4419,SWITZERLAND,DET,"LIGHT FUEL OILS GT=25 DEG API, LT=15 PPM SULFUR",479843,BBL,53356441,53356441,63490701,2024-12,HS10,2710191106
53,"HOUSTON-GALVESTON, TX",4550,POLAND,DET,"LIGHT FUEL OILS GT=25 DEG API, LT=15 PPM SULFUR",1172022,BBL,111438806,111438806,156435942,2024-12,HS10,2710191106
53,"HOUSTON-GALVESTON, TX",4700,SPAIN,DET,"LIGHT FUEL OILS GT=25 DEG API, LT=15 PPM SULFUR",299482,BBL,29948234,29948234,39893898,2024-12,HS10,2710191106
53,"HOUSTON-GALVESTON, TX",4792,SLOVENIA,DET,"LIGHT FUEL OILS GT=25 DEG API, LT=15 PPM SULFUR",299281,BBL,29928124,29928124,40009781,2024-12,HS10,2710191106
53,"HOUSTON-GALVESTON, TX",4XXX,EUROPE,CGP,"LIGHT FUEL OILS GT=25 DEG API, LT=15 PPM SULFUR",14333091,BBL,1403268563,1403268563,1905364330,2024-12,HS10,2710191106
53,"HOUSTON-GALVESTON, TX",7520,TOGO,DET,"LIGHT FUEL OILS GT=25 DEG API, LT=15 PPM SULFUR",297444,BBL,30136415,30136415,40488656,2024-12,HS10,2710191106
53,"HOUSTON-GALVESTON, TX",7XXX,AFRICA,CGP,"LIGHT FUEL OILS GT=25 DEG API, LT=15 PPM SULFUR",297444,BBL,30136415,30136415,40488656,2024-12,HS10,2710191106
-,TOTAL FOR ALL DISTRICTS,0003,EUROPEAN UNION,CGP,"LIGHT FUEL OILS GT=25 DEG API, LT=15 PPM SULFUR",78581438,BBL,7696088242,7696088242,10411190119,2024-12,HS10,2710191106
-,TOTAL FOR ALL DISTRICTS,0014,PACIFIC RIM COUNTRIES,CGP,"LIGHT FUEL OILS GT=25 DEG API, LT=15 PPM SULFUR",318899,BBL,34339157,34306849,42321344,2024-12,HS10,2710191106
-,TOTAL FOR ALL DISTRICTS,0017,CAFTA-DR,CGP,"LIGHT FUEL OILS GT=25 DEG API, LT=15 PPM SULFUR",18443472,BBL,1818053547,1818053547,2456876877,2024-12,HS10,2710191106
-,TOTAL FOR ALL DISTRICTS,0020,USMCA (NAFTA),CGP,"LIGHT FUEL OILS GT=25 DEG API, LT=15 PPM SULFUR",88116791,BBL,8744277988,5447844734,7534089180,2024-12,HS10,2710191106
-,TOTAL FOR ALL DISTRICTS,0021,TWENTY LATIN AMERICAN REPUBLICS,CGP,"LIGHT FUEL OILS GT=25 DEG API, LT=15 PPM SULFUR",231556423,BBL,23074093112,19777659858,26639619516,2024-12,HS10,2710191106
-,TOTAL FOR ALL DISTRICTS,0022,OECD,CGP,"LIGHT FUEL OILS GT=25 DEG API, LT=15 PPM SULFUR",258869808,BBL,25944329080,22647882358,30173921269,2024-12,HS10,2710191106
-,TOTAL FOR ALL DISTRICTS,0023,NATO,CGP,"LIGHT FUEL OILS GT=25 DEG API, LT=15 PPM SULFUR",110041463,BBL,10858573844,10858573844,14569474264,2024-12,HS10,2710191106
-,TOTAL FOR ALL DISTRICTS,0024,LAFTA,CGP,"LIGHT FUEL OILS GT=25 DEG API, LT=15 PPM SULFUR",201876582,BBL,20167540205,16871106951,22677278671,2024-12,HS10,2710191106
-,TOTAL FOR ALL DISTRICTS,0025,EURO AREA,CGP,"LIGHT FUEL OILS GT=25 DEG API, LT=15 PPM SULFUR",66650063,BBL,6518375904,6518375904,8834301724,2024-12,HS10,2710191106
-,TOTAL FOR ALL DISTRICTS,0026,APEC,CGP,"LIGHT FUEL OILS GT=25 DEG API, LT=15 PPM SULFUR",147552608,BBL,14981384772,11684919210,15449594534,2024-12,HS10,2710191106
-,TOTAL FOR ALL DISTRICTS,0027,ASEAN,CGP,"LIGHT FUEL OILS GT=25 DEG API, LT=15 PPM SULFUR",303958,BBL,33127140,33102560,40293254,2024-12,HS10,2710191106
-,TOTAL FOR ALL DISTRICTS,0028,CACM,CGP,"LIGHT FUEL OILS GT=25 DEG API, LT=15 PPM SULFUR",13765530,BBL,1360296532,1360296532,1832963446,2024-12,HS10,2710191106
-,TOTAL FOR ALL DISTRICTS,1XXX,NORTH AMERICA,CGP,"LIGHT FUEL OILS GT=25 DEG API, LT=15 PPM SULFUR",88116791,BBL,8744277988,5447844734,7534089180,2024-12,HS10,2710191106
-,TOTAL FOR ALL DISTRICTS,2010,MEXICO,DET,"LIGHT FUEL OILS GT=25 DEG API, LT=15 PPM SULFUR",88116791,BBL,8744277988,5447844734,7534089180,2024-12,HS10,2710191106
-,TOTAL FOR ALL DISTRICTS,2050,GUATEMALA,DET,"LIGHT FUEL OILS GT=25 DEG API, LT=15 PPM SULFUR",2152786,BBL,210091830,210091830,290032711,2024-12,HS10,2710191106
-,TOTAL FOR ALL DISTRICTS,2110,EL SALVADOR,DET,"LIGHT FUEL OILS GT=25 DEG API, LT=15 PPM SULFUR",421859,BBL,41971935,41971935,56886544,2024-12,HS10,2710191106
-,TOTAL FOR ALL DISTRICTS,2150,HONDURAS,DET,"LIGHT FUEL OILS GT=25 DEG API, LT=15 PPM SULFUR",1252226,BBL,125446238,125446238,165608515,2024-12,HS10,2710191106
-,TOTAL FOR ALL DISTRICTS,2190,NICARAGUA,DET,"LIGHT FUEL OILS GT=25 DEG API, LT=15 PPM SULFUR",417049,BBL,37375022,37375022,55682612,2024-12,HS10,2710191106
-,TOTAL FOR ALL DISTRICTS,2230,COSTA RICA,DET,"LIGHT FUEL OILS GT=25 DEG API, LT=15 PPM SULFUR",9521610,BBL,945411507,945411507,1264753064,2024-12,HS10,2710191106
-,TOTAL FOR ALL DISTRICTS,2250,PANAMA,DET,"LIGHT FUEL OILS GT=25 DEG API, LT=15 PPM SULFUR",10673373,BBL,1030987758,1030987758,1430709989,2024-12,HS10,2710191106
-,TOTAL FOR ALL DISTRICTS,2320,BERMUDA,DET,"LIGHT FUEL OILS GT=25 DEG API, LT=15 PPM SULFUR",127593,BBL,13124025,13124025,16959419,2024-12,HS10,2710191106
-,TOTAL FOR ALL DISTRICTS,2360,BAHAMAS,DET,"LIGHT FUEL OILS GT=25 DEG API, LT=15 PPM SULFUR",1744093,BBL,176942947,176942947,228804954,2024-12,HS10,2710191106
-,TOTAL FOR ALL DISTRICTS,2410,JAMAICA,DET,"LIGHT FUEL OILS GT=25 DEG API, LT=15 PPM SULFUR",1258025,BBL,120018916,120018916,166733776,2024-12,HS10,2710191106
-,TOTAL FOR ALL DISTRICTS,2430,TURKS AND CAICOS ISLANDS,DET,"LIGHT FUEL OILS GT=25 DEG API, LT=15 PPM SULFUR",17235,BBL,2199526,2199526,2357588,2024-12,HS10,2710191106
-,TOTAL FOR ALL DISTRICTS,2440,CAYMAN ISLANDS,DET,"LIGHT FUEL OILS GT=25 DEG API, LT=15 PPM SULFUR",1149392,BBL,114084381,114084381,152624981,2024-12,HS10,2710191106
-,TOTAL FOR ALL DISTRICTS,2450,HAITI,DET,"LIGHT FUEL OILS GT=25 DEG API, LT=15 PPM SULFUR",562996,BBL,57511602,57511602,74753979,2024-12,HS10,2710191106
-,TOTAL FOR ALL DISTRICTS,2470,DOMINICAN REPUBLIC,DET,"LIGHT FUEL OILS GT=25 DEG API, LT=15 PPM SULFUR",4677942,BBL,457757015,457757015,623913431,2024-12,HS10,2710191106
-,TOTAL FOR ALL DISTRICTS,2481,ANGUILLA,DET,"LIGHT FUEL OILS GT=25 DEG API, LT=15 PPM SULFUR",41112,BBL,3966230,3966230,5492203,2024-12,HS10,2710191106
-,TOTAL FOR ALL DISTRICTS,2482,BRITISH VIRGIN ISLANDS,DET,"LIGHT FUEL OILS GT=25 DEG API, LT=15 PPM SULFUR",52182,BBL,5044496,5044496,6941426,2024-12,HS10,2710191106
-,TOTAL FOR ALL DISTRICTS,2483,ST KITTS AND NEVIS,DET,"LIGHT FUEL OILS GT=25 DEG API, LT=15 PPM SULFUR",7488,BBL,842496,842496,1000445,2024-12,HS10,2710191106
-,TOTAL FOR ALL DISTRICTS,2484,ANTIGUA AND BARBUDA,DET,"LIGHT FUEL OILS GT=25 DEG API, LT=15 PPM SULFUR",878171,BBL,91043852,91043852,117033602,2024-12,HS10,2710191106
-,TOTAL FOR ALL DISTRICTS,2487,ST LUCIA,DET,"LIGHT FUEL OILS GT=25 DEG API, LT=15 PPM SULFUR",3410145,BBL,348736365,348736365,454156533,2024-12,HS10,2710191106
-,TOTAL FOR ALL DISTRICTS,2488,ST VINCENT AND THE GRENADINES,DET,"LIGHT FUEL OILS GT=25 DEG API, LT=15 PPM SULFUR",18347,BBL,1735158,1735158,2452127,2024-12,HS10,2710191106
-,TOTAL FOR ALL DISTRICTS,2489,GRENADA,DET,"LIGHT FUEL OILS GT=25 DEG API, LT=15 PPM SULFUR",16255,BBL,1518702,1518702,2174305,2024-12,HS10,2710191106
-,TOTAL FOR ALL DISTRICTS,2720,BARBADOS,DET,"LIGHT FUEL OILS GT=25 DEG API, LT=15 PPM SULFUR",313098,BBL,33995093,33995093,41904441,2024-12,HS10,2710191106
-,TOTAL FOR ALL DISTRICTS,2740,TRINIDAD AND TOBAGO,DET,"LIGHT FUEL OILS GT=25 DEG API, LT=15 PPM SULFUR",1169618,BBL,120117140,120117140,155725482,2024-12,HS10,2710191106
-,TOTAL FOR ALL DISTRICTS,2774,SINT MAARTEN,DET,"LIGHT FUEL OILS GT=25 DEG API, LT=15 PPM SULFUR",249127,BBL,24349398,24349398,33315541,2024-12,HS10,2710191106
-,TOTAL FOR ALL DISTRICTS,2777,CURACAO,DET,"LIGHT FUEL OILS GT=25 DEG API, LT=15 PPM SULFUR",1332915,BBL,134889580,134889580,176416020,2024-12,HS10,2710191106
-,TOTAL FOR ALL DISTRICTS,2779,ARUBA,DET,"LIGHT FUEL OILS GT=25 DEG API, LT=15 PPM SULFUR",245657,BBL,24509121,24509121,32476848,2024-12,HS10,2710191106
-,TOTAL FOR ALL DISTRICTS,2831,GUADELOUPE,DET,"LIGHT FUEL OILS GT=25 DEG API, LT=15 PPM SULFUR",659709,BBL,65197013,65197013,87288300,2024-12,HS10,2710191106
-,TOTAL FOR ALL DISTRICTS,2839,MARTINIQUE,DET,"LIGHT FUEL OILS GT=25 DEG API, LT=15 PPM SULFUR",162218,BBL,16861380,16861380,21386700,2024-12,HS10,2710191106
-,TOTAL FOR ALL DISTRICTS,2XXX,CENTRAL AMERICA,CGP,"LIGHT FUEL OILS GT=25 DEG API, LT=15 PPM SULFUR",42532221,BBL,4205728726,4205728726,5667585536,2024-12,HS10,2710191106
-,TOTAL FOR ALL DISTRICTS,3010,COLOMBIA,DET,"LIGHT FUEL OILS GT=25 DEG API, LT=15 PPM SULFUR",9773216,BBL,937379130,937379130,1298579525,2024-12,HS10,2710191106
-,TOTAL FOR ALL DISTRICTS,3120,GUYANA,DET,"LIGHT FUEL OILS GT=25 DEG API, LT=15 PPM SULFUR",23058,BBL,2324998,2324998,3102411,2024-12,HS10,2710191106
-,TOTAL FOR ALL DISTRICTS,3150,SURINAME,DET,"LIGHT FUEL OILS GT=25 DEG API, LT=15 PPM SULFUR",113003,BBL,11912939,11912939,15105964,2024-12,HS10,2710191106
-,TOTAL FOR ALL DISTRICTS,3310,ECUADOR,DET,"LIGHT FUEL OILS GT=25 DEG API, LT=15 PPM SULFUR",21490353,BBL,2034620555,2034620555,2874594281,2024-12,HS10,2710191106
-,TOTAL FOR ALL DISTRICTS,3330,PERU,DET,"LIGHT FUEL OILS GT=25 DEG API, LT=15 PPM SULFUR",19290226,BBL,1935512862,1935512862,2577152830,2024-12,HS10,2710191106
-,TOTAL FOR ALL DISTRICTS,3350,BOLIVIA,DET,"LIGHT FUEL OILS GT=25 DEG API, LT=15 PPM SULFUR",276841,BBL,28247919,28247919,36495106,2024-12,HS10,2710191106
-,TOTAL FOR ALL DISTRICTS,3370,CHILE,DET,"LIGHT FUEL OILS GT=25 DEG API, LT=15 PPM SULFUR",39826692,BBL,4267254765,4267254765,5296031180,2024-12,HS10,2710191106
-,TOTAL FOR ALL DISTRICTS,3510,BRAZIL,DET,"LIGHT FUEL OILS GT=25 DEG API, LT=15 PPM SULFUR",13861707,BBL,1310371985,1310371985,1840936114,2024-12,HS10,2710191106
-,TOTAL FOR ALL DISTRICTS,3530,PARAGUAY,DET,"LIGHT FUEL OILS GT=25 DEG API, LT=15 PPM SULFUR",759999,BBL,81519885,81519885,100392847,2024-12,HS10,2710191106
-,TOTAL FOR ALL DISTRICTS,3550,URUGUAY,DET,"LIGHT FUEL OILS GT=25 DEG API, LT=15 PPM SULFUR",638646,BBL,66610520,66610520,84666463,2024-12,HS10,2710191106
-,TOTAL FOR ALL DISTRICTS,3570,ARGENTINA,DET,"LIGHT FUEL OILS GT=25 DEG API, LT=15 PPM SULFUR",7842111,BBL,761744596,761744596,1034341145,2024-12,HS10,2710191106
-,TOTAL FOR ALL DISTRICTS,3XXX,SOUTH AMERICA,CGP,"LIGHT FUEL OILS GT=25 DEG API, LT=15 PPM SULFUR",113895852,BBL,11437500154,11437500154,15161397866,2024-12,HS10,2710191106
-,TOTAL FOR ALL DISTRICTS,4010,SWEDEN,DET,"LIGHT FUEL OILS GT=25 DEG API, LT=15 PPM SULFUR",305194,BBL,31371717,31371717,40414555,2024-12,HS10,2710191106
-,TOTAL FOR ALL DISTRICTS,4039,NORWAY,DET,"LIGHT FUEL OILS GT=25 DEG API, LT=15 PPM SULFUR",3072360,BBL,329248445,329248445,406241398,2024-12,HS10,2710191106
-,TOTAL FOR ALL DISTRICTS,4050,FINLAND,DET,"LIGHT FUEL OILS GT=25 DEG API, LT=15 PPM SULFUR",329125,BBL,33712125,33712125,43196041,2024-12,HS10,2710191106
-,TOTAL FOR ALL DISTRICTS,4099,DENMARK,DET,"LIGHT FUEL OILS GT=25 DEG API, LT=15 PPM SULFUR",1384701,BBL,129940571,129940571,183484198,2024-12,HS10,2710191106
-,TOTAL FOR ALL DISTRICTS,4120,UNITED KINGDOM,DET,"LIGHT FUEL OILS GT=25 DEG API, LT=15 PPM SULFUR",28387665,BBL,2833237157,2833237157,3752042747,2024-12,HS10,2710191106
-,TOTAL FOR ALL DISTRICTS,4210,NETHERLANDS,DET,"LIGHT FUEL OILS GT=25 DEG API, LT=15 PPM SULFUR",33636054,BBL,3280648052,3280648052,4469285220,2024-12,HS10,2710191106
-,TOTAL FOR ALL DISTRICTS,4231,BELGIUM,DET,"LIGHT FUEL OILS GT=25 DEG API, LT=15 PPM SULFUR",13775484,BBL,1343373613,1343373613,1818212045,2024-12,HS10,2710191106
-,TOTAL FOR ALL DISTRICTS,4279,FRANCE,DET,"LIGHT FUEL OILS GT=25 DEG API, LT=15 PPM SULFUR",12656869,BBL,1261913844,1261913844,1673679686,2024-12,HS10,2710191106
-,TOTAL FOR ALL DISTRICTS,4280,GERMANY,DET,"LIGHT FUEL OILS GT=25 DEG API, LT=15 PPM SULFUR",3662263,BBL,340732095,340732095,485942357,2024-12,HS10,2710191106
-,TOTAL FOR ALL DISTRICTS,4370,HUNGARY,DET,"LIGHT FUEL OILS GT=25 DEG API, LT=15 PPM SULFUR",530,BBL,59130,59130,72273,2024-12,HS10,2710191106
-,TOTAL FOR ALL DISTRICTS,4419,SWITZERLAND,DET,"LIGHT FUEL OILS GT=25 DEG API, LT=15 PPM SULFUR",1901025,BBL,218598181,218598181,251705677,2024-12,HS10,2710191106
-,TOTAL FOR ALL DISTRICTS,4490,LATVIA,DET,"LIGHT FUEL OILS GT=25 DEG API, LT=15 PPM SULFUR",315425,BBL,27935576,27935576,42148368,2024-12,HS10,2710191106
-,TOTAL FOR ALL DISTRICTS,4550,POLAND,DET,"LIGHT FUEL OILS GT=25 DEG API, LT=15 PPM SULFUR",9920634,BBL,988531236,988531236,1310950569,2024-12,HS10,2710191106
-,TOTAL FOR ALL DISTRICTS,4700,SPAIN,DET,"LIGHT FUEL OILS GT=25 DEG API, LT=15 PPM SULFUR",1975562,BBL,200132475,200132475,261828226,2024-12,HS10,2710191106
-,TOTAL FOR ALL DISTRICTS,4720,GIBRALTAR,DET,"LIGHT FUEL OILS GT=25 DEG API, LT=15 PPM SULFUR",1561286,BBL,163629198,163629198,205852837,2024-12,HS10,2710191106
-,TOTAL FOR ALL DISTRICTS,4792,SLOVENIA,DET,"LIGHT FUEL OILS GT=25 DEG API, LT=15 PPM SULFUR",299281,BBL,29928124,29928124,40009781,2024-12,HS10,2710191106
-,TOTAL FOR ALL DISTRICTS,4850,ROMANIA,DET,"LIGHT FUEL OILS GT=25 DEG API, LT=15 PPM SULFUR",320316,BBL,27809684,27809684,41966800,2024-12,HS10,2710191106
-,TOTAL FOR ALL DISTRICTS,4XXX,EUROPE,CGP,"LIGHT FUEL OILS GT=25 DEG API, LT=15 PPM SULFUR",113503774,BBL,11240801223,11240801223,15027032778,2024-12,HS10,2710191106
-,TOTAL FOR ALL DISTRICTS,5081,ISRAEL,DET,"LIGHT FUEL OILS GT=25 DEG API, LT=15 PPM SULFUR",102,BBL,11119,5379,6545,2024-12,HS10,2710191106
-,TOTAL FOR ALL DISTRICTS,5110,JORDAN,DET,"LIGHT FUEL OILS GT=25 DEG API, LT=15 PPM SULFUR",45,BBL,5032,5032,6136,2024-12,HS10,2710191106
-,TOTAL FOR ALL DISTRICTS,5170,SAUDI ARABIA,DET,"LIGHT FUEL OILS GT=25 DEG API, LT=15 PPM SULFUR",154,BBL,16446,7424,9136,2024-12,HS10,2710191106
-,TOTAL FOR ALL DISTRICTS,5180,QATAR,DET,"LIGHT FUEL OILS GT=25 DEG API, LT=15 PPM SULFUR",660,BBL,24516,24516,90000,2024-12,HS10,2710191106
-,TOTAL FOR ALL DISTRICTS,5330,INDIA,DET,"LIGHT FUEL OILS GT=25 DEG API, LT=15 PPM SULFUR",273,BBL,29787,20862,26317,2024-12,HS10,2710191106
-,TOTAL FOR ALL DISTRICTS,5570,MALAYSIA,DET,"LIGHT FUEL OILS GT=25 DEG API, LT=15 PPM SULFUR",249,BBL,27185,2605,3955,2024-12,HS10,2710191106
-,TOTAL FOR ALL DISTRICTS,5590,SINGAPORE,DET,"LIGHT FUEL OILS GT=25 DEG API, LT=15 PPM SULFUR",303709,BBL,33099955,33099955,40289299,2024-12,HS10,2710191106
-,TOTAL FOR ALL DISTRICTS,5700,CHINA,DET,"LIGHT FUEL OILS GT=25 DEG API, LT=15 PPM SULFUR",5663,BBL,575062,575062,772229,2024-12,HS10,2710191106
-,TOTAL FOR ALL DISTRICTS,5800,"KOREA, SOUTH",DET,"LIGHT FUEL OILS GT=25 DEG API, LT=15 PPM SULFUR",4454,BBL,175071,167343,598041,2024-12,HS10,2710191106
-,TOTAL FOR ALL DISTRICTS,5830,TAIWAN,DET,"LIGHT FUEL OILS GT=25 DEG API, LT=15 PPM SULFUR",53,BBL,4725,4725,7227,2024-12,HS10,2710191106
-,TOTAL FOR ALL DISTRICTS,5880,JAPAN,DET,"LIGHT FUEL OILS GT=25 DEG API, LT=15 PPM SULFUR",4771,BBL,457159,457159,650593,2024-12,HS10,2710191106
-,TOTAL FOR ALL DISTRICTS,5XXX,ASIA,CGP,"LIGHT FUEL OILS GT=25 DEG API, LT=15 PPM SULFUR",320133,BBL,34426057,34370062,42459478,2024-12,HS10,2710191106
-,TOTAL FOR ALL DISTRICTS,7140,MOROCCO,DET,"LIGHT FUEL OILS GT=25 DEG API, LT=15 PPM SULFUR",3678153,BBL,379518527,379518527,487628477,2024-12,HS10,2710191106
-,TOTAL FOR ALL DISTRICTS,7520,TOGO,DET,"LIGHT FUEL OILS GT=25 DEG API, LT=15 PPM SULFUR",310673,BBL,31384415,31384415,42215826,2024-12,HS10,2710191106
-,TOTAL FOR ALL DISTRICTS,7810,BRITISH INDIAN OCEAN TERRITORIES,DET,"LIGHT FUEL OILS GT=25 DEG API, LT=15 PPM SULFUR",5,BBL,3423,3423,773,2024-12,HS10,2710191106
-,TOTAL FOR ALL DISTRICTS,7XXX,AFRICA,CGP,"LIGHT FUEL OILS GT=25 DEG API, LT=15 PPM SULFUR",3988831,BBL,410906365,410906365,529845076,2024-12,HS10,2710191106
07,"OGDENSBURG, NY",-,TOTAL FOR ALL COUNTRIES,DET,LIGHT FUEL OILS GT=25 DEG API 15 TO 500 PPM SULFUR,1938,BBL,198013,0,0,2024-12,HS10,2710191109
09,"BUFFALO, NY",-,TOTAL FOR ALL COUNTRIES,DET,LIGHT FUEL OILS GT=25 DEG API 15 TO 500 PPM SULFUR,208705,BBL,25901763,0,0,2024-12,HS10,2710191109
11,"PHILADELPHIA, PA",-,TOTAL FOR ALL COUNTRIES,DET,LIGHT FUEL OILS GT=25 DEG API 15 TO 500 PPM SULFUR,50135,BBL,5017923,5017923,7971814,2024-12,HS10,2710191109
19,"MOBILE, AL",-,TOTAL FOR ALL COUNTRIES,DET,LIGHT FUEL OILS GT=25 DEG API 15 TO 500 PPM SULFUR,6270457,BBL,608470470,608470470,852940333,2024-12,HS10,2710191109
20,"NEW ORLEANS, LA",-,TOTAL FOR ALL COUNTRIES,DET,LIGHT FUEL OILS GT=25 DEG API 15 TO 500 PPM SULFUR,15544989,BBL,1532672692,1532672692,2112080626,2024-12,HS10,2710191109
21,"PORT ARTHUR, TX",-,TOTAL FOR ALL COUNTRIES,DET,LIGHT FUEL OILS GT=25 DEG API 15 TO 500 PPM SULFUR,690118,BBL,68444543,68444543,91584721,2024-12,HS10,2710191109
23,"LAREDO, TX",-,TOTAL FOR ALL COUNTRIES,DET,LIGHT FUEL OILS GT=25 DEG API 15 TO 500 PPM SULFUR,145967,BBL,19114831,0,0,2024-12,HS10,2710191109
24,"EL PASO, TX",-,TOTAL FOR ALL COUNTRIES,DET,LIGHT FUEL OILS GT=25 DEG API 15 TO 500 PPM SULFUR,60537,BBL,8779581,0,0,2024-12,HS10,2710191109
26,"NOGALES, AZ",-,TOTAL FOR ALL COUNTRIES,DET,LIGHT FUEL OILS GT=25 DEG API 15 TO 500 PPM SULFUR,1837,BBL,169400,0,0,2024-12,HS10,2710191109
28,"SAN FRANCISCO, CA",-,TOTAL FOR ALL COUNTRIES,DET,LIGHT FUEL OILS GT=25 DEG API 15 TO 500 PPM SULFUR,185426,BBL,19062587,19062587,24484853,2024-12,HS10,2710191109
30,"SEATTLE, WA",-,TOTAL FOR ALL COUNTRIES,DET,LIGHT FUEL OILS GT=25 DEG API 15 TO 500 PPM SULFUR,300153,BBL,30729585,30729585,44934709,2024-12,HS10,2710191109
31,"ANCHORAGE, AK",-,TOTAL FOR ALL COUNTRIES,DET,LIGHT FUEL OILS GT=25 DEG API 15 TO 500 PPM SULFUR,191834,BBL,25613392,0,0,2024-12,HS10,2710191109
34,"PEMBINA, ND",-,TOTAL FOR ALL COUNTRIES,DET,LIGHT FUEL OILS GT=25 DEG API 15 TO 500 PPM SULFUR,1222,BBL,141872,0,0,2024-12,HS10,2710191109
36,"DULUTH, MN",-,TOTAL FOR ALL COUNTRIES,DET,LIGHT FUEL OILS GT=25 DEG API 15 TO 500 PPM SULFUR,95,BBL,12393,0,0,2024-12,HS10,2710191109
38,"DETROIT, MI",-,TOTAL FOR ALL COUNTRIES,DET,LIGHT FUEL OILS GT=25 DEG API 15 TO 500 PPM SULFUR,169140,BBL,17227703,4281632,6540216,2024-12,HS10,2710191109
39,"CHICAGO, IL",-,TOTAL FOR ALL COUNTRIES,DET,LIGHT FUEL OILS GT=25 DEG API 15 TO 500 PPM SULFUR,205,BBL,27715,0,0,2024-12,HS10,2710191109
51,U.S. VIRGIN ISLANDS,-,TOTAL FOR ALL COUNTRIES,DET,LIGHT FUEL OILS GT=25 DEG API 15 TO 500 PPM SULFUR,794115,BBL,77157896,77157896,106269423,2024-12,HS10,2710191109
52,"MIAMI, FL",-,TOTAL FOR ALL COUNTRIES,DET,LIGHT FUEL OILS GT=25 DEG API 15 TO 500 PPM SULFUR,863,BBL,84824,84824,125449,2024-12,HS10,2710191109
53,"HOUSTON-GALVESTON, TX",-,TOTAL FOR ALL COUNTRIES,DET,LIGHT FUEL OILS GT=25 DEG API 15 TO 500 PPM SULFUR,12939713,BBL,1235705971,1235705971,1723534418,2024-12,HS10,2710191109
-,TOTAL FOR ALL DISTRICTS,-,TOTAL FOR ALL COUNTRIES,DET,LIGHT FUEL OILS GT=25 DEG API 15 TO 500 PPM SULFUR,37557449,BBL,3674533154,3581628123,4970466562,2024-12,HS10,2710191109
07,"OGDENSBURG, NY",0020,USMCA (NAFTA),CGP,LIGHT FUEL OILS GT=25 DEG API 15 TO 500 PPM SULFUR,1938,BBL,198013,0,0,2024-12,HS10,2710191109
07,"OGDENSBURG, NY",0022,OECD,CGP,LIGHT FUEL OILS GT=25 DEG API 15 TO 500 PPM SULFUR,1938,BBL,198013,0,0,2024-12,HS10,2710191109
07,"OGDENSBURG, NY",0023,NATO,CGP,LIGHT FUEL OILS GT=25 DEG API 15 TO 500 PPM SULFUR,1938,BBL,198013,0,0,2024-12,HS10,2710191109
07,"OGDENSBURG, NY",0026,APEC,CGP,LIGHT FUEL OILS GT=25 DEG API 15 TO 500 PPM SULFUR,1938,BBL,198013,0,0,2024-12,HS10,2710191109
07,"OGDENSBURG, NY",1220,CANADA,DET,LIGHT FUEL OILS GT=25 DEG API 15 TO 500 PPM SULFUR,1938,BBL,198013,0,0,2024-12,HS10,2710191109
07,"OGDENSBURG, NY",1XXX,NORTH AMERICA,CGP,LIGHT FUEL OILS GT=25 DEG API 15 TO 500 PPM SULFUR,1938,BBL,198013,0,0,2024-12,HS10,2710191109
09,"BUFFALO, NY",0020,USMCA (NAFTA),CGP,LIGHT FUEL OILS GT=25 DEG API 15 TO 500 PPM SULFUR,208705,BBL,25901763,0,0,2024-12,HS10,2710191109
09,"BUFFALO, NY",0022,OECD,CGP,LIGHT FUEL OILS GT=25 DEG API 15 TO 500 PPM SULFUR,208705,BBL,25901763,0,0,2024-12,HS10,2710191109
09,"BUFFALO, NY",0023,NATO,CGP,LIGHT FUEL OILS GT=25 DEG API 15 TO 500 PPM SULFUR,208705,BBL,25901763,0,0,2024-12,HS10,2710191109
09,"BUFFALO, NY",0026,APEC,CGP,LIGHT FUEL OILS GT=25 DEG API 15 TO 500 PPM SULFUR,208705,BBL,25901763,0,0,2024-12,HS10,2710191109
09,"BUFFALO, NY",1220,CANADA,DET,LIGHT FUEL OILS GT=25 DEG API 15 TO 500 PPM SULFUR,208705,BBL,25901763,0,0,2024-12,HS10,2710191109
09,"BUFFALO, NY",1XXX,NORTH AMERICA,CGP,LIGHT FUEL OILS GT=25 DEG API 15 TO 500 PPM SULFUR,208705,BBL,25901763,0,0,2024-12,HS10,2710191109
11,"PHILADELPHIA, PA",0020,USMCA (NAFTA),CGP,LIGHT FUEL OILS GT=25 DEG API 15 TO 500 PPM SULFUR,50135,BBL,5017923,5017923,7971814,2024-12,HS10,2710191109
11,"PHILADELPHIA, PA",0022,OECD,CGP,LIGHT FUEL OILS GT=25 DEG API 15 TO 500 PPM SULFUR,50135,BBL,5017923,5017923,7971814,2024-12,HS10,2710191109
11,"PHILADELPHIA, PA",0023,NATO,CGP,LIGHT FUEL OILS GT=25 DEG API 15 TO 500 PPM SULFUR,50135,BBL,5017923,5017923,7971814,2024-12,HS10,2710191109
11,"PHILADELPHIA, PA",0026,APEC,CGP,LIGHT FUEL OILS GT=25 DEG API 15 TO 500 PPM SULFUR,50135,BBL,5017923,5017923,7971814,2024-12,HS10,2710191109
11,"PHILADELPHIA, PA",1220,CANADA,DET,LIGHT FUEL OILS GT=25 DEG API 15 TO 500 PPM SULFUR,50135,BBL,5017923,5017923,7971814,2024-12,HS10,2710191109
11,"PHILADELPHIA, PA",1XXX,NORTH AMERICA,CGP,LIGHT FUEL OILS GT=25 DEG API 15 TO 500 PPM SULFUR,50135,BBL,5017923,5017923,7971814,2024-12,HS10,2710191109
19,"MOBILE, AL",0003,EUROPEAN UNION,CGP,LIGHT FUEL OILS GT=25 DEG API 15 TO 500 PPM SULFUR,147986,BBL,15870000,15870000,20215980,2024-12,HS10,2710191109
19,"MOBILE, AL",0017,CAFTA-DR,CGP,LIGHT FUEL OILS GT=25 DEG API 15 TO 500 PPM SULFUR,5749426,BBL,554877178,554877178,782137132,2024-12,HS10,2710191109
19,"MOBILE, AL",0021,TWENTY LATIN AMERICAN REPUBLICS,CGP,LIGHT FUEL OILS GT=25 DEG API 15 TO 500 PPM SULFUR,6089310,BBL,588922964,588922964,828288032,2024-12,HS10,2710191109
19,"MOBILE, AL",0022,OECD,CGP,LIGHT FUEL OILS GT=25 DEG API 15 TO 500 PPM SULFUR,197986,BBL,21120000,21120000,27051126,2024-12,HS10,2710191109
19,"MOBILE, AL",0023,NATO,CGP,LIGHT FUEL OILS GT=25 DEG API 15 TO 500 PPM SULFUR,147986,BBL,15870000,15870000,20215980,2024-12,HS10,2710191109
19,"MOBILE, AL",0024,LAFTA,CGP,LIGHT FUEL OILS GT=25 DEG API 15 TO 500 PPM SULFUR,50000,BBL,5250000,5250000,6835146,2024-12,HS10,2710191109
19,"MOBILE, AL",0025,EURO AREA,CGP,LIGHT FUEL OILS GT=25 DEG API 15 TO 500 PPM SULFUR,147986,BBL,15870000,15870000,20215980,2024-12,HS10,2710191109
19,"MOBILE, AL",0028,CACM,CGP,LIGHT FUEL OILS GT=25 DEG API 15 TO 500 PPM SULFUR,5668831,BBL,545939135,545939135,771472445,2024-12,HS10,2710191109
19,"MOBILE, AL",2050,GUATEMALA,DET,LIGHT FUEL OILS GT=25 DEG API 15 TO 500 PPM SULFUR,2467453,BBL,235761366,235761366,336173424,2024-12,HS10,2710191109
19,"MOBILE, AL",2110,EL SALVADOR,DET,LIGHT FUEL OILS GT=25 DEG API 15 TO 500 PPM SULFUR,657960,BBL,62895701,62895701,89766755,2024-12,HS10,2710191109
19,"MOBILE, AL",2150,HONDURAS,DET,LIGHT FUEL OILS GT=25 DEG API 15 TO 500 PPM SULFUR,2543418,BBL,247282068,247282068,345532266,2024-12,HS10,2710191109
19,"MOBILE, AL",2250,PANAMA,DET,LIGHT FUEL OILS GT=25 DEG API 15 TO 500 PPM SULFUR,289884,BBL,28795786,28795786,39315754,2024-12,HS10,2710191109
19,"MOBILE, AL",2360,BAHAMAS,DET,LIGHT FUEL OILS GT=25 DEG API 15 TO 500 PPM SULFUR,33161,BBL,3677506,3677506,4436321,2024-12,HS10,2710191109
19,"MOBILE, AL",2470,DOMINICAN REPUBLIC,DET,LIGHT FUEL OILS GT=25 DEG API 15 TO 500 PPM SULFUR,80595,BBL,8938043,8938043,10664687,2024-12,HS10,2710191109
19,"MOBILE, AL",2XXX,CENTRAL AMERICA,CGP,LIGHT FUEL OILS GT=25 DEG API 15 TO 500 PPM SULFUR,6072471,BBL,587350470,587350470,825889207,2024-12,HS10,2710191109
19,"MOBILE, AL",3010,COLOMBIA,DET,LIGHT FUEL OILS GT=25 DEG API 15 TO 500 PPM SULFUR,50000,BBL,5250000,5250000,6835146,2024-12,HS10,2710191109
19,"MOBILE, AL",3XXX,SOUTH AMERICA,CGP,LIGHT FUEL OILS GT=25 DEG API 15 TO 500 PPM SULFUR,50000,BBL,5250000,5250000,6835146,2024-12,HS10,2710191109
19,"MOBILE, AL",4210,NETHERLANDS,DET,LIGHT FUEL OILS GT=25 DEG API 15 TO 500 PPM SULFUR,147986,BBL,15870000,15870000,20215980,2024-12,HS10,2710191109
19,"MOBILE, AL",4XXX,EUROPE,CGP,LIGHT FUEL OILS GT=25 DEG API 15 TO 500 PPM SULFUR,147986,BBL,15870000,15870000,20215980,2024-12,HS10,2710191109
20,"NEW ORLEANS, LA",0003,EUROPEAN UNION,CGP,LIGHT FUEL OILS GT=25 DEG API 15 TO 500 PPM SULFUR,1308514,BBL,124856493,124856493,177058717,2024-12,HS10,2710191109
20,"NEW ORLEANS, LA",0017,CAFTA-DR,CGP,LIGHT FUEL OILS GT=25 DEG API 15 TO 500 PPM SULFUR,11655577,BBL,1158825481,1158825481,1581211228,2024-12,HS10,2710191109
20,"NEW ORLEANS, LA",0020,USMCA (NAFTA),CGP,LIGHT FUEL OILS GT=25 DEG API 15 TO 500 PPM SULFUR,299170,BBL,35866631,35866631,44870518,2024-12,HS10,2710191109
20,"NEW ORLEANS, LA",0021,TWENTY LATIN AMERICAN REPUBLICS,CGP,LIGHT FUEL OILS GT=25 DEG API 15 TO 500 PPM SULFUR,13104781,BBL,1297026334,1297026334,1777267007,2024-12,HS10,2710191109
20,"NEW ORLEANS, LA",0022,OECD,CGP,LIGHT FUEL OILS GT=25 DEG API 15 TO 500 PPM SULFUR,1607684,BBL,160723124,160723124,221929235,2024-12,HS10,2710191109
20,"NEW ORLEANS, LA",0023,NATO,CGP,LIGHT FUEL OILS GT=25 DEG API 15 TO 500 PPM SULFUR,1508456,BBL,147107118,147107118,208851089,2024-12,HS10,2710191109
20,"NEW ORLEANS, LA",0024,LAFTA,CGP,LIGHT FUEL OILS GT=25 DEG API 15 TO 500 PPM SULFUR,449225,BBL,45500847,45500847,60594265,2024-12,HS10,2710191109
20,"NEW ORLEANS, LA",0025,EURO AREA,CGP,LIGHT FUEL OILS GT=25 DEG API 15 TO 500 PPM SULFUR,1308514,BBL,124856493,124856493,177058717,2024-12,HS10,2710191109
20,"NEW ORLEANS, LA",0026,APEC,CGP,LIGHT FUEL OILS GT=25 DEG API 15 TO 500 PPM SULFUR,299170,BBL,35866631,35866631,44870518,2024-12,HS10,2710191109
20,"NEW ORLEANS, LA",0028,CACM,CGP,LIGHT FUEL OILS GT=25 DEG API 15 TO 500 PPM SULFUR,11245201,BBL,1123501698,1123501698,1525928540,2024-12,HS10,2710191109
20,"NEW ORLEANS, LA",1220,CANADA,DET,LIGHT FUEL OILS GT=25 DEG API 15 TO 500 PPM SULFUR,199942,BBL,22250625,22250625,31792372,2024-12,HS10,2710191109
20,"NEW ORLEANS, LA",1XXX,NORTH AMERICA,CGP,LIGHT FUEL OILS GT=25 DEG API 15 TO 500 PPM SULFUR,299170,BBL,35866631,35866631,44870518,2024-12,HS10,2710191109
20,"NEW ORLEANS, LA",2010,MEXICO,DET,LIGHT FUEL OILS GT=25 DEG API 15 TO 500 PPM SULFUR,99228,BBL,13616006,13616006,13078146,2024-12,HS10,2710191109
20,"NEW ORLEANS, LA",2050,GUATEMALA,DET,LIGHT FUEL OILS GT=25 DEG API 15 TO 500 PPM SULFUR,6507764,BBL,647912200,647912200,883271930,2024-12,HS10,2710191109
20,"NEW ORLEANS, LA",2110,EL SALVADOR,DET,LIGHT FUEL OILS GT=25 DEG API 15 TO 500 PPM SULFUR,3235064,BBL,322215165,322215165,438798244,2024-12,HS10,2710191109
20,"NEW ORLEANS, LA",2150,HONDURAS,DET,LIGHT FUEL OILS GT=25 DEG API 15 TO 500 PPM SULFUR,145096,BBL,14690618,14690618,19452155,2024-12,HS10,2710191109
20,"NEW ORLEANS, LA",2190,NICARAGUA,DET,LIGHT FUEL OILS GT=25 DEG API 15 TO 500 PPM SULFUR,1357277,BBL,138683715,138683715,184406211,2024-12,HS10,2710191109
20,"NEW ORLEANS, LA",2250,PANAMA,DET,LIGHT FUEL OILS GT=25 DEG API 15 TO 500 PPM SULFUR,999979,BBL,92700006,92700006,135461514,2024-12,HS10,2710191109
20,"NEW ORLEANS, LA",2360,BAHAMAS,DET,LIGHT FUEL OILS GT=25 DEG API 15 TO 500 PPM SULFUR,330743,BBL,36814551,36814551,44664882,2024-12,HS10,2710191109
20,"NEW ORLEANS, LA",2470,DOMINICAN REPUBLIC,DET,LIGHT FUEL OILS GT=25 DEG API 15 TO 500 PPM SULFUR,410376,BBL,35323783,35323783,55282688,2024-12,HS10,2710191109
20,"NEW ORLEANS, LA",2777,CURACAO,DET,LIGHT FUEL OILS GT=25 DEG API 15 TO 500 PPM SULFUR,300016,BBL,26347988,26347988,40276137,2024-12,HS10,2710191109
20,"NEW ORLEANS, LA",2XXX,CENTRAL AMERICA,CGP,LIGHT FUEL OILS GT=25 DEG API 15 TO 500 PPM SULFUR,13286315,BBL,1314688026,1314688026,1801613761,2024-12,HS10,2710191109
20,"NEW ORLEANS, LA",3310,ECUADOR,DET,LIGHT FUEL OILS GT=25 DEG API 15 TO 500 PPM SULFUR,284997,BBL,25665000,25665000,38700322,2024-12,HS10,2710191109
20,"NEW ORLEANS, LA",3570,ARGENTINA,DET,LIGHT FUEL OILS GT=25 DEG API 15 TO 500 PPM SULFUR,65000,BBL,6219841,6219841,8815797,2024-12,HS10,2710191109
20,"NEW ORLEANS, LA",3XXX,SOUTH AMERICA,CGP,LIGHT FUEL OILS GT=25 DEG API 15 TO 500 PPM SULFUR,349997,BBL,31884841,31884841,47516119,2024-12,HS10,2710191109
20,"NEW ORLEANS, LA",4210,NETHERLANDS,DET,LIGHT FUEL OILS GT=25 DEG API 15 TO 500 PPM SULFUR,749098,BBL,70433150,70433150,101241626,2024-12,HS10,2710191109
20,"NEW ORLEANS, LA",4231,BELGIUM,DET,LIGHT FUEL OILS GT=25 DEG API 15 TO 500 PPM SULFUR,298025,BBL,32030626,32030626,40371524,2024-12,HS10,2710191109
20,"NEW ORLEANS, LA",4700,SPAIN,DET,LIGHT FUEL OILS GT=25 DEG API 15 TO 500 PPM SULFUR,261391,BBL,22392717,22392717,35445567,2024-12,HS10,2710191109
20,"NEW ORLEANS, LA",4XXX,EUROPE,CGP,LIGHT FUEL OILS GT=25 DEG API 15 TO 500 PPM SULFUR,1308514,BBL,124856493,124856493,177058717,2024-12,HS10,2710191109
20,"NEW ORLEANS, LA",7440,SENEGAL,DET,LIGHT FUEL OILS GT=25 DEG API 15 TO 500 PPM SULFUR,300993,BBL,25376701,25376701,41021511,2024-12,HS10,2710191109
20,"NEW ORLEANS, LA",7XXX,AFRICA,CGP,LIGHT FUEL OILS GT=25 DEG API 15 TO 500 PPM SULFUR,300993,BBL,25376701,25376701,41021511,2024-12,HS10,2710191109
21,"PORT ARTHUR, TX",0020,USMCA (NAFTA),CGP,LIGHT FUEL OILS GT=25 DEG API 15 TO 500 PPM SULFUR,120017,BBL,11575309,11575309,16102195,2024-12,HS10,2710191109
21,"PORT ARTHUR, TX",0021,TWENTY LATIN AMERICAN REPUBLICS,CGP,LIGHT FUEL OILS GT=25 DEG API 15 TO 500 PPM SULFUR,690118,BBL,68444543,68444543,91584721,2024-12,HS10,2710191109
21,"PORT ARTHUR, TX",0022,OECD,CGP,LIGHT FUEL OILS GT=25 DEG API 15 TO 500 PPM SULFUR,120017,BBL,11575309,11575309,16102195,2024-12,HS10,2710191109
21,"PORT ARTHUR, TX",0024,LAFTA,CGP,LIGHT FUEL OILS GT=25 DEG API 15 TO 500 PPM SULFUR,690118,BBL,68444543,68444543,91584721,2024-12,HS10,2710191109
21,"PORT ARTHUR, TX",0026,APEC,CGP,LIGHT FUEL OILS GT=25 DEG API 15 TO 500 PPM SULFUR,120017,BBL,11575309,11575309,16102195,2024-12,HS10,2710191109
21,"PORT ARTHUR, TX",1XXX,NORTH AMERICA,CGP,LIGHT FUEL OILS GT=25 DEG API 15 TO 500 PPM SULFUR,120017,BBL,11575309,11575309,16102195,2024-12,HS10,2710191109
21,"PORT ARTHUR, TX",2010,MEXICO,DET,LIGHT FUEL OILS GT=25 DEG API 15 TO 500 PPM SULFUR,120017,BBL,11575309,11575309,16102195,2024-12,HS10,2710191109
21,"PORT ARTHUR, TX",3310,ECUADOR,DET,LIGHT FUEL OILS GT=25 DEG API 15 TO 500 PPM SULFUR,570101,BBL,56869234,56869234,75482526,2024-12,HS10,2710191109
21,"PORT ARTHUR, TX",3XXX,SOUTH AMERICA,CGP,LIGHT FUEL OILS GT=25 DEG API 15 TO 500 PPM SULFUR,570101,BBL,56869234,56869234,75482526,2024-12,HS10,2710191109
23,"LAREDO, TX",0020,USMCA (NAFTA),CGP,LIGHT FUEL OILS GT=25 DEG API 15 TO 500 PPM SULFUR,145802,BBL,19093726,0,0,2024-12,HS10,2710191109
23,"LAREDO, TX",0021,TWENTY LATIN AMERICAN REPUBLICS,CGP,LIGHT FUEL OILS GT=25 DEG API 15 TO 500 PPM SULFUR,145802,BBL,19093726,0,0,2024-12,HS10,2710191109
23,"LAREDO, TX",0022,OECD,CGP,LIGHT FUEL OILS GT=25 DEG API 15 TO 500 PPM SULFUR,145802,BBL,19093726,0,0,2024-12,HS10,2710191109
23,"LAREDO, TX",0024,LAFTA,CGP,LIGHT FUEL OILS GT=25 DEG API 15 TO 500 PPM SULFUR,145802,BBL,19093726,0,0,2024-12,HS10,2710191109
23,"LAREDO, TX",0026,APEC,CGP,LIGHT FUEL OILS GT=25 DEG API 15 TO 500 PPM SULFUR,145802,BBL,19093726,0,0,2024-12,HS10,2710191109
23,"LAREDO, TX",1XXX,NORTH AMERICA,CGP,LIGHT FUEL OILS GT=25 DEG API 15 TO 500 PPM SULFUR,145802,BBL,19093726,0,0,2024-12,HS10,2710191109
23,"LAREDO, TX",2010,MEXICO,DET,LIGHT FUEL OILS GT=25 DEG API 15 TO 500 PPM SULFUR,145802,BBL,19093726,0,0,2024-12,HS10,2710191109
23,"LAREDO, TX",7140,MOROCCO,DET,LIGHT FUEL OILS GT=25 DEG API 15 TO 500 PPM SULFUR,165,BBL,21105,0,0,2024-12,HS10,2710191109
23,"LAREDO, TX",7XXX,AFRICA,CGP,LIGHT FUEL OILS GT=25 DEG API 15 TO 500 PPM SULFUR,165,BBL,21105,0,0,2024-12,HS10,2710191109
24,"EL PASO, TX",0020,USMCA (NAFTA),CGP,LIGHT FUEL OILS GT=25 DEG API 15 TO 500 PPM SULFUR,60537,BBL,8779581,0,0,2024-12,HS10,2710191109
24,"EL PASO, TX",0021,TWENTY LATIN AMERICAN REPUBLICS,CGP,LIGHT FUEL OILS GT=25 DEG API 15 TO 500 PPM SULFUR,60537,BBL,8779581,0,0,2024-12,HS10,2710191109
24,"EL PASO, TX",0022,OECD,CGP,LIGHT FUEL OILS GT=25 DEG API 15 TO 500 PPM SULFUR,60537,BBL,8779581,0,0,2024-12,HS10,2710191109
24,"EL PASO, TX",0024,LAFTA,CGP,LIGHT FUEL OILS GT=25 DEG API 15 TO 500 PPM SULFUR,60537,BBL,8779581,0,0,2024-12,HS10,2710191109
24,"EL PASO, TX",0026,APEC,CGP,LIGHT FUEL OILS GT=25 DEG API 15 TO 500 PPM SULFUR,60537,BBL,8779581,0,0,2024-12,HS10,2710191109
24,"EL PASO, TX",1XXX,NORTH AMERICA,CGP,LIGHT FUEL OILS GT=25 DEG API 15 TO 500 PPM SULFUR,60537,BBL,8779581,0,0,2024-12,HS10,2710191109
24,"EL PASO, TX",2010,MEXICO,DET,LIGHT FUEL OILS GT=25 DEG API 15 TO 500 PPM SULFUR,60537,BBL,8779581,0,0,2024-12,HS10,2710191109
26,"NOGALES, AZ",0020,USMCA (NAFTA),CGP,LIGHT FUEL OILS GT=25 DEG API 15 TO 500 PPM SULFUR,1837,BBL,169400,0,0,2024-12,HS10,2710191109
26,"NOGALES, AZ",0021,TWENTY LATIN AMERICAN REPUBLICS,CGP,LIGHT FUEL OILS GT=25 DEG API 15 TO 500 PPM SULFUR,1837,BBL,169400,0,0,2024-12,HS10,2710191109
26,"NOGALES, AZ",0022,OECD,CGP,LIGHT FUEL OILS GT=25 DEG API 15 TO 500 PPM SULFUR,1837,BBL,169400,0,0,2024-12,HS10,2710191109
26,"NOGALES, AZ",0024,LAFTA,CGP,LIGHT FUEL OILS GT=25 DEG API 15 TO 500 PPM SULFUR,1837,BBL,169400,0,0,2024-12,HS10,2710191109
26,"NOGALES, AZ",0026,APEC,CGP,LIGHT FUEL OILS GT=25 DEG API 15 TO 500 PPM SULFUR,1837,BBL,169400,0,0,2024-12,HS10,2710191109
26,"NOGALES, AZ",1XXX,NORTH AMERICA,CGP,LIGHT FUEL OILS GT=25 DEG API 15 TO 500 PPM SULFUR,1837,BBL,169400,0,0,2024-12,HS10,2710191109
26,"NOGALES, AZ",2010,MEXICO,DET,LIGHT FUEL OILS GT=25 DEG API 15 TO 500 PPM SULFUR,1837,BBL,169400,0,0,2024-12,HS10,2710191109
28,"SAN FRANCISCO, CA",0017,CAFTA-DR,CGP,LIGHT FUEL OILS GT=25 DEG API 15 TO 500 PPM SULFUR,35089,BBL,3923087,3923087,4600363,2024-12,HS10,2710191109
28,"SAN FRANCISCO, CA",0021,TWENTY LATIN AMERICAN REPUBLICS,CGP,LIGHT FUEL OILS GT=25 DEG API 15 TO 500 PPM SULFUR,185426,BBL,19062587,19062587,24484853,2024-12,HS10,2710191109
28,"SAN FRANCISCO, CA",0024,LAFTA,CGP,LIGHT FUEL OILS GT=25 DEG API 15 TO 500 PPM SULFUR,150337,BBL,15139500,15139500,19884490,2024-12,HS10,2710191109
28,"SAN FRANCISCO, CA",0028,CACM,CGP,LIGHT FUEL OILS GT=25 DEG API 15 TO 500 PPM SULFUR,35089,BBL,3923087,3923087,4600363,2024-12,HS10,2710191109
28,"SAN FRANCISCO, CA",2050,GUATEMALA,DET,LIGHT FUEL OILS GT=25 DEG API 15 TO 500 PPM SULFUR,20051,BBL,2241764,2241764,2628779,2024-12,HS10,2710191109
28,"SAN FRANCISCO, CA",2110,EL SALVADOR,DET,LIGHT FUEL OILS GT=25 DEG API 15 TO 500 PPM SULFUR,15038,BBL,1681323,1681323,1971584,2024-12,HS10,2710191109
28,"SAN FRANCISCO, CA",2XXX,CENTRAL AMERICA,CGP,LIGHT FUEL OILS GT=25 DEG API 15 TO 500 PPM SULFUR,35089,BBL,3923087,3923087,4600363,2024-12,HS10,2710191109
28,"SAN FRANCISCO, CA",3310,ECUADOR,DET,LIGHT FUEL OILS GT=25 DEG API 15 TO 500 PPM SULFUR,150337,BBL,15139500,15139500,19884490,2024-12,HS10,2710191109
28,"SAN FRANCISCO, CA",3XXX,SOUTH AMERICA,CGP,LIGHT FUEL OILS GT=25 DEG API 15 TO 500 PPM SULFUR,150337,BBL,15139500,15139500,19884490,2024-12,HS10,2710191109
30,"SEATTLE, WA",0020,USMCA (NAFTA),CGP,LIGHT FUEL OILS GT=25 DEG API 15 TO 500 PPM SULFUR,174977,BBL,18113335,18113335,27822740,2024-12,HS10,2710191109
30,"SEATTLE, WA",0021,TWENTY LATIN AMERICAN REPUBLICS,CGP,LIGHT FUEL OILS GT=25 DEG API 15 TO 500 PPM SULFUR,125176,BBL,12616250,12616250,17111969,2024-12,HS10,2710191109
30,"SEATTLE, WA",0022,OECD,CGP,LIGHT FUEL OILS GT=25 DEG API 15 TO 500 PPM SULFUR,174977,BBL,18113335,18113335,27822740,2024-12,HS10,2710191109
30,"SEATTLE, WA",0023,NATO,CGP,LIGHT FUEL OILS GT=25 DEG API 15 TO 500 PPM SULFUR,174977,BBL,18113335,18113335,27822740,2024-12,HS10,2710191109
30,"SEATTLE, WA",0024,LAFTA,CGP,LIGHT FUEL OILS GT=25 DEG API 15 TO 500 PPM SULFUR,125176,BBL,12616250,12616250,17111969,2024-12,HS10,2710191109
30,"SEATTLE, WA",0026,APEC,CGP,LIGHT FUEL OILS GT=25 DEG API 15 TO 500 PPM SULFUR,174977,BBL,18113335,18113335,27822740,2024-12,HS10,2710191109
30,"SEATTLE, WA",1220,CANADA,DET,LIGHT FUEL OILS GT=25 DEG API 15 TO 500 PPM SULFUR,174977,BBL,18113335,18113335,27822740,2024-12,HS10,2710191109
30,"SEATTLE, WA",1XXX,NORTH AMERICA,CGP,LIGHT FUEL OILS GT=25 DEG API 15 TO 500 PPM SULFUR,174977,BBL,18113335,18113335,27822740,2024-12,HS10,2710191109
30,"SEATTLE, WA",3310,ECUADOR,DET,LIGHT FUEL OILS GT=25 DEG API 15 TO 500 PPM SULFUR,125176,BBL,12616250,12616250,17111969,2024-12,HS10,2710191109
30,"SEATTLE, WA",3XXX,SOUTH AMERICA,CGP,LIGHT FUEL OILS GT=25 DEG API 15 TO 500 PPM SULFUR,125176,BBL,12616250,12616250,17111969,2024-12,HS10,2710191109
31,"ANCHORAGE, AK",0020,USMCA (NAFTA),CGP,LIGHT FUEL OILS GT=25 DEG API 15 TO 500 PPM SULFUR,191834,BBL,25613392,0,0,2024-12,HS10,2710191109
31,"ANCHORAGE, AK",0022,OECD,CGP,LIGHT FUEL OILS GT=25 DEG API 15 TO 500 PPM SULFUR,191834,BBL,25613392,0,0,2024-12,HS10,2710191109
31,"ANCHORAGE, AK",0023,NATO,CGP,LIGHT FUEL OILS GT=25 DEG API 15 TO 500 PPM SULFUR,191834,BBL,25613392,0,0,2024-12,HS10,2710191109
31,"ANCHORAGE, AK",0026,APEC,CGP,LIGHT FUEL OILS GT=25 DEG API 15 TO 500 PPM SULFUR,191834,BBL,25613392,0,0,2024-12,HS10,2710191109
31,"ANCHORAGE, AK",1220,CANADA,DET,LIGHT FUEL OILS GT=25 DEG API 15 TO 500 PPM SULFUR,191834,BBL,25613392,0,0,2024-12,HS10,2710191109
31,"ANCHORAGE, AK",1XXX,NORTH AMERICA,CGP,LIGHT FUEL OILS GT=25 DEG API 15 TO 500 PPM SULFUR,191834,BBL,25613392,0,0,2024-12,HS10,2710191109
34,"PEMBINA, ND",0020,USMCA (NAFTA),CGP,LIGHT FUEL OILS GT=25 DEG API 15 TO 500 PPM SULFUR,1222,BBL,141872,0,0,2024-12,HS10,2710191109
34,"PEMBINA, ND",0022,OECD,CGP,LIGHT FUEL OILS GT=25 DEG API 15 TO 500 PPM SULFUR,1222,BBL,141872,0,0,2024-12,HS10,2710191109
34,"PEMBINA, ND",0023,NATO,CGP,LIGHT FUEL OILS GT=25 DEG API 15 TO 500 PPM SULFUR,1222,BBL,141872,0,0,2024-12,HS10,2710191109
34,"PEMBINA, ND",0026,APEC,CGP,LIGHT FUEL OILS GT=25 DEG API 15 TO 500 PPM SULFUR,1222,BBL,141872,0,0,2024-12,HS10,2710191109
34,"PEMBINA, ND",1220,CANADA,DET,LIGHT FUEL OILS GT=25 DEG API 15 TO 500 PPM SULFUR,1222,BBL,141872,0,0,2024-12,HS10,2710191109
34,"PEMBINA, ND",1XXX,NORTH AMERICA,CGP,LIGHT FUEL OILS GT=25 DEG API 15 TO 500 PPM SULFUR,1222,BBL,141872,0,0,2024-12,HS10,2710191109
36,"DULUTH, MN",0020,USMCA (NAFTA),CGP,LIGHT FUEL OILS GT=25 DEG API 15 TO 500 PPM SULFUR,95,BBL,12393,0,0,2024-12,HS10,2710191109
36,"DULUTH, MN",0022,OECD,CGP,LIGHT FUEL OILS GT=25 DEG API 15 TO 500 PPM SULFUR,95,BBL,12393,0,0,2024-12,HS10,2710191109
36,"DULUTH, MN",0023,NATO,CGP,LIGHT FUEL OILS GT=25 DEG API 15 TO 500 PPM SULFUR,95,BBL,12393,0,0,2024-12,HS10,2710191109
36,"DULUTH, MN",0026,APEC,CGP,LIGHT FUEL OILS GT=25 DEG API 15 TO 500 PPM SULFUR,95,BBL,12393,0,0,2024-12,HS10,2710191109
36,"DULUTH, MN",1220,CANADA,DET,LIGHT FUEL OILS GT=25 DEG API 15 TO 500 PPM SULFUR,95,BBL,12393,0,0,2024-12,HS10,2710191109
36,"DULUTH, MN",1XXX,NORTH AMERICA,CGP,LIGHT FUEL OILS GT=25 DEG API 15 TO 500 PPM SULFUR,95,BBL,12393,0,0,2024-12,HS10,2710191109
38,"DETROIT, MI",0020,USMCA (NAFTA),CGP,LIGHT FUEL OILS GT=25 DEG API 15 TO 500 PPM SULFUR,169140,BBL,17227703,4281632,6540216,2024-12,HS10,2710191109
38,"DETROIT, MI",0022,OECD,CGP,LIGHT FUEL OILS GT=25 DEG API 15 TO 500 PPM SULFUR,169140,BBL,17227703,4281632,6540216,2024-12,HS10,2710191109
38,"DETROIT, MI",0023,NATO,CGP,LIGHT FUEL OILS GT=25 DEG API 15 TO 500 PPM SULFUR,169140,BBL,17227703,4281632,6540216,2024-12,HS10,2710191109
38,"DETROIT, MI",0026,APEC,CGP,LIGHT FUEL OILS GT=25 DEG API 15 TO 500 PPM SULFUR,169140,BBL,17227703,4281632,6540216,2024-12,HS10,2710191109
38,"DETROIT, MI",1220,CANADA,DET,LIGHT FUEL OILS GT=25 DEG API 15 TO 500 PPM SULFUR,169140,BBL,17227703,4281632,6540216,2024-12,HS10,2710191109
38,"DETROIT, MI",1XXX,NORTH AMERICA,CGP,LIGHT FUEL OILS GT=25 DEG API 15 TO 500 PPM SULFUR,169140,BBL,17227703,4281632,6540216,2024-12,HS10,2710191109
39,"CHICAGO, IL",5330,INDIA,DET,LIGHT FUEL OILS GT=25 DEG API 15 TO 500 PPM SULFUR,205,BBL,27715,0,0,2024-12,HS10,2710191109
39,"CHICAGO, IL",5XXX,ASIA,CGP,LIGHT FUEL OILS GT=25 DEG API 15 TO 500 PPM SULFUR,205,BBL,27715,0,0,2024-12,HS10,2710191109
51,U.S. VIRGIN ISLANDS,2410,JAMAICA,DET,LIGHT FUEL OILS GT=25 DEG API 15 TO 500 PPM SULFUR,15452,BBL,1369805,1369805,2059555,2024-12,HS10,2710191109
51,U.S. VIRGIN ISLANDS,2482,BRITISH VIRGIN ISLANDS,DET,LIGHT FUEL OILS GT=25 DEG API 15 TO 500 PPM SULFUR,19943,BBL,2126823,2126823,2672578,2024-12,HS10,2710191109
51,U.S. VIRGIN ISLANDS,2484,ANTIGUA AND BARBUDA,DET,LIGHT FUEL OILS GT=25 DEG API 15 TO 500 PPM SULFUR,16195,BBL,1694856,1694856,2193825,2024-12,HS10,2710191109
51,U.S. VIRGIN ISLANDS,2720,BARBADOS,DET,LIGHT FUEL OILS GT=25 DEG API 15 TO 500 PPM SULFUR,56542,BBL,5589914,5589914,7625997,2024-12,HS10,2710191109
51,U.S. VIRGIN ISLANDS,2774,SINT MAARTEN,DET,LIGHT FUEL OILS GT=25 DEG API 15 TO 500 PPM SULFUR,3783,BBL,330341,330341,511788,2024-12,HS10,2710191109
51,U.S. VIRGIN ISLANDS,2831,GUADELOUPE,DET,LIGHT FUEL OILS GT=25 DEG API 15 TO 500 PPM SULFUR,168713,BBL,17219630,17219630,22505944,2024-12,HS10,2710191109
51,U.S. VIRGIN ISLANDS,2839,MARTINIQUE,DET,LIGHT FUEL OILS GT=25 DEG API 15 TO 500 PPM SULFUR,265396,BBL,23672118,23672118,35341374,2024-12,HS10,2710191109
51,U.S. VIRGIN ISLANDS,2XXX,CENTRAL AMERICA,CGP,LIGHT FUEL OILS GT=25 DEG API 15 TO 500 PPM SULFUR,546024,BBL,52003487,52003487,72911061,2024-12,HS10,2710191109
51,U.S. VIRGIN ISLANDS,3120,GUYANA,DET,LIGHT FUEL OILS GT=25 DEG API 15 TO 500 PPM SULFUR,231553,BBL,23428051,23428051,31138249,2024-12,HS10,2710191109
51,U.S. VIRGIN ISLANDS,3150,SURINAME,DET,LIGHT FUEL OILS GT=25 DEG API 15 TO 500 PPM SULFUR,16538,BBL,1726358,1726358,2220113,2024-12,HS10,2710191109
51,U.S. VIRGIN ISLANDS,3XXX,SOUTH AMERICA,CGP,LIGHT FUEL OILS GT=25 DEG API 15 TO 500 PPM SULFUR,248091,BBL,25154409,25154409,33358362,2024-12,HS10,2710191109
52,"MIAMI, FL",0017,CAFTA-DR,CGP,LIGHT FUEL OILS GT=25 DEG API 15 TO 500 PPM SULFUR,807,BBL,77284,77284,117309,2024-12,HS10,2710191109
52,"MIAMI, FL",0021,TWENTY LATIN AMERICAN REPUBLICS,CGP,LIGHT FUEL OILS GT=25 DEG API 15 TO 500 PPM SULFUR,863,BBL,84824,84824,125449,2024-12,HS10,2710191109
52,"MIAMI, FL",0022,OECD,CGP,LIGHT FUEL OILS GT=25 DEG API 15 TO 500 PPM SULFUR,85,BBL,11526,11526,12356,2024-12,HS10,2710191109
52,"MIAMI, FL",0024,LAFTA,CGP,LIGHT FUEL OILS GT=25 DEG API 15 TO 500 PPM SULFUR,56,BBL,7540,7540,8140,2024-12,HS10,2710191109
52,"MIAMI, FL",0028,CACM,CGP,LIGHT FUEL OILS GT=25 DEG API 15 TO 500 PPM SULFUR,807,BBL,77284,77284,117309,2024-12,HS10,2710191109
52,"MIAMI, FL",2150,HONDURAS,DET,LIGHT FUEL OILS GT=25 DEG API 15 TO 500 PPM SULFUR,722,BBL,65758,65758,104953,2024-12,HS10,2710191109
52,"MIAMI, FL",2230,COSTA RICA,DET,LIGHT FUEL OILS GT=25 DEG API 15 TO 500 PPM SULFUR,85,BBL,11526,11526,12356,2024-12,HS10,2710191109
52,"MIAMI, FL",2XXX,CENTRAL AMERICA,CGP,LIGHT FUEL OILS GT=25 DEG API 15 TO 500 PPM SULFUR,807,BBL,77284,77284,117309,2024-12,HS10,2710191109
52,"MIAMI, FL",3310,ECUADOR,DET,LIGHT FUEL OILS GT=25 DEG API 15 TO 500 PPM SULFUR,56,BBL,7540,7540,8140,2024-12,HS10,2710191109
52,"MIAMI, FL",3XXX,SOUTH AMERICA,CGP,LIGHT FUEL OILS GT=25 DEG API 15 TO 500 PPM SULFUR,56,BBL,7540,7540,8140,2024-12,HS10,2710191109
53,"HOUSTON-GALVESTON, TX",0003,EUROPEAN UNION,CGP,LIGHT FUEL OILS GT=25 DEG API 15 TO 500 PPM SULFUR,16670,BBL,1353977,1353977,2261549,2024-12,HS10,2710191109
53,"HOUSTON-GALVESTON, TX",0017,CAFTA-DR,CGP,LIGHT FUEL OILS GT=25 DEG API 15 TO 500 PPM SULFUR,10532934,BBL,1002513765,1002513765,1373683421,2024-12,HS10,2710191109
53,"HOUSTON-GALVESTON, TX",0020,USMCA (NAFTA),CGP,LIGHT FUEL OILS GT=25 DEG API 15 TO 500 PPM SULFUR,1205472,BBL,120998702,120998702,191679538,2024-12,HS10,2710191109
53,"HOUSTON-GALVESTON, TX",0021,TWENTY LATIN AMERICAN REPUBLICS,CGP,LIGHT FUEL OILS GT=25 DEG API 15 TO 500 PPM SULFUR,10817505,BBL,1027978873,1027978873,1411590951,2024-12,HS10,2710191109
53,"HOUSTON-GALVESTON, TX",0022,OECD,CGP,LIGHT FUEL OILS GT=25 DEG API 15 TO 500 PPM SULFUR,1222142,BBL,122352679,122352679,193941087,2024-12,HS10,2710191109
53,"HOUSTON-GALVESTON, TX",0023,NATO,CGP,LIGHT FUEL OILS GT=25 DEG API 15 TO 500 PPM SULFUR,1222142,BBL,122352679,122352679,193941087,2024-12,HS10,2710191109
53,"HOUSTON-GALVESTON, TX",0024,LAFTA,CGP,LIGHT FUEL OILS GT=25 DEG API 15 TO 500 PPM SULFUR,284571,BBL,25465108,25465108,37907530,2024-12,HS10,2710191109
53,"HOUSTON-GALVESTON, TX",0025,EURO AREA,CGP,LIGHT FUEL OILS GT=25 DEG API 15 TO 500 PPM SULFUR,16670,BBL,1353977,1353977,2261549,2024-12,HS10,2710191109
53,"HOUSTON-GALVESTON, TX",0026,APEC,CGP,LIGHT FUEL OILS GT=25 DEG API 15 TO 500 PPM SULFUR,1205472,BBL,120998702,120998702,191679538,2024-12,HS10,2710191109
53,"HOUSTON-GALVESTON, TX",0028,CACM,CGP,LIGHT FUEL OILS GT=25 DEG API 15 TO 500 PPM SULFUR,10532934,BBL,1002513765,1002513765,1373683421,2024-12,HS10,2710191109
53,"HOUSTON-GALVESTON, TX",1220,CANADA,DET,LIGHT FUEL OILS GT=25 DEG API 15 TO 500 PPM SULFUR,1205472,BBL,120998702,120998702,191679538,2024-12,HS10,2710191109
53,"HOUSTON-GALVESTON, TX",1XXX,NORTH AMERICA,CGP,LIGHT FUEL OILS GT=25 DEG API 15 TO 500 PPM SULFUR,1205472,BBL,120998702,120998702,191679538,2024-12,HS10,2710191109
53,"HOUSTON-GALVESTON, TX",2050,GUATEMALA,DET,LIGHT FUEL OILS GT=25 DEG API 15 TO 500 PPM SULFUR,3584394,BBL,345922486,345922486,467099061,2024-12,HS10,2710191109
53,"HOUSTON-GALVESTON, TX",2080,BELIZE,DET,LIGHT FUEL OILS GT=25 DEG API 15 TO 500 PPM SULFUR,588531,BBL,56331888,56331888,76180464,2024-12,HS10,2710191109
53,"HOUSTON-GALVESTON, TX",2110,EL SALVADOR,DET,LIGHT FUEL OILS GT=25 DEG API 15 TO 500 PPM SULFUR,810750,BBL,77301395,77301395,104135394,2024-12,HS10,2710191109
53,"HOUSTON-GALVESTON, TX",2150,HONDURAS,DET,LIGHT FUEL OILS GT=25 DEG API 15 TO 500 PPM SULFUR,5007195,BBL,474925885,474925885,655373024,2024-12,HS10,2710191109
53,"HOUSTON-GALVESTON, TX",2190,NICARAGUA,DET,LIGHT FUEL OILS GT=25 DEG API 15 TO 500 PPM SULFUR,1130595,BBL,104363999,104363999,147075942,2024-12,HS10,2710191109
53,"HOUSTON-GALVESTON, TX",2360,BAHAMAS,DET,LIGHT FUEL OILS GT=25 DEG API 15 TO 500 PPM SULFUR,120169,BBL,10546033,10546033,15810326,2024-12,HS10,2710191109
53,"HOUSTON-GALVESTON, TX",2740,TRINIDAD AND TOBAGO,DET,LIGHT FUEL OILS GT=25 DEG API 15 TO 500 PPM SULFUR,101806,BBL,10067291,10067291,13485721,2024-12,HS10,2710191109
53,"HOUSTON-GALVESTON, TX",2831,GUADELOUPE,DET,LIGHT FUEL OILS GT=25 DEG API 15 TO 500 PPM SULFUR,39745,BBL,3795422,3795422,5284003,2024-12,HS10,2710191109
53,"HOUSTON-GALVESTON, TX",2XXX,CENTRAL AMERICA,CGP,LIGHT FUEL OILS GT=25 DEG API 15 TO 500 PPM SULFUR,11383185,BBL,1083254399,1083254399,1484443935,2024-12,HS10,2710191109
53,"HOUSTON-GALVESTON, TX",3310,ECUADOR,DET,LIGHT FUEL OILS GT=25 DEG API 15 TO 500 PPM SULFUR,284571,BBL,25465108,25465108,37907530,2024-12,HS10,2710191109
53,"HOUSTON-GALVESTON, TX",3XXX,SOUTH AMERICA,CGP,LIGHT FUEL OILS GT=25 DEG API 15 TO 500 PPM SULFUR,284571,BBL,25465108,25465108,37907530,2024-12,HS10,2710191109
53,"HOUSTON-GALVESTON, TX",4210,NETHERLANDS,DET,LIGHT FUEL OILS GT=25 DEG API 15 TO 500 PPM SULFUR,16670,BBL,1353977,1353977,2261549,2024-12,HS10,2710191109
53,"HOUSTON-GALVESTON, TX",4XXX,EUROPE,CGP,LIGHT FUEL OILS GT=25 DEG API 15 TO 500 PPM SULFUR,16670,BBL,1353977,1353977,2261549,2024-12,HS10,2710191109
53,"HOUSTON-GALVESTON, TX",7650,LIBERIA,DET,LIGHT FUEL OILS GT=25 DEG API 15 TO 500 PPM SULFUR,49815,BBL,4633785,4633785,7241866,2024-12,HS10,2710191109
53,"HOUSTON-GALVESTON, TX",7XXX,AFRICA,CGP,LIGHT FUEL OILS GT=25 DEG API 15 TO 500 PPM SULFUR,49815,BBL,4633785,4633785,7241866,2024-12,HS10,2710191109
-,TOTAL FOR ALL DISTRICTS,0003,EUROPEAN UNION,CGP,LIGHT FUEL OILS GT=25 DEG API 15 TO 500 PPM SULFUR,1473170,BBL,142080470,142080470,199536246,2024-12,HS10,2710191109
-,TOTAL FOR ALL DISTRICTS,0017,CAFTA-DR,CGP,LIGHT FUEL OILS GT=25 DEG API 15 TO 500 PPM SULFUR,27973833,BBL,2720216795,2720216795,3741749453,2024-12,HS10,2710191109
-,TOTAL FOR ALL DISTRICTS,0020,USMCA (NAFTA),CGP,LIGHT FUEL OILS GT=25 DEG API 15 TO 500 PPM SULFUR,2630881,BBL,288709743,195853532,294987021,2024-12,HS10,2710191109
-,TOTAL FOR ALL DISTRICTS,0021,TWENTY LATIN AMERICAN REPUBLICS,CGP,LIGHT FUEL OILS GT=25 DEG API 15 TO 500 PPM SULFUR,31221355,BBL,3042179082,3014136375,4150452982,2024-12,HS10,2710191109
-,TOTAL FOR ALL DISTRICTS,0022,OECD,CGP,LIGHT FUEL OILS GT=25 DEG API 15 TO 500 PPM SULFUR,4154136,BBL,436051739,343195528,501370769,2024-12,HS10,2710191109
-,TOTAL FOR ALL DISTRICTS,0023,NATO,CGP,LIGHT FUEL OILS GT=25 DEG API 15 TO 500 PPM SULFUR,3676630,BBL,377556191,312742687,465342926,2024-12,HS10,2710191109
-,TOTAL FOR ALL DISTRICTS,0024,LAFTA,CGP,LIGHT FUEL OILS GT=25 DEG API 15 TO 500 PPM SULFUR,1957659,BBL,200466495,172423788,233926261,2024-12,HS10,2710191109
-,TOTAL FOR ALL DISTRICTS,0025,EURO AREA,CGP,LIGHT FUEL OILS GT=25 DEG API 15 TO 500 PPM SULFUR,1473170,BBL,142080470,142080470,199536246,2024-12,HS10,2710191109
-,TOTAL FOR ALL DISTRICTS,0026,APEC,CGP,LIGHT FUEL OILS GT=25 DEG API 15 TO 500 PPM SULFUR,2630881,BBL,288709743,195853532,294987021,2024-12,HS10,2710191109
-,TOTAL FOR ALL DISTRICTS,0028,CACM,CGP,LIGHT FUEL OILS GT=25 DEG API 15 TO 500 PPM SULFUR,27482862,BBL,2675954969,2675954969,3675802078,2024-12,HS10,2710191109
-,TOTAL FOR ALL DISTRICTS,1220,CANADA,DET,LIGHT FUEL OILS GT=25 DEG API 15 TO 500 PPM SULFUR,2203460,BBL,235475721,170662217,265806680,2024-12,HS10,2710191109
-,TOTAL FOR ALL DISTRICTS,1XXX,NORTH AMERICA,CGP,LIGHT FUEL OILS GT=25 DEG API 15 TO 500 PPM SULFUR,2630881,BBL,288709743,195853532,294987021,2024-12,HS10,2710191109
-,TOTAL FOR ALL DISTRICTS,2010,MEXICO,DET,LIGHT FUEL OILS GT=25 DEG API 15 TO 500 PPM SULFUR,427421,BBL,53234022,25191315,29180341,2024-12,HS10,2710191109
-,TOTAL FOR ALL DISTRICTS,2050,GUATEMALA,DET,LIGHT FUEL OILS GT=25 DEG API 15 TO 500 PPM SULFUR,12579662,BBL,1231837816,1231837816,1689173194,2024-12,HS10,2710191109
-,TOTAL FOR ALL DISTRICTS,2080,BELIZE,DET,LIGHT FUEL OILS GT=25 DEG API 15 TO 500 PPM SULFUR,588531,BBL,56331888,56331888,76180464,2024-12,HS10,2710191109
-,TOTAL FOR ALL DISTRICTS,2110,EL SALVADOR,DET,LIGHT FUEL OILS GT=25 DEG API 15 TO 500 PPM SULFUR,4718812,BBL,464093584,464093584,634671977,2024-12,HS10,2710191109
-,TOTAL FOR ALL DISTRICTS,2150,HONDURAS,DET,LIGHT FUEL OILS GT=25 DEG API 15 TO 500 PPM SULFUR,7696431,BBL,736964329,736964329,1020462398,2024-12,HS10,2710191109
-,TOTAL FOR ALL DISTRICTS,2190,NICARAGUA,DET,LIGHT FUEL OILS GT=25 DEG API 15 TO 500 PPM SULFUR,2487872,BBL,243047714,243047714,331482153,2024-12,HS10,2710191109
-,TOTAL FOR ALL DISTRICTS,2230,COSTA RICA,DET,LIGHT FUEL OILS GT=25 DEG API 15 TO 500 PPM SULFUR,85,BBL,11526,11526,12356,2024-12,HS10,2710191109
-,TOTAL FOR ALL DISTRICTS,2250,PANAMA,DET,LIGHT FUEL OILS GT=25 DEG API 15 TO 500 PPM SULFUR,1289863,BBL,121495792,121495792,174777268,2024-12,HS10,2710191109
-,TOTAL FOR ALL DISTRICTS,2360,BAHAMAS,DET,LIGHT FUEL OILS GT=25 DEG API 15 TO 500 PPM SULFUR,484073,BBL,51038090,51038090,64911529,2024-12,HS10,2710191109
-,TOTAL FOR ALL DISTRICTS,2410,JAMAICA,DET,LIGHT FUEL OILS GT=25 DEG API 15 TO 500 PPM SULFUR,15452,BBL,1369805,1369805,2059555,2024-12,HS10,2710191109
-,TOTAL FOR ALL DISTRICTS,2470,DOMINICAN REPUBLIC,DET,LIGHT FUEL OILS GT=25 DEG API 15 TO 500 PPM SULFUR,490971,BBL,44261826,44261826,65947375,2024-12,HS10,2710191109
-,TOTAL FOR ALL DISTRICTS,2482,BRITISH VIRGIN ISLANDS,DET,LIGHT FUEL OILS GT=25 DEG API 15 TO 500 PPM SULFUR,19943,BBL,2126823,2126823,2672578,2024-12,HS10,2710191109
-,TOTAL FOR ALL DISTRICTS,2484,ANTIGUA AND BARBUDA,DET,LIGHT FUEL OILS GT=25 DEG API 15 TO 500 PPM SULFUR,16195,BBL,1694856,1694856,2193825,2024-12,HS10,2710191109
-,TOTAL FOR ALL DISTRICTS,2720,BARBADOS,DET,LIGHT FUEL OILS GT=25 DEG API 15 TO 500 PPM SULFUR,56542,BBL,5589914,5589914,7625997,2024-12,HS10,2710191109
-,TOTAL FOR ALL DISTRICTS,2740,TRINIDAD AND TOBAGO,DET,LIGHT FUEL OILS GT=25 DEG API 15 TO 500 PPM SULFUR,101806,BBL,10067291,10067291,13485721,2024-12,HS10,2710191109
-,TOTAL FOR ALL DISTRICTS,2774,SINT MAARTEN,DET,LIGHT FUEL OILS GT=25 DEG API 15 TO 500 PPM SULFUR,3783,BBL,330341,330341,511788,2024-12,HS10,2710191109
-,TOTAL FOR ALL DISTRICTS,2777,CURACAO,DET,LIGHT FUEL OILS GT=25 DEG API 15 TO 500 PPM SULFUR,300016,BBL,26347988,26347988,40276137,2024-12,HS10,2710191109
-,TOTAL FOR ALL DISTRICTS,2831,GUADELOUPE,DET,LIGHT FUEL OILS GT=25 DEG API 15 TO 500 PPM SULFUR,208458,BBL,21015052,21015052,27789947,2024-12,HS10,2710191109
-,TOTAL FOR ALL DISTRICTS,2839,MARTINIQUE,DET,LIGHT FUEL OILS GT=25 DEG API 15 TO 500 PPM SULFUR,265396,BBL,23672118,23672118,35341374,2024-12,HS10,2710191109
-,TOTAL FOR ALL DISTRICTS,2XXX,CENTRAL AMERICA,CGP,LIGHT FUEL OILS GT=25 DEG API 15 TO 500 PPM SULFUR,31323891,BBL,3041296753,3041296753,4189575636,2024-12,HS10,2710191109
-,TOTAL FOR ALL DISTRICTS,3010,COLOMBIA,DET,LIGHT FUEL OILS GT=25 DEG API 15 TO 500 PPM SULFUR,50000,BBL,5250000,5250000,6835146,2024-12,HS10,2710191109
-,TOTAL FOR ALL DISTRICTS,3120,GUYANA,DET,LIGHT FUEL OILS GT=25 DEG API 15 TO 500 PPM SULFUR,231553,BBL,23428051,23428051,31138249,2024-12,HS10,2710191109
-,TOTAL FOR ALL DISTRICTS,3150,SURINAME,DET,LIGHT FUEL OILS GT=25 DEG API 15 TO 500 PPM SULFUR,16538,BBL,1726358,1726358,2220113,2024-12,HS10,2710191109
-,TOTAL FOR ALL DISTRICTS,3310,ECUADOR,DET,LIGHT FUEL OILS GT=25 DEG API 15 TO 500 PPM SULFUR,1415238,BBL,135762632,135762632,189094977,2024-12,HS10,2710191109
-,TOTAL FOR ALL DISTRICTS,3570,ARGENTINA,DET,LIGHT FUEL OILS GT=25 DEG API 15 TO 500 PPM SULFUR,65000,BBL,6219841,6219841,8815797,2024-12,HS10,2710191109
-,TOTAL FOR ALL DISTRICTS,3XXX,SOUTH AMERICA,CGP,LIGHT FUEL OILS GT=25 DEG API 15 TO 500 PPM SULFUR,1778329,BBL,172386882,172386882,238104282,2024-12,HS10,2710191109
-,TOTAL FOR ALL DISTRICTS,4210,NETHERLANDS,DET,LIGHT FUEL OILS GT=25 DEG API 15 TO 500 PPM SULFUR,913754,BBL,87657127,87657127,123719155,2024-12,HS10,2710191109
-,TOTAL FOR ALL DISTRICTS,4231,BELGIUM,DET,LIGHT FUEL OILS GT=25 DEG API 15 TO 500 PPM SULFUR,298025,BBL,32030626,32030626,40371524,2024-12,HS10,2710191109
-,TOTAL FOR ALL DISTRICTS,4700,SPAIN,DET,LIGHT FUEL OILS GT=25 DEG API 15 TO 500 PPM SULFUR,261391,BBL,22392717,22392717,35445567,2024-12,HS10,2710191109
-,TOTAL FOR ALL DISTRICTS,4XXX,EUROPE,CGP,LIGHT FUEL OILS GT=25 DEG API 15 TO 500 PPM SULFUR,1473170,BBL,142080470,142080470,199536246,2024-12,HS10,2710191109
-,TOTAL FOR ALL DISTRICTS,5330,INDIA,DET,LIGHT FUEL OILS GT=25 DEG API 15 TO 500 PPM SULFUR,205,BBL,27715,0,0,2024-12,HS10,2710191109
-,TOTAL FOR ALL DISTRICTS,5XXX,ASIA,CGP,LIGHT FUEL OILS GT=25 DEG API 15 TO 500 PPM SULFUR,205,BBL,27715,0,0,2024-12,HS10,2710191109
-,TOTAL FOR ALL DISTRICTS,7140,MOROCCO,DET,LIGHT FUEL OILS GT=25 DEG API 15 TO 500 PPM SULFUR,165,BBL,21105,0,0,2024-12,HS10,2710191109
-,TOTAL FOR ALL DISTRICTS,7440,SENEGAL,DET,LIGHT FUEL OILS GT=25 DEG API 15 TO 500 PPM SULFUR,300993,BBL,25376701,25376701,41021511,2024-12,HS10,2710191109
-,TOTAL FOR ALL DISTRICTS,7650,LIBERIA,DET,LIGHT FUEL OILS GT=25 DEG API 15 TO 500 PPM SULFUR,49815,BBL,4633785,4633785,7241866,2024-12,HS10,2710191109
-,TOTAL FOR ALL DISTRICTS,7XXX,AFRICA,CGP,LIGHT FUEL OILS GT=25 DEG API 15 TO 500 PPM SULFUR,350973,BBL,30031591,30010486,48263377,2024-12,HS10,2710191109
10,"NEW YORK CITY, NY",-,TOTAL FOR ALL COUNTRIES,DET,"LIGHT FUEL OIL GT=25 DEG API, GT 500 PPM SULFUR",327838,BBL,37277437,37277437,43659439,2024-12,HS10,2710191112
19,"MOBILE, AL",-,TOTAL FOR ALL COUNTRIES,DET,"LIGHT FUEL OIL GT=25 DEG API, GT 500 PPM SULFUR",68598,BBL,5509083,5509083,9203507,2024-12,HS10,2710191112
20,"NEW ORLEANS, LA",-,TOTAL FOR ALL COUNTRIES,DET,"LIGHT FUEL OIL GT=25 DEG API, GT 500 PPM SULFUR",5045661,BBL,479803202,479803202,680553747,2024-12,HS10,2710191112
21,"PORT ARTHUR, TX",-,TOTAL FOR ALL COUNTRIES,DET,"LIGHT FUEL OIL GT=25 DEG API, GT 500 PPM SULFUR",589975,BBL,54029709,54029709,78412370,2024-12,HS10,2710191112
23,"LAREDO, TX",-,TOTAL FOR ALL COUNTRIES,DET,"LIGHT FUEL OIL GT=25 DEG API, GT 500 PPM SULFUR",68660,BBL,8210390,0,0,2024-12,HS10,2710191112
24,"EL PASO, TX",-,TOTAL FOR ALL COUNTRIES,DET,"LIGHT FUEL OIL GT=25 DEG API, GT 500 PPM SULFUR",376764,BBL,48560595,0,0,2024-12,HS10,2710191112
26,"NOGALES, AZ",-,TOTAL FOR ALL COUNTRIES,DET,"LIGHT FUEL OIL GT=25 DEG API, GT 500 PPM SULFUR",32250,BBL,3654960,0,0,2024-12,HS10,2710191112
30,"SEATTLE, WA",-,TOTAL FOR ALL COUNTRIES,DET,"LIGHT FUEL OIL GT=25 DEG API, GT 500 PPM SULFUR",2026,BBL,307204,0,0,2024-12,HS10,2710191112
31,"ANCHORAGE, AK",-,TOTAL FOR ALL COUNTRIES,DET,"LIGHT FUEL OIL GT=25 DEG API, GT 500 PPM SULFUR",196877,BBL,22320960,0,0,2024-12,HS10,2710191112
33,"GREAT FALLS, MT",-,TOTAL FOR ALL COUNTRIES,DET,"LIGHT FUEL OIL GT=25 DEG API, GT 500 PPM SULFUR",1986,BBL,330178,0,0,2024-12,HS10,2710191112
34,"PEMBINA, ND",-,TOTAL FOR ALL COUNTRIES,DET,"LIGHT FUEL OIL GT=25 DEG API, GT 500 PPM SULFUR",5309,BBL,910391,0,0,2024-12,HS10,2710191112
36,"DULUTH, MN",-,TOTAL FOR ALL COUNTRIES,DET,"LIGHT FUEL OIL GT=25 DEG API, GT 500 PPM SULFUR",3701,BBL,717259,0,0,2024-12,HS10,2710191112
38,"DETROIT, MI",-,TOTAL FOR ALL COUNTRIES,DET,"LIGHT FUEL OIL GT=25 DEG API, GT 500 PPM SULFUR",57946,BBL,6264070,0,0,2024-12,HS10,2710191112
49,"SAN JUAN, PR",-,TOTAL FOR ALL COUNTRIES,DET,"LIGHT FUEL OIL GT=25 DEG API, GT 500 PPM SULFUR",22083,BBL,2518742,2518742,2917775,2024-12,HS10,2710191112
51,U.S. VIRGIN ISLANDS,-,TOTAL FOR ALL COUNTRIES,DET,"LIGHT FUEL OIL GT=25 DEG API, GT 500 PPM SULFUR",2410417,BBL,231286751,231286751,323673235,2024-12,HS10,2710191112
53,"HOUSTON-GALVESTON, TX",-,TOTAL FOR ALL COUNTRIES,DET,"LIGHT FUEL OIL GT=25 DEG API, GT 500 PPM SULFUR",18021929,BBL,1759486961,1759486961,2418820591,2024-12,HS10,2710191112
-,TOTAL FOR ALL DISTRICTS,-,TOTAL FOR ALL COUNTRIES,DET,"LIGHT FUEL OIL GT=25 DEG API, GT 500 PPM SULFUR",27232020,BBL,2661187892,2569911885,3557240664,2024-12,HS10,2710191112
10,"NEW YORK CITY, NY",0003,EUROPEAN UNION,CGP,"LIGHT FUEL OIL GT=25 DEG API, GT 500 PPM SULFUR",327838,BBL,37277437,37277437,43659439,2024-12,HS10,2710191112
10,"NEW YORK CITY, NY",0022,OECD,CGP,"LIGHT FUEL OIL GT=25 DEG API, GT 500 PPM SULFUR",327838,BBL,37277437,37277437,43659439,2024-12,HS10,2710191112
10,"NEW YORK CITY, NY",0023,NATO,CGP,"LIGHT FUEL OIL GT=25 DEG API, GT 500 PPM SULFUR",327838,BBL,37277437,37277437,43659439,2024-12,HS10,2710191112
10,"NEW YORK CITY, NY",0025,EURO AREA,CGP,"LIGHT FUEL OIL GT=25 DEG API, GT 500 PPM SULFUR",327838,BBL,37277437,37277437,43659439,2024-12,HS10,2710191112
10,"NEW YORK CITY, NY",4210,NETHERLANDS,DET,"LIGHT FUEL OIL GT=25 DEG API, GT 500 PPM SULFUR",327838,BBL,37277437,37277437,43659439,2024-12,HS10,2710191112
10,"NEW YORK CITY, NY",4XXX,EUROPE,CGP,"LIGHT FUEL OIL GT=25 DEG API, GT 500 PPM SULFUR",327838,BBL,37277437,37277437,43659439,2024-12,HS10,2710191112
19,"MOBILE, AL",0021,TWENTY LATIN AMERICAN REPUBLICS,CGP,"LIGHT FUEL OIL GT=25 DEG API, GT 500 PPM SULFUR",68598,BBL,5509083,5509083,9203507,2024-12,HS10,2710191112
19,"MOBILE, AL",2250,PANAMA,DET,"LIGHT FUEL OIL GT=25 DEG API, GT 500 PPM SULFUR",68598,BBL,5509083,5509083,9203507,2024-12,HS10,2710191112
19,"MOBILE, AL",2XXX,CENTRAL AMERICA,CGP,"LIGHT FUEL OIL GT=25 DEG API, GT 500 PPM SULFUR",68598,BBL,5509083,5509083,9203507,2024-12,HS10,2710191112
20,"NEW ORLEANS, LA",0003,EUROPEAN UNION,CGP,"LIGHT FUEL OIL GT=25 DEG API, GT 500 PPM SULFUR",658203,BBL,63307322,63307322,90550184,2024-12,HS10,2710191112
20,"NEW ORLEANS, LA",0017,CAFTA-DR,CGP,"LIGHT FUEL OIL GT=25 DEG API, GT 500 PPM SULFUR",1146631,BBL,107850992,107850992,153958159,2024-12,HS10,2710191112
20,"NEW ORLEANS, LA",0021,TWENTY LATIN AMERICAN REPUBLICS,CGP,"LIGHT FUEL OIL GT=25 DEG API, GT 500 PPM SULFUR",1778771,BBL,166147784,166147784,239488212,2024-12,HS10,2710191112
20,"NEW ORLEANS, LA",0022,OECD,CGP,"LIGHT FUEL OIL GT=25 DEG API, GT 500 PPM SULFUR",1230033,BBL,109095639,109095639,164593153,2024-12,HS10,2710191112
20,"NEW ORLEANS, LA",0023,NATO,CGP,"LIGHT FUEL OIL GT=25 DEG API, GT 500 PPM SULFUR",1230033,BBL,109095639,109095639,164593153,2024-12,HS10,2710191112
20,"NEW ORLEANS, LA",0025,EURO AREA,CGP,"LIGHT FUEL OIL GT=25 DEG API, GT 500 PPM SULFUR",658203,BBL,63307322,63307322,90550184,2024-12,HS10,2710191112
20,"NEW ORLEANS, LA",0028,CACM,CGP,"LIGHT FUEL OIL GT=25 DEG API, GT 500 PPM SULFUR",293175,BBL,26924375,26924375,39738596,2024-12,HS10,2710191112
20,"NEW ORLEANS, LA",2150,HONDURAS,DET,"LIGHT FUEL OIL GT=25 DEG API, GT 500 PPM SULFUR",293175,BBL,26924375,26924375,39738596,2024-12,HS10,2710191112
20,"NEW ORLEANS, LA",2250,PANAMA,DET,"LIGHT FUEL OIL GT=25 DEG API, GT 500 PPM SULFUR",632140,BBL,58296792,58296792,85530053,2024-12,HS10,2710191112
20,"NEW ORLEANS, LA",2360,BAHAMAS,DET,"LIGHT FUEL OIL GT=25 DEG API, GT 500 PPM SULFUR",1076921,BBL,102843165,102843165,145976036,2024-12,HS10,2710191112
20,"NEW ORLEANS, LA",2410,JAMAICA,DET,"LIGHT FUEL OIL GT=25 DEG API, GT 500 PPM SULFUR",150000,BBL,16635000,16635000,20307286,2024-12,HS10,2710191112
20,"NEW ORLEANS, LA",2470,DOMINICAN REPUBLIC,DET,"LIGHT FUEL OIL GT=25 DEG API, GT 500 PPM SULFUR",853456,BBL,80926617,80926617,114219563,2024-12,HS10,2710191112
20,"NEW ORLEANS, LA",2482,BRITISH VIRGIN ISLANDS,DET,"LIGHT FUEL OIL GT=25 DEG API, GT 500 PPM SULFUR",109803,BBL,9778263,9778263,14758335,2024-12,HS10,2710191112
20,"NEW ORLEANS, LA",2484,ANTIGUA AND BARBUDA,DET,"LIGHT FUEL OIL GT=25 DEG API, GT 500 PPM SULFUR",39008,BBL,4079493,4079493,5239881,2024-12,HS10,2710191112
20,"NEW ORLEANS, LA",2487,ST LUCIA,DET,"LIGHT FUEL OIL GT=25 DEG API, GT 500 PPM SULFUR",245413,BBL,24548882,24548882,33453364,2024-12,HS10,2710191112
20,"NEW ORLEANS, LA",2777,CURACAO,DET,"LIGHT FUEL OIL GT=25 DEG API, GT 500 PPM SULFUR",135552,BBL,22627736,22627736,18296037,2024-12,HS10,2710191112
20,"NEW ORLEANS, LA",2XXX,CENTRAL AMERICA,CGP,"LIGHT FUEL OIL GT=25 DEG API, GT 500 PPM SULFUR",3535468,BBL,346660323,346660323,477519151,2024-12,HS10,2710191112
20,"NEW ORLEANS, LA",4039,NORWAY,DET,"LIGHT FUEL OIL GT=25 DEG API, GT 500 PPM SULFUR",246787,BBL,16573476,16573476,31000000,2024-12,HS10,2710191112
20,"NEW ORLEANS, LA",4120,UNITED KINGDOM,DET,"LIGHT FUEL OIL GT=25 DEG API, GT 500 PPM SULFUR",325043,BBL,29214841,29214841,43042969,2024-12,HS10,2710191112
20,"NEW ORLEANS, LA",4210,NETHERLANDS,DET,"LIGHT FUEL OIL GT=25 DEG API, GT 500 PPM SULFUR",557697,BBL,50505499,50505499,74670969,2024-12,HS10,2710191112
20,"NEW ORLEANS, LA",4279,FRANCE,DET,"LIGHT FUEL OIL GT=25 DEG API, GT 500 PPM SULFUR",100506,BBL,12801823,12801823,15879215,2024-12,HS10,2710191112
20,"NEW ORLEANS, LA",4XXX,EUROPE,CGP,"LIGHT FUEL OIL GT=25 DEG API, GT 500 PPM SULFUR",1230033,BBL,109095639,109095639,164593153,2024-12,HS10,2710191112
20,"NEW ORLEANS, LA",7520,TOGO,DET,"LIGHT FUEL OIL GT=25 DEG API, GT 500 PPM SULFUR",280160,BBL,24047240,24047240,38441443,2024-12,HS10,2710191112
20,"NEW ORLEANS, LA",7XXX,AFRICA,CGP,"LIGHT FUEL OIL GT=25 DEG API, GT 500 PPM SULFUR",280160,BBL,24047240,24047240,38441443,2024-12,HS10,2710191112
21,"PORT ARTHUR, TX",0003,EUROPEAN UNION,CGP,"LIGHT FUEL OIL GT=25 DEG API, GT 500 PPM SULFUR",304987,BBL,30500000,30500000,40651303,2024-12,HS10,2710191112
21,"PORT ARTHUR, TX",0021,TWENTY LATIN AMERICAN REPUBLICS,CGP,"LIGHT FUEL OIL GT=25 DEG API, GT 500 PPM SULFUR",284988,BBL,23529709,23529709,37761067,2024-12,HS10,2710191112
21,"PORT ARTHUR, TX",0022,OECD,CGP,"LIGHT FUEL OIL GT=25 DEG API, GT 500 PPM SULFUR",304987,BBL,30500000,30500000,40651303,2024-12,HS10,2710191112
21,"PORT ARTHUR, TX",0023,NATO,CGP,"LIGHT FUEL OIL GT=25 DEG API, GT 500 PPM SULFUR",304987,BBL,30500000,30500000,40651303,2024-12,HS10,2710191112
21,"PORT ARTHUR, TX",0024,LAFTA,CGP,"LIGHT FUEL OIL GT=25 DEG API, GT 500 PPM SULFUR",284988,BBL,23529709,23529709,37761067,2024-12,HS10,2710191112
21,"PORT ARTHUR, TX",0025,EURO AREA,CGP,"LIGHT FUEL OIL GT=25 DEG API, GT 500 PPM SULFUR",304987,BBL,30500000,30500000,40651303,2024-12,HS10,2710191112
21,"PORT ARTHUR, TX",3310,ECUADOR,DET,"LIGHT FUEL OIL GT=25 DEG API, GT 500 PPM SULFUR",284988,BBL,23529709,23529709,37761067,2024-12,HS10,2710191112
21,"PORT ARTHUR, TX",3XXX,SOUTH AMERICA,CGP,"LIGHT FUEL OIL GT=25 DEG API, GT 500 PPM SULFUR",284988,BBL,23529709,23529709,37761067,2024-12,HS10,2710191112
21,"PORT ARTHUR, TX",4210,NETHERLANDS,DET,"LIGHT FUEL OIL GT=25 DEG API, GT 500 PPM SULFUR",304987,BBL,30500000,30500000,40651303,2024-12,HS10,2710191112
21,"PORT ARTHUR, TX",4XXX,EUROPE,CGP,"LIGHT FUEL OIL GT=25 DEG API, GT 500 PPM SULFUR",304987,BBL,30500000,30500000,40651303,2024-12,HS10,2710191112
23,"LAREDO, TX",0020,USMCA (NAFTA),CGP,"LIGHT FUEL OIL GT=25 DEG API, GT 500 PPM SULFUR",68660,BBL,8210390,0,0,2024-12,HS10,2710191112
23,"LAREDO, TX",0021,TWENTY LATIN AMERICAN REPUBLICS,CGP,"LIGHT FUEL OIL GT=25 DEG API, GT 500 PPM SULFUR",68660,BBL,8210390,0,0,2024-12,HS10,2710191112
23,"LAREDO, TX",0022,OECD,CGP,"LIGHT FUEL OIL GT=25 DEG API, GT 500 PPM SULFUR",68660,BBL,8210390,0,0,2024-12,HS10,2710191112
23,"LAREDO, TX",0024,LAFTA,CGP,"LIGHT FUEL OIL GT=25 DEG API, GT 500 PPM SULFUR",68660,BBL,8210390,0,0,2024-12,HS10,2710191112
23,"LAREDO, TX",0026,APEC,CGP,"LIGHT FUEL OIL GT=25 DEG API, GT 500 PPM SULFUR",68660,BBL,8210390,0,0,2024-12,HS10,2710191112
23,"LAREDO, TX",1XXX,NORTH AMERICA,CGP,"LIGHT FUEL OIL GT=25 DEG API, GT 500 PPM SULFUR",68660,BBL,8210390,0,0,2024-12,HS10,2710191112
23,"LAREDO, TX",2010,MEXICO,DET,"LIGHT FUEL OIL GT=25 DEG API, GT 500 PPM SULFUR",68660,BBL,8210390,0,0,2024-12,HS10,2710191112
24,"EL PASO, TX",0020,USMCA (NAFTA),CGP,"LIGHT FUEL OIL GT=25 DEG API, GT 500 PPM SULFUR",376764,BBL,48560595,0,0,2024-12,HS10,2710191112
24,"EL PASO, TX",0021,TWENTY LATIN AMERICAN REPUBLICS,CGP,"LIGHT FUEL OIL GT=25 DEG API, GT 500 PPM SULFUR",376764,BBL,48560595,0,0,2024-12,HS10,2710191112
24,"EL PASO, TX",0022,OECD,CGP,"LIGHT FUEL OIL GT=25 DEG API, GT 500 PPM SULFUR",376764,BBL,48560595,0,0,2024-12,HS10,2710191112
24,"EL PASO, TX",0024,LAFTA,CGP,"LIGHT FUEL OIL GT=25 DEG API, GT 500 PPM SULFUR",376764,BBL,48560595,0,0,2024-12,HS10,2710191112
24,"EL PASO, TX",0026,APEC,CGP,"LIGHT FUEL OIL GT=25 DEG API, GT 500 PPM SULFUR",376764,BBL,48560595,0,0,2024-12,HS10,2710191112
24,"EL PASO, TX",1XXX,NORTH AMERICA,CGP,"LIGHT FUEL OIL GT=25 DEG API, GT 500 PPM SULFUR",376764,BBL,48560595,0,0,2024-12,HS10,2710191112
24,"EL PASO, TX",2010,MEXICO,DET,"LIGHT FUEL OIL GT=25 DEG API, GT 500 PPM SULFUR",376764,BBL,48560595,0,0,2024-12,HS10,2710191112
26,"NOGALES, AZ",0020,USMCA (NAFTA),CGP,"LIGHT FUEL OIL GT=25 DEG API, GT 500 PPM SULFUR",32250,BBL,3654960,0,0,2024-12,HS10,2710191112
26,"NOGALES, AZ",0021,TWENTY LATIN AMERICAN REPUBLICS,CGP,"LIGHT FUEL OIL GT=25 DEG API, GT 500 PPM SULFUR",32250,BBL,3654960,0,0,2024-12,HS10,2710191112
26,"NOGALES, AZ",1XXX,NORTH AMERICA,CGP,"LIGHT FUEL OIL GT=25 DEG API, GT 500 PPM SULFUR",32250,BBL,3654960,0,0,2024-12,HS10,2710191112
26,"NOGALES, AZ",0022,OECD,CGP,"LIGHT FUEL OIL GT=25 DEG API, GT 500 PPM SULFUR",32250,BBL,3654960,0,0,2024-12,HS10,2710191112
26,"NOGALES, AZ",0024,LAFTA,CGP,"LIGHT FUEL OIL GT=25 DEG API, GT 500 PPM SULFUR",32250,BBL,3654960,0,0,2024-12,HS10,2710191112
26,"NOGALES, AZ",0026,APEC,CGP,"LIGHT FUEL OIL GT=25 DEG API, GT 500 PPM SULFUR",32250,BBL,3654960,0,0,2024-12,HS10,2710191112
26,"NOGALES, AZ",2010,MEXICO,DET,"LIGHT FUEL OIL GT=25 DEG API, GT 500 PPM SULFUR",32250,BBL,3654960,0,0,2024-12,HS10,2710191112
30,"SEATTLE, WA",0020,USMCA (NAFTA),CGP,"LIGHT FUEL OIL GT=25 DEG API, GT 500 PPM SULFUR",2026,BBL,307204,0,0,2024-12,HS10,2710191112
30,"SEATTLE, WA",0022,OECD,CGP,"LIGHT FUEL OIL GT=25 DEG API, GT 500 PPM SULFUR",2026,BBL,307204,0,0,2024-12,HS10,2710191112
30,"SEATTLE, WA",0023,NATO,CGP,"LIGHT FUEL OIL GT=25 DEG API, GT 500 PPM SULFUR",2026,BBL,307204,0,0,2024-12,HS10,2710191112
30,"SEATTLE, WA",0026,APEC,CGP,"LIGHT FUEL OIL GT=25 DEG API, GT 500 PPM SULFUR",2026,BBL,307204,0,0,2024-12,HS10,2710191112
30,"SEATTLE, WA",1220,CANADA,DET,"LIGHT FUEL OIL GT=25 DEG API, GT 500 PPM SULFUR",2026,BBL,307204,0,0,2024-12,HS10,2710191112
30,"SEATTLE, WA",1XXX,NORTH AMERICA,CGP,"LIGHT FUEL OIL GT=25 DEG API, GT 500 PPM SULFUR",2026,BBL,307204,0,0,2024-12,HS10,2710191112
31,"ANCHORAGE, AK",0020,USMCA (NAFTA),CGP,"LIGHT FUEL OIL GT=25 DEG API, GT 500 PPM SULFUR",196877,BBL,22320960,0,0,2024-12,HS10,2710191112
31,"ANCHORAGE, AK",0022,OECD,CGP,"LIGHT FUEL OIL GT=25 DEG API, GT 500 PPM SULFUR",196877,BBL,22320960,0,0,2024-12,HS10,2710191112
31,"ANCHORAGE, AK",0023,NATO,CGP,"LIGHT FUEL OIL GT=25 DEG API, GT 500 PPM SULFUR",196877,BBL,22320960,0,0,2024-12,HS10,2710191112
31,"ANCHORAGE, AK",0026,APEC,CGP,"LIGHT FUEL OIL GT=25 DEG API, GT 500 PPM SULFUR",196877,BBL,22320960,0,0,2024-12,HS10,2710191112
31,"ANCHORAGE, AK",1220,CANADA,DET,"LIGHT FUEL OIL GT=25 DEG API, GT 500 PPM SULFUR",196877,BBL,22320960,0,0,2024-12,HS10,2710191112
31,"ANCHORAGE, AK",1XXX,NORTH AMERICA,CGP,"LIGHT FUEL OIL GT=25 DEG API, GT 500 PPM SULFUR",196877,BBL,22320960,0,0,2024-12,HS10,2710191112
33,"GREAT FALLS, MT",0020,USMCA (NAFTA),CGP,"LIGHT FUEL OIL GT=25 DEG API, GT 500 PPM SULFUR",1986,BBL,330178,0,0,2024-12,HS10,2710191112
33,"GREAT FALLS, MT",0022,OECD,CGP,"LIGHT FUEL OIL GT=25 DEG API, GT 500 PPM SULFUR",1986,BBL,330178,0,0,2024-12,HS10,2710191112
33,"GREAT FALLS, MT",0023,NATO,CGP,"LIGHT FUEL OIL GT=25 DEG API, GT 500 PPM SULFUR",1986,BBL,330178,0,0,2024-12,HS10,2710191112
33,"GREAT FALLS, MT",0026,APEC,CGP,"LIGHT FUEL OIL GT=25 DEG API, GT 500 PPM SULFUR",1986,BBL,330178,0,0,2024-12,HS10,2710191112
33,"GREAT FALLS, MT",1220,CANADA,DET,"LIGHT FUEL OIL GT=25 DEG API, GT 500 PPM SULFUR",1986,BBL,330178,0,0,2024-12,HS10,2710191112
33,"GREAT FALLS, MT",1XXX,NORTH AMERICA,CGP,"LIGHT FUEL OIL GT=25 DEG API, GT 500 PPM SULFUR",1986,BBL,330178,0,0,2024-12,HS10,2710191112
34,"PEMBINA, ND",0020,USMCA (NAFTA),CGP,"LIGHT FUEL OIL GT=25 DEG API, GT 500 PPM SULFUR",5309,BBL,910391,0,0,2024-12,HS10,2710191112
34,"PEMBINA, ND",0022,OECD,CGP,"LIGHT FUEL OIL GT=25 DEG API, GT 500 PPM SULFUR",5309,BBL,910391,0,0,2024-12,HS10,2710191112
34,"PEMBINA, ND",0023,NATO,CGP,"LIGHT FUEL OIL GT=25 DEG API, GT 500 PPM SULFUR",5309,BBL,910391,0,0,2024-12,HS10,2710191112
34,"PEMBINA, ND",0026,APEC,CGP,"LIGHT FUEL OIL GT=25 DEG API, GT 500 PPM SULFUR",5309,BBL,910391,0,0,2024-12,HS10,2710191112
34,"PEMBINA, ND",1220,CANADA,DET,"LIGHT FUEL OIL GT=25 DEG API, GT 500 PPM SULFUR",5309,BBL,910391,0,0,2024-12,HS10,2710191112
34,"PEMBINA, ND",1XXX,NORTH AMERICA,CGP,"LIGHT FUEL OIL GT=25 DEG API, GT 500 PPM SULFUR",5309,BBL,910391,0,0,2024-12,HS10,2710191112
36,"DULUTH, MN",0020,USMCA (NAFTA),CGP,"LIGHT FUEL OIL GT=25 DEG API, GT 500 PPM SULFUR",3701,BBL,717259,0,0,2024-12,HS10,2710191112
36,"DULUTH, MN",0022,OECD,CGP,"LIGHT FUEL OIL GT=25 DEG API, GT 500 PPM SULFUR",3701,BBL,717259,0,0,2024-12,HS10,2710191112
36,"DULUTH, MN",0023,NATO,CGP,"LIGHT FUEL OIL GT=25 DEG API, GT 500 PPM SULFUR",3701,BBL,717259,0,0,2024-12,HS10,2710191112
36,"DULUTH, MN",0026,APEC,CGP,"LIGHT FUEL OIL GT=25 DEG API, GT 500 PPM SULFUR",3701,BBL,717259,0,0,2024-12,HS10,2710191112
36,"DULUTH, MN",1220,CANADA,DET,"LIGHT FUEL OIL GT=25 DEG API, GT 500 PPM SULFUR",3701,BBL,717259,0,0,2024-12,HS10,2710191112
36,"DULUTH, MN",1XXX,NORTH AMERICA,CGP,"LIGHT FUEL OIL GT=25 DEG API, GT 500 PPM SULFUR",3701,BBL,717259,0,0,2024-12,HS10,2710191112
38,"DETROIT, MI",0020,USMCA (NAFTA),CGP,"LIGHT FUEL OIL GT=25 DEG API, GT 500 PPM SULFUR",57946,BBL,6264070,0,0,2024-12,HS10,2710191112
38,"DETROIT, MI",0022,OECD,CGP,"LIGHT FUEL OIL GT=25 DEG API, GT 500 PPM SULFUR",57946,BBL,6264070,0,0,2024-12,HS10,2710191112
38,"DETROIT, MI",0023,NATO,CGP,"LIGHT FUEL OIL GT=25 DEG API, GT 500 PPM SULFUR",57946,BBL,6264070,0,0,2024-12,HS10,2710191112
38,"DETROIT, MI",0026,APEC,CGP,"LIGHT FUEL OIL GT=25 DEG API, GT 500 PPM SULFUR",57946,BBL,6264070,0,0,2024-12,HS10,2710191112
38,"DETROIT, MI",1220,CANADA,DET,"LIGHT FUEL OIL GT=25 DEG API, GT 500 PPM SULFUR",57946,BBL,6264070,0,0,2024-12,HS10,2710191112
38,"DETROIT, MI",1XXX,NORTH AMERICA,CGP,"LIGHT FUEL OIL GT=25 DEG API, GT 500 PPM SULFUR",57946,BBL,6264070,0,0,2024-12,HS10,2710191112
49,"SAN JUAN, PR",2481,ANGUILLA,DET,"LIGHT FUEL OIL GT=25 DEG API, GT 500 PPM SULFUR",303,BBL,35489,35489,42025,2024-12,HS10,2710191112
49,"SAN JUAN, PR",2482,BRITISH VIRGIN ISLANDS,DET,"LIGHT FUEL OIL GT=25 DEG API, GT 500 PPM SULFUR",21334,BBL,2425220,2425220,2816878,2024-12,HS10,2710191112
49,"SAN JUAN, PR",2774,SINT MAARTEN,DET,"LIGHT FUEL OIL GT=25 DEG API, GT 500 PPM SULFUR",446,BBL,58033,58033,58872,2024-12,HS10,2710191112
49,"SAN JUAN, PR",2XXX,CENTRAL AMERICA,CGP,"LIGHT FUEL OIL GT=25 DEG API, GT 500 PPM SULFUR",22083,BBL,2518742,2518742,2917775,2024-12,HS10,2710191112
51,U.S. VIRGIN ISLANDS,0017,CAFTA-DR,CGP,"LIGHT FUEL OIL GT=25 DEG API, GT 500 PPM SULFUR",704686,BBL,67629144,67629144,94714447,2024-12,HS10,2710191112
51,U.S. VIRGIN ISLANDS,0021,TWENTY LATIN AMERICAN REPUBLICS,CGP,"LIGHT FUEL OIL GT=25 DEG API, GT 500 PPM SULFUR",1813098,BBL,174156080,174156080,243379964,2024-12,HS10,2710191112
51,U.S. VIRGIN ISLANDS,2250,PANAMA,DET,"LIGHT FUEL OIL GT=25 DEG API, GT 500 PPM SULFUR",8962,BBL,935559,935559,1203138,2024-12,HS10,2710191112
51,U.S. VIRGIN ISLANDS,2410,JAMAICA,DET,"LIGHT FUEL OIL GT=25 DEG API, GT 500 PPM SULFUR",120081,BBL,12233631,12233631,16083574,2024-12,HS10,2710191112
51,U.S. VIRGIN ISLANDS,2450,HAITI,DET,"LIGHT FUEL OIL GT=25 DEG API, GT 500 PPM SULFUR",1099450,BBL,105591377,105591377,147462379,2024-12,HS10,2710191112
51,U.S. VIRGIN ISLANDS,2470,DOMINICAN REPUBLIC,DET,"LIGHT FUEL OIL GT=25 DEG API, GT 500 PPM SULFUR",704686,BBL,67629144,67629144,94714447,2024-12,HS10,2710191112
51,U.S. VIRGIN ISLANDS,2482,BRITISH VIRGIN ISLANDS,DET,"LIGHT FUEL OIL GT=25 DEG API, GT 500 PPM SULFUR",47161,BBL,4238016,4238016,6338017,2024-12,HS10,2710191112
51,U.S. VIRGIN ISLANDS,2483,ST KITTS AND NEVIS,DET,"LIGHT FUEL OIL GT=25 DEG API, GT 500 PPM SULFUR",67708,BBL,6862834,6862834,9127573,2024-12,HS10,2710191112
51,U.S. VIRGIN ISLANDS,2484,ANTIGUA AND BARBUDA,DET,"LIGHT FUEL OIL GT=25 DEG API, GT 500 PPM SULFUR",162060,BBL,15528580,15528580,21826113,2024-12,HS10,2710191112
51,U.S. VIRGIN ISLANDS,2488,ST VINCENT AND THE GRENADINES,DET,"LIGHT FUEL OIL GT=25 DEG API, GT 500 PPM SULFUR",54649,BBL,5019369,5019369,7363931,2024-12,HS10,2710191112
51,U.S. VIRGIN ISLANDS,2489,GRENADA,DET,"LIGHT FUEL OIL GT=25 DEG API, GT 500 PPM SULFUR",123121,BBL,11149245,11149245,16526940,2024-12,HS10,2710191112
51,U.S. VIRGIN ISLANDS,2839,MARTINIQUE,DET,"LIGHT FUEL OIL GT=25 DEG API, GT 500 PPM SULFUR",12419,BBL,1076697,1076697,1682276,2024-12,HS10,2710191112
51,U.S. VIRGIN ISLANDS,2XXX,CENTRAL AMERICA,CGP,"LIGHT FUEL OIL GT=25 DEG API, GT 500 PPM SULFUR",2400297,BBL,230264452,230264452,322328388,2024-12,HS10,2710191112
51,U.S. VIRGIN ISLANDS,3120,GUYANA,DET,"LIGHT FUEL OIL GT=25 DEG API, GT 500 PPM SULFUR",10120,BBL,1022299,1022299,1344847,2024-12,HS10,2710191112
51,U.S. VIRGIN ISLANDS,3XXX,SOUTH AMERICA,CGP,"LIGHT FUEL OIL GT=25 DEG API, GT 500 PPM SULFUR",10120,BBL,1022299,1022299,1344847,2024-12,HS10,2710191112
53,"HOUSTON-GALVESTON, TX",0003,EUROPEAN UNION,CGP,"LIGHT FUEL OIL GT=25 DEG API, GT 500 PPM SULFUR",29310,BBL,2579221,2579221,3938491,2024-12,HS10,2710191112
53,"HOUSTON-GALVESTON, TX",0017,CAFTA-DR,CGP,"LIGHT FUEL OIL GT=25 DEG API, GT 500 PPM SULFUR",1277075,BBL,116486285,116486285,171400814,2024-12,HS10,2710191112
53,"HOUSTON-GALVESTON, TX",0023,NATO,CGP,"LIGHT FUEL OIL GT=25 DEG API, GT 500 PPM SULFUR",24616,BBL,2191271,2191271,3348491,2024-12,HS10,2710191112
53,"HOUSTON-GALVESTON, TX",0020,USMCA (NAFTA),CGP,"LIGHT FUEL OIL GT=25 DEG API, GT 500 PPM SULFUR",26151,BBL,2615070,2615070,3473201,2024-12,HS10,2710191112
53,"HOUSTON-GALVESTON, TX",0021,TWENTY LATIN AMERICAN REPUBLICS,CGP,"LIGHT FUEL OIL GT=25 DEG API, GT 500 PPM SULFUR",8361032,BBL,793915086,793915086,1129711458,2024-12,HS10,2710191112
53,"HOUSTON-GALVESTON, TX",0022,OECD,CGP,"LIGHT FUEL OIL GT=25 DEG API, GT 500 PPM SULFUR",336259,BBL,31022658,31022658,45962662,2024-12,HS10,2710191112
53,"HOUSTON-GALVESTON, TX",0024,LAFTA,CGP,"LIGHT FUEL OIL GT=25 DEG API, GT 500 PPM SULFUR",6330948,BBL,610199702,610199702,856798633,2024-12,HS10,2710191112
53,"HOUSTON-GALVESTON, TX",0025,EURO AREA,CGP,"LIGHT FUEL OIL GT=25 DEG API, GT 500 PPM SULFUR",27122,BBL,2354546,2354546,3663491,2024-12,HS10,2710191112
53,"HOUSTON-GALVESTON, TX",0026,APEC,CGP,"LIGHT FUEL OIL GT=25 DEG API, GT 500 PPM SULFUR",26151,BBL,2615070,2615070,3473201,2024-12,HS10,2710191112
53,"HOUSTON-GALVESTON, TX",0028,CACM,CGP,"LIGHT FUEL OIL GT=25 DEG API, GT 500 PPM SULFUR",25069,BBL,2426443,2426443,3371544,2024-12,HS10,2710191112
53,"HOUSTON-GALVESTON, TX",1XXX,NORTH AMERICA,CGP,"LIGHT FUEL OIL GT=25 DEG API, GT 500 PPM SULFUR",26151,BBL,2615070,2615070,3473201,2024-12,HS10,2710191112
53,"HOUSTON-GALVESTON, TX",2010,MEXICO,DET,"LIGHT FUEL OIL GT=25 DEG API, GT 500 PPM SULFUR",26151,BBL,2615070,2615070,3473201,2024-12,HS10,2710191112
53,"HOUSTON-GALVESTON, TX",2150,HONDURAS,DET,"LIGHT FUEL OIL GT=25 DEG API, GT 500 PPM SULFUR",25069,BBL,2426443,2426443,3371544,2024-12,HS10,2710191112
53,"HOUSTON-GALVESTON, TX",2250,PANAMA,DET,"LIGHT FUEL OIL GT=25 DEG API, GT 500 PPM SULFUR",533228,BBL,46225401,46225401,72105568,2024-12,HS10,2710191112
53,"HOUSTON-GALVESTON, TX",2360,BAHAMAS,DET,"LIGHT FUEL OIL GT=25 DEG API, GT 500 PPM SULFUR",1272887,BBL,125941514,125941514,178154590,2024-12,HS10,2710191112
53,"HOUSTON-GALVESTON, TX",2410,JAMAICA,DET,"LIGHT FUEL OIL GT=25 DEG API, GT 500 PPM SULFUR",31000,BBL,3692100,3692100,4240378,2024-12,HS10,2710191112
53,"HOUSTON-GALVESTON, TX",2450,HAITI,DET,"LIGHT FUEL OIL GT=25 DEG API, GT 500 PPM SULFUR",219781,BBL,21003698,21003698,29406443,2024-12,HS10,2710191112
53,"HOUSTON-GALVESTON, TX",2470,DOMINICAN REPUBLIC,DET,"LIGHT FUEL OIL GT=25 DEG API, GT 500 PPM SULFUR",1252006,BBL,114059842,114059842,168029270,2024-12,HS10,2710191112
53,"HOUSTON-GALVESTON, TX",2484,ANTIGUA AND BARBUDA,DET,"LIGHT FUEL OIL GT=25 DEG API, GT 500 PPM SULFUR",79787,BBL,7441913,7441913,10704014,2024-12,HS10,2710191112
53,"HOUSTON-GALVESTON, TX",2487,ST LUCIA,DET,"LIGHT FUEL OIL GT=25 DEG API, GT 500 PPM SULFUR",1928786,BBL,189403423,189403423,257213301,2024-12,HS10,2710191112
53,"HOUSTON-GALVESTON, TX",2740,TRINIDAD AND TOBAGO,DET,"LIGHT FUEL OIL GT=25 DEG API, GT 500 PPM SULFUR",5001907,BBL,507414428,507414428,658084967,2024-12,HS10,2710191112
53,"HOUSTON-GALVESTON, TX",2777,CURACAO,DET,"LIGHT FUEL OIL GT=25 DEG API, GT 500 PPM SULFUR",280319,BBL,26725898,26725898,37955887,2024-12,HS10,2710191112
53,"HOUSTON-GALVESTON, TX",2831,GUADELOUPE,DET,"LIGHT FUEL OIL GT=25 DEG API, GT 500 PPM SULFUR",527451,BBL,53694248,53694248,69431129,2024-12,HS10,2710191112
53,"HOUSTON-GALVESTON, TX",2XXX,CENTRAL AMERICA,CGP,"LIGHT FUEL OIL GT=25 DEG API, GT 500 PPM SULFUR",11152221,BBL,1098028908,1098028908,1488697091,2024-12,HS10,2710191112
53,"HOUSTON-GALVESTON, TX",3010,COLOMBIA,DET,"LIGHT FUEL OIL GT=25 DEG API, GT 500 PPM SULFUR",284060,BBL,26084917,26084917,38960970,2024-12,HS10,2710191112
53,"HOUSTON-GALVESTON, TX",3310,ECUADOR,DET,"LIGHT FUEL OIL GT=25 DEG API, GT 500 PPM SULFUR",4251855,BBL,385524355,385524355,577273152,2024-12,HS10,2710191112
53,"HOUSTON-GALVESTON, TX",3510,BRAZIL,DET,"LIGHT FUEL OIL GT=25 DEG API, GT 500 PPM SULFUR",1768882,BBL,195975360,195975360,237091310,2024-12,HS10,2710191112
53,"HOUSTON-GALVESTON, TX",3XXX,SOUTH AMERICA,CGP,"LIGHT FUEL OIL GT=25 DEG API, GT 500 PPM SULFUR",6304797,BBL,607584632,607584632,853325432,2024-12,HS10,2710191112
53,"HOUSTON-GALVESTON, TX",4010,SWEDEN,DET,"LIGHT FUEL OIL GT=25 DEG API, GT 500 PPM SULFUR",1591,BBL,153800,153800,200000,2024-12,HS10,2710191112
53,"HOUSTON-GALVESTON, TX",4039,NORWAY,DET,"LIGHT FUEL OIL GT=25 DEG API, GT 500 PPM SULFUR",1273,BBL,120000,120000,160000,2024-12,HS10,2710191112
53,"HOUSTON-GALVESTON, TX",4099,DENMARK,DET,"LIGHT FUEL OIL GT=25 DEG API, GT 500 PPM SULFUR",597,BBL,70875,70875,75000,2024-12,HS10,2710191112
53,"HOUSTON-GALVESTON, TX",4210,NETHERLANDS,DET,"LIGHT FUEL OIL GT=25 DEG API, GT 500 PPM SULFUR",732,BBL,87860,87860,92000,2024-12,HS10,2710191112
53,"HOUSTON-GALVESTON, TX",4231,BELGIUM,DET,"LIGHT FUEL OIL GT=25 DEG API, GT 500 PPM SULFUR",433,BBL,37657,37657,59046,2024-12,HS10,2710191112
53,"HOUSTON-GALVESTON, TX",4280,GERMANY,DET,"LIGHT FUEL OIL GT=25 DEG API, GT 500 PPM SULFUR",956,BBL,86607,86607,120120,2024-12,HS10,2710191112
53,"HOUSTON-GALVESTON, TX",4419,SWITZERLAND,DET,"LIGHT FUEL OIL GT=25 DEG API, GT 500 PPM SULFUR",1432,BBL,131400,131400,180000,2024-12,HS10,2710191112
53,"HOUSTON-GALVESTON, TX",4710,PORTUGAL,DET,"LIGHT FUEL OIL GT=25 DEG API, GT 500 PPM SULFUR",19034,BBL,1634472,1634472,2642325,2024-12,HS10,2710191112
53,"HOUSTON-GALVESTON, TX",4720,GIBRALTAR,DET,"LIGHT FUEL OIL GT=25 DEG API, GT 500 PPM SULFUR",150819,BBL,15090371,15090371,20451564,2024-12,HS10,2710191112
53,"HOUSTON-GALVESTON, TX",4910,CYPRUS,DET,"LIGHT FUEL OIL GT=25 DEG API, GT 500 PPM SULFUR",5967,BBL,507950,507950,750000,2024-12,HS10,2710191112
53,"HOUSTON-GALVESTON, TX",4XXX,EUROPE,CGP,"LIGHT FUEL OIL GT=25 DEG API, GT 500 PPM SULFUR",182834,BBL,17920992,17920992,24730055,2024-12,HS10,2710191112
53,"HOUSTON-GALVESTON, TX",5200,UNITED ARAB EMIRATES,DET,"LIGHT FUEL OIL GT=25 DEG API, GT 500 PPM SULFUR",1951,BBL,173146,173146,245100,2024-12,HS10,2710191112
53,"HOUSTON-GALVESTON, TX",5XXX,ASIA,CGP,"LIGHT FUEL OIL GT=25 DEG API, GT 500 PPM SULFUR",1951,BBL,173146,173146,245100,2024-12,HS10,2710191112
53,"HOUSTON-GALVESTON, TX",7380,EQUATORIAL GUINEA,DET,"LIGHT FUEL OIL GT=25 DEG API, GT 500 PPM SULFUR",7,BBL,5147,5147,1017,2024-12,HS10,2710191112
53,"HOUSTON-GALVESTON, TX",7440,SENEGAL,DET,"LIGHT FUEL OIL GT=25 DEG API, GT 500 PPM SULFUR",300530,BBL,27253824,27253824,41108340,2024-12,HS10,2710191112
53,"HOUSTON-GALVESTON, TX",7650,LIBERIA,DET,"LIGHT FUEL OIL GT=25 DEG API, GT 500 PPM SULFUR",53438,BBL,5905242,5905242,7240355,2024-12,HS10,2710191112
53,"HOUSTON-GALVESTON, TX",7XXX,AFRICA,CGP,"LIGHT FUEL OIL GT=25 DEG API, GT 500 PPM SULFUR",353975,BBL,33164213,33164213,48349712,2024-12,HS10,2710191112
-,TOTAL FOR ALL DISTRICTS,0021,TWENTY LATIN AMERICAN REPUBLICS,CGP,"LIGHT FUEL OIL GT=25 DEG API, GT 500 PPM SULFUR",12784161,BBL,1223683687,1163257742,1659544208,2024-12,HS10,2710191112
-,TOTAL FOR ALL DISTRICTS,0003,EUROPEAN UNION,CGP,"LIGHT FUEL OIL GT=25 DEG API, GT 500 PPM SULFUR",1320338,BBL,133663980,133663980,178799417,2024-12,HS10,2710191112
-,TOTAL FOR ALL DISTRICTS,0017,CAFTA-DR,CGP,"LIGHT FUEL OIL GT=25 DEG API, GT 500 PPM SULFUR",3128392,BBL,291966421,291966421,420073420,2024-12,HS10,2710191112
-,TOTAL FOR ALL DISTRICTS,0020,USMCA (NAFTA),CGP,"LIGHT FUEL OIL GT=25 DEG API, GT 500 PPM SULFUR",771670,BBL,93891077,2615070,3473201,2024-12,HS10,2710191112
-,TOTAL FOR ALL DISTRICTS,0022,OECD,CGP,"LIGHT FUEL OIL GT=25 DEG API, GT 500 PPM SULFUR",2944636,BBL,299171741,207895734,294866557,2024-12,HS10,2710191112
-,TOTAL FOR ALL DISTRICTS,0023,NATO,CGP,"LIGHT FUEL OIL GT=25 DEG API, GT 500 PPM SULFUR",2155319,BBL,209914409,179064347,252252386,2024-12,HS10,2710191112
-,TOTAL FOR ALL DISTRICTS,0024,LAFTA,CGP,"LIGHT FUEL OIL GT=25 DEG API, GT 500 PPM SULFUR",7093610,BBL,694155356,633729411,894559700,2024-12,HS10,2710191112
-,TOTAL FOR ALL DISTRICTS,0025,EURO AREA,CGP,"LIGHT FUEL OIL GT=25 DEG API, GT 500 PPM SULFUR",1318150,BBL,133439305,133439305,178524417,2024-12,HS10,2710191112
-,TOTAL FOR ALL DISTRICTS,0026,APEC,CGP,"LIGHT FUEL OIL GT=25 DEG API, GT 500 PPM SULFUR",771670,BBL,93891077,2615070,3473201,2024-12,HS10,2710191112
-,TOTAL FOR ALL DISTRICTS,0028,CACM,CGP,"LIGHT FUEL OIL GT=25 DEG API, GT 500 PPM SULFUR",318244,BBL,29350818,29350818,43110140,2024-12,HS10,2710191112
-,TOTAL FOR ALL DISTRICTS,1220,CANADA,DET,"LIGHT FUEL OIL GT=25 DEG API, GT 500 PPM SULFUR",267845,BBL,30850062,0,0,2024-12,HS10,2710191112
-,TOTAL FOR ALL DISTRICTS,1XXX,NORTH AMERICA,CGP,"LIGHT FUEL OIL GT=25 DEG API, GT 500 PPM SULFUR",771670,BBL,93891077,2615070,3473201,2024-12,HS10,2710191112
-,TOTAL FOR ALL DISTRICTS,2010,MEXICO,DET,"LIGHT FUEL OIL GT=25 DEG API, GT 500 PPM SULFUR",503825,BBL,63041015,2615070,3473201,2024-12,HS10,2710191112
-,TOTAL FOR ALL DISTRICTS,2150,HONDURAS,DET,"LIGHT FUEL OIL GT=25 DEG API, GT 500 PPM SULFUR",318244,BBL,29350818,29350818,43110140,2024-12,HS10,2710191112
-,TOTAL FOR ALL DISTRICTS,2250,PANAMA,DET,"LIGHT FUEL OIL GT=25 DEG API, GT 500 PPM SULFUR",1242928,BBL,110966835,110966835,168042266,2024-12,HS10,2710191112
-,TOTAL FOR ALL DISTRICTS,2360,BAHAMAS,DET,"LIGHT FUEL OIL GT=25 DEG API, GT 500 PPM SULFUR",2349808,BBL,228784679,228784679,324130626,2024-12,HS10,2710191112
-,TOTAL FOR ALL DISTRICTS,2410,JAMAICA,DET,"LIGHT FUEL OIL GT=25 DEG API, GT 500 PPM SULFUR",301081,BBL,32560731,32560731,40631238,2024-12,HS10,2710191112
-,TOTAL FOR ALL DISTRICTS,2450,HAITI,DET,"LIGHT FUEL OIL GT=25 DEG API, GT 500 PPM SULFUR",1319231,BBL,126595075,126595075,176868822,2024-12,HS10,2710191112
-,TOTAL FOR ALL DISTRICTS,2470,DOMINICAN REPUBLIC,DET,"LIGHT FUEL OIL GT=25 DEG API, GT 500 PPM SULFUR",2810148,BBL,262615603,262615603,376963280,2024-12,HS10,2710191112
-,TOTAL FOR ALL DISTRICTS,2481,ANGUILLA,DET,"LIGHT FUEL OIL GT=25 DEG API, GT 500 PPM SULFUR",303,BBL,35489,35489,42025,2024-12,HS10,2710191112
-,TOTAL FOR ALL DISTRICTS,2482,BRITISH VIRGIN ISLANDS,DET,"LIGHT FUEL OIL GT=25 DEG API, GT 500 PPM SULFUR",178298,BBL,16441499,16441499,23913230,2024-12,HS10,2710191112
-,TOTAL FOR ALL DISTRICTS,2483,ST KITTS AND NEVIS,DET,"LIGHT FUEL OIL GT=25 DEG API, GT 500 PPM SULFUR",67708,BBL,6862834,6862834,9127573,2024-12,HS10,2710191112
-,TOTAL FOR ALL DISTRICTS,2484,ANTIGUA AND BARBUDA,DET,"LIGHT FUEL OIL GT=25 DEG API, GT 500 PPM SULFUR",280855,BBL,27049986,27049986,37770008,2024-12,HS10,2710191112
-,TOTAL FOR ALL DISTRICTS,2487,ST LUCIA,DET,"LIGHT FUEL OIL GT=25 DEG API, GT 500 PPM SULFUR",2174199,BBL,213952305,213952305,290666665,2024-12,HS10,2710191112
-,TOTAL FOR ALL DISTRICTS,2488,ST VINCENT AND THE GRENADINES,DET,"LIGHT FUEL OIL GT=25 DEG API, GT 500 PPM SULFUR",54649,BBL,5019369,5019369,7363931,2024-12,HS10,2710191112
-,TOTAL FOR ALL DISTRICTS,2489,GRENADA,DET,"LIGHT FUEL OIL GT=25 DEG API, GT 500 PPM SULFUR",123121,BBL,11149245,11149245,16526940,2024-12,HS10,2710191112
-,TOTAL FOR ALL DISTRICTS,2740,TRINIDAD AND TOBAGO,DET,"LIGHT FUEL OIL GT=25 DEG API, GT 500 PPM SULFUR",5001907,BBL,507414428,507414428,658084967,2024-12,HS10,2710191112
-,TOTAL FOR ALL DISTRICTS,2774,SINT MAARTEN,DET,"LIGHT FUEL OIL GT=25 DEG API, GT 500 PPM SULFUR",446,BBL,58033,58033,58872,2024-12,HS10,2710191112
-,TOTAL FOR ALL DISTRICTS,2777,CURACAO,DET,"LIGHT FUEL OIL GT=25 DEG API, GT 500 PPM SULFUR",415871,BBL,49353634,49353634,56251924,2024-12,HS10,2710191112
-,TOTAL FOR ALL DISTRICTS,2831,GUADELOUPE,DET,"LIGHT FUEL OIL GT=25 DEG API, GT 500 PPM SULFUR",527451,BBL,53694248,53694248,69431129,2024-12,HS10,2710191112
-,TOTAL FOR ALL DISTRICTS,2839,MARTINIQUE,DET,"LIGHT FUEL OIL GT=25 DEG API, GT 500 PPM SULFUR",12419,BBL,1076697,1076697,1682276,2024-12,HS10,2710191112
-,TOTAL FOR ALL DISTRICTS,2XXX,CENTRAL AMERICA,CGP,"LIGHT FUEL OIL GT=25 DEG API, GT 500 PPM SULFUR",17178667,BBL,1682981508,1682981508,2300665912,2024-12,HS10,2710191112
-,TOTAL FOR ALL DISTRICTS,3010,COLOMBIA,DET,"LIGHT FUEL OIL GT=25 DEG API, GT 500 PPM SULFUR",284060,BBL,26084917,26084917,38960970,2024-12,HS10,2710191112
-,TOTAL FOR ALL DISTRICTS,3120,GUYANA,DET,"LIGHT FUEL OIL GT=25 DEG API, GT 500 PPM SULFUR",10120,BBL,1022299,1022299,1344847,2024-12,HS10,2710191112
-,TOTAL FOR ALL DISTRICTS,3310,ECUADOR,DET,"LIGHT FUEL OIL GT=25 DEG API, GT 500 PPM SULFUR",4536843,BBL,409054064,409054064,615034219,2024-12,HS10,2710191112
-,TOTAL FOR ALL DISTRICTS,3510,BRAZIL,DET,"LIGHT FUEL OIL GT=25 DEG API, GT 500 PPM SULFUR",1768882,BBL,195975360,195975360,237091310,2024-12,HS10,2710191112
-,TOTAL FOR ALL DISTRICTS,3XXX,SOUTH AMERICA,CGP,"LIGHT FUEL OIL GT=25 DEG API, GT 500 PPM SULFUR",6599905,BBL,632136640,632136640,892431346,2024-12,HS10,2710191112
-,TOTAL FOR ALL DISTRICTS,4010,SWEDEN,DET,"LIGHT FUEL OIL GT=25 DEG API, GT 500 PPM SULFUR",1591,BBL,153800,153800,200000,2024-12,HS10,2710191112
-,TOTAL FOR ALL DISTRICTS,4039,NORWAY,DET,"LIGHT FUEL OIL GT=25 DEG API, GT 500 PPM SULFUR",248060,BBL,16693476,16693476,31160000,2024-12,HS10,2710191112
-,TOTAL FOR ALL DISTRICTS,4099,DENMARK,DET,"LIGHT FUEL OIL GT=25 DEG API, GT 500 PPM SULFUR",597,BBL,70875,70875,75000,2024-12,HS10,2710191112
-,TOTAL FOR ALL DISTRICTS,4120,UNITED KINGDOM,DET,"LIGHT FUEL OIL GT=25 DEG API, GT 500 PPM SULFUR",325043,BBL,29214841,29214841,43042969,2024-12,HS10,2710191112
-,TOTAL FOR ALL DISTRICTS,4210,NETHERLANDS,DET,"LIGHT FUEL OIL GT=25 DEG API, GT 500 PPM SULFUR",1191254,BBL,118370796,118370796,159073711,2024-12,HS10,2710191112
-,TOTAL FOR ALL DISTRICTS,4231,BELGIUM,DET,"LIGHT FUEL OIL GT=25 DEG API, GT 500 PPM SULFUR",433,BBL,37657,37657,59046,2024-12,HS10,2710191112
-,TOTAL FOR ALL DISTRICTS,4279,FRANCE,DET,"LIGHT FUEL OIL GT=25 DEG API, GT 500 PPM SULFUR",100506,BBL,12801823,12801823,15879215,2024-12,HS10,2710191112
-,TOTAL FOR ALL DISTRICTS,4280,GERMANY,DET,"LIGHT FUEL OIL GT=25 DEG API, GT 500 PPM SULFUR",956,BBL,86607,86607,120120,2024-12,HS10,2710191112
-,TOTAL FOR ALL DISTRICTS,4419,SWITZERLAND,DET,"LIGHT FUEL OIL GT=25 DEG API, GT 500 PPM SULFUR",1432,BBL,131400,131400,180000,2024-12,HS10,2710191112
-,TOTAL FOR ALL DISTRICTS,4710,PORTUGAL,DET,"LIGHT FUEL OIL GT=25 DEG API, GT 500 PPM SULFUR",19034,BBL,1634472,1634472,2642325,2024-12,HS10,2710191112
-,TOTAL FOR ALL DISTRICTS,4720,GIBRALTAR,DET,"LIGHT FUEL OIL GT=25 DEG API, GT 500 PPM SULFUR",150819,BBL,15090371,15090371,20451564,2024-12,HS10,2710191112
-,TOTAL FOR ALL DISTRICTS,4910,CYPRUS,DET,"LIGHT FUEL OIL GT=25 DEG API, GT 500 PPM SULFUR",5967,BBL,507950,507950,750000,2024-12,HS10,2710191112
-,TOTAL FOR ALL DISTRICTS,4XXX,EUROPE,CGP,"LIGHT FUEL OIL GT=25 DEG API, GT 500 PPM SULFUR",2045692,BBL,194794068,194794068,273633950,2024-12,HS10,2710191112
-,TOTAL FOR ALL DISTRICTS,5200,UNITED ARAB EMIRATES,DET,"LIGHT FUEL OIL GT=25 DEG API, GT 500 PPM SULFUR",1951,BBL,173146,173146,245100,2024-12,HS10,2710191112
-,TOTAL FOR ALL DISTRICTS,5XXX,ASIA,CGP,"LIGHT FUEL OIL GT=25 DEG API, GT 500 PPM SULFUR",1951,BBL,173146,173146,245100,2024-12,HS10,2710191112
-,TOTAL FOR ALL DISTRICTS,7650,LIBERIA,DET,"LIGHT FUEL OIL GT=25 DEG API, GT 500 PPM SULFUR",53438,BBL,5905242,5905242,7240355,2024-12,HS10,2710191112
-,TOTAL FOR ALL DISTRICTS,7380,EQUATORIAL GUINEA,DET,"LIGHT FUEL OIL GT=25 DEG API, GT 500 PPM SULFUR",7,BBL,5147,5147,1017,2024-12,HS10,2710191112
-,TOTAL FOR ALL DISTRICTS,7440,SENEGAL,DET,"LIGHT FUEL OIL GT=25 DEG API, GT 500 PPM SULFUR",300530,BBL,27253824,27253824,41108340,2024-12,HS10,2710191112
-,TOTAL FOR ALL DISTRICTS,7520,TOGO,DET,"LIGHT FUEL OIL GT=25 DEG API, GT 500 PPM SULFUR",280160,BBL,24047240,24047240,38441443,2024-12,HS10,2710191112
-,TOTAL FOR ALL DISTRICTS,7XXX,AFRICA,CGP,"LIGHT FUEL OIL GT=25 DEG API, GT 500 PPM SULFUR",634135,BBL,57211453,57211453,86791155,2024-12,HS10,2710191112
01,"PORTLAND, ME",-,TOTAL FOR ALL COUNTRIES,DET,"PET OILS/OILS FROM BITMNS MINRLS, CONT BIODIESEL",17,BBL,6606,0,0,2024-12,HS10,2710200000
07,"OGDENSBURG, NY",-,TOTAL FOR ALL COUNTRIES,DET,"PET OILS/OILS FROM BITMNS MINRLS, CONT BIODIESEL",227,BBL,24436,0,0,2024-12,HS10,2710200000
09,"BUFFALO, NY",-,TOTAL FOR ALL COUNTRIES,DET,"PET OILS/OILS FROM BITMNS MINRLS, CONT BIODIESEL",2356,BBL,143420,0,0,2024-12,HS10,2710200000
10,"NEW YORK CITY, NY",-,TOTAL FOR ALL COUNTRIES,DET,"PET OILS/OILS FROM BITMNS MINRLS, CONT BIODIESEL",41811,BBL,3073462,3070312,3880041,2024-12,HS10,2710200000
17,"SAVANNAH, GA",-,TOTAL FOR ALL COUNTRIES,DET,"PET OILS/OILS FROM BITMNS MINRLS, CONT BIODIESEL",654,BBL,131696,131696,66789,2024-12,HS10,2710200000
18,"TAMPA, FL",-,TOTAL FOR ALL COUNTRIES,DET,"PET OILS/OILS FROM BITMNS MINRLS, CONT BIODIESEL",164,BBL,113205,113205,15587,2024-12,HS10,2710200000
20,"NEW ORLEANS, LA",-,TOTAL FOR ALL COUNTRIES,DET,"PET OILS/OILS FROM BITMNS MINRLS, CONT BIODIESEL",6186056,BBL,622759102,622759102,825591464,2024-12,HS10,2710200000
23,"LAREDO, TX",-,TOTAL FOR ALL COUNTRIES,DET,"PET OILS/OILS FROM BITMNS MINRLS, CONT BIODIESEL",4977,BBL,589750,0,0,2024-12,HS10,2710200000
24,"EL PASO, TX",-,TOTAL FOR ALL COUNTRIES,DET,"PET OILS/OILS FROM BITMNS MINRLS, CONT BIODIESEL",166,BBL,31207,0,0,2024-12,HS10,2710200000
27,"LOS ANGELES, CA",-,TOTAL FOR ALL COUNTRIES,DET,"PET OILS/OILS FROM BITMNS MINRLS, CONT BIODIESEL",8503,BBL,690670,690670,825822,2024-12,HS10,2710200000
30,"SEATTLE, WA",-,TOTAL FOR ALL COUNTRIES,DET,"PET OILS/OILS FROM BITMNS MINRLS, CONT BIODIESEL",566,BBL,42251,0,0,2024-12,HS10,2710200000
33,"GREAT FALLS, MT",-,TOTAL FOR ALL COUNTRIES,DET,"PET OILS/OILS FROM BITMNS MINRLS, CONT BIODIESEL",35,BBL,19536,0,0,2024-12,HS10,2710200000
34,"PEMBINA, ND",-,TOTAL FOR ALL COUNTRIES,DET,"PET OILS/OILS FROM BITMNS MINRLS, CONT BIODIESEL",484,BBL,28459,0,0,2024-12,HS10,2710200000
38,"DETROIT, MI",-,TOTAL FOR ALL COUNTRIES,DET,"PET OILS/OILS FROM BITMNS MINRLS, CONT BIODIESEL",2524,BBL,202571,0,0,2024-12,HS10,2710200000
39,"CHICAGO, IL",-,TOTAL FOR ALL COUNTRIES,DET,"PET OILS/OILS FROM BITMNS MINRLS, CONT BIODIESEL",30,BBL,9470,0,0,2024-12,HS10,2710200000
41,"CLEVELAND, OH",-,TOTAL FOR ALL COUNTRIES,DET,"PET OILS/OILS FROM BITMNS MINRLS, CONT BIODIESEL",2,BBL,6661,0,0,2024-12,HS10,2710200000
49,"SAN JUAN, PR",-,TOTAL FOR ALL COUNTRIES,DET,"PET OILS/OILS FROM BITMNS MINRLS, CONT BIODIESEL",456,BBL,65024,65024,58719,2024-12,HS10,2710200000
52,"MIAMI, FL",-,TOTAL FOR ALL COUNTRIES,DET,"PET OILS/OILS FROM BITMNS MINRLS, CONT BIODIESEL",4262,BBL,294189,280209,398734,2024-12,HS10,2710200000
53,"HOUSTON-GALVESTON, TX",-,TOTAL FOR ALL COUNTRIES,DET,"PET OILS/OILS FROM BITMNS MINRLS, CONT BIODIESEL",1759300,BBL,185744242,185739642,235639387,2024-12,HS10,2710200000
70,LOW VALUE,-,TOTAL FOR ALL COUNTRIES,DET,"PET OILS/OILS FROM BITMNS MINRLS, CONT BIODIESEL",2568,BBL,238945,0,0,2024-12,HS10,2710200000
-,TOTAL FOR ALL DISTRICTS,-,TOTAL FOR ALL COUNTRIES,DET,"PET OILS/OILS FROM BITMNS MINRLS, CONT BIODIESEL",8015158,BBL,814214902,812849860,1066476543,2024-12,HS10,2710200000
01,"PORTLAND, ME",0020,USMCA (NAFTA),CGP,"PET OILS/OILS FROM BITMNS MINRLS, CONT BIODIESEL",17,BBL,6606,0,0,2024-12,HS10,2710200000
01,"PORTLAND, ME",0022,OECD,CGP,"PET OILS/OILS FROM BITMNS MINRLS, CONT BIODIESEL",17,BBL,6606,0,0,2024-12,HS10,2710200000
01,"PORTLAND, ME",0023,NATO,CGP,"PET OILS/OILS FROM BITMNS MINRLS, CONT BIODIESEL",17,BBL,6606,0,0,2024-12,HS10,2710200000
01,"PORTLAND, ME",0026,APEC,CGP,"PET OILS/OILS FROM BITMNS MINRLS, CONT BIODIESEL",17,BBL,6606,0,0,2024-12,HS10,2710200000
01,"PORTLAND, ME",1220,CANADA,DET,"PET OILS/OILS FROM BITMNS MINRLS, CONT BIODIESEL",17,BBL,6606,0,0,2024-12,HS10,2710200000
01,"PORTLAND, ME",1XXX,NORTH AMERICA,CGP,"PET OILS/OILS FROM BITMNS MINRLS, CONT BIODIESEL",17,BBL,6606,0,0,2024-12,HS10,2710200000
07,"OGDENSBURG, NY",0020,USMCA (NAFTA),CGP,"PET OILS/OILS FROM BITMNS MINRLS, CONT BIODIESEL",227,BBL,24436,0,0,2024-12,HS10,2710200000
07,"OGDENSBURG, NY",0022,OECD,CGP,"PET OILS/OILS FROM BITMNS MINRLS, CONT BIODIESEL",227,BBL,24436,0,0,2024-12,HS10,2710200000
07,"OGDENSBURG, NY",0023,NATO,CGP,"PET OILS/OILS FROM BITMNS MINRLS, CONT BIODIESEL",227,BBL,24436,0,0,2024-12,HS10,2710200000
07,"OGDENSBURG, NY",0026,APEC,CGP,"PET OILS/OILS FROM BITMNS MINRLS, CONT BIODIESEL",227,BBL,24436,0,0,2024-12,HS10,2710200000
07,"OGDENSBURG, NY",1220,CANADA,DET,"PET OILS/OILS FROM BITMNS MINRLS, CONT BIODIESEL",227,BBL,24436,0,0,2024-12,HS10,2710200000
07,"OGDENSBURG, NY",1XXX,NORTH AMERICA,CGP,"PET OILS/OILS FROM BITMNS MINRLS, CONT BIODIESEL",227,BBL,24436,0,0,2024-12,HS10,2710200000
09,"BUFFALO, NY",0020,USMCA (NAFTA),CGP,"PET OILS/OILS FROM BITMNS MINRLS, CONT BIODIESEL",2356,BBL,143420,0,0,2024-12,HS10,2710200000
09,"BUFFALO, NY",0022,OECD,CGP,"PET OILS/OILS FROM BITMNS MINRLS, CONT BIODIESEL",2356,BBL,143420,0,0,2024-12,HS10,2710200000
09,"BUFFALO, NY",0023,NATO,CGP,"PET OILS/OILS FROM BITMNS MINRLS, CONT BIODIESEL",2356,BBL,143420,0,0,2024-12,HS10,2710200000
09,"BUFFALO, NY",0026,APEC,CGP,"PET OILS/OILS FROM BITMNS MINRLS, CONT BIODIESEL",2356,BBL,143420,0,0,2024-12,HS10,2710200000
09,"BUFFALO, NY",1220,CANADA,DET,"PET OILS/OILS FROM BITMNS MINRLS, CONT BIODIESEL",2356,BBL,143420,0,0,2024-12,HS10,2710200000
09,"BUFFALO, NY",1XXX,NORTH AMERICA,CGP,"PET OILS/OILS FROM BITMNS MINRLS, CONT BIODIESEL",2356,BBL,143420,0,0,2024-12,HS10,2710200000
10,"NEW YORK CITY, NY",0003,EUROPEAN UNION,CGP,"PET OILS/OILS FROM BITMNS MINRLS, CONT BIODIESEL",10362,BBL,645500,645500,893010,2024-12,HS10,2710200000
10,"NEW YORK CITY, NY",0014,PACIFIC RIM COUNTRIES,CGP,"PET OILS/OILS FROM BITMNS MINRLS, CONT BIODIESEL",30088,BBL,2240930,2237780,2852090,2024-12,HS10,2710200000
10,"NEW YORK CITY, NY",0017,CAFTA-DR,CGP,"PET OILS/OILS FROM BITMNS MINRLS, CONT BIODIESEL",121,BBL,67886,67886,16589,2024-12,HS10,2710200000
10,"NEW YORK CITY, NY",0021,TWENTY LATIN AMERICAN REPUBLICS,CGP,"PET OILS/OILS FROM BITMNS MINRLS, CONT BIODIESEL",121,BBL,67886,67886,16589,2024-12,HS10,2710200000
10,"NEW YORK CITY, NY",0022,OECD,CGP,"PET OILS/OILS FROM BITMNS MINRLS, CONT BIODIESEL",41272,BBL,2947470,2944320,3823190,2024-12,HS10,2710200000
10,"NEW YORK CITY, NY",0023,NATO,CGP,"PET OILS/OILS FROM BITMNS MINRLS, CONT BIODIESEL",11184,BBL,706540,706540,971100,2024-12,HS10,2710200000
10,"NEW YORK CITY, NY",0025,EURO AREA,CGP,"PET OILS/OILS FROM BITMNS MINRLS, CONT BIODIESEL",10362,BBL,645500,645500,893010,2024-12,HS10,2710200000
10,"NEW YORK CITY, NY",0026,APEC,CGP,"PET OILS/OILS FROM BITMNS MINRLS, CONT BIODIESEL",30088,BBL,2240930,2237780,2852090,2024-12,HS10,2710200000
10,"NEW YORK CITY, NY",0028,CACM,CGP,"PET OILS/OILS FROM BITMNS MINRLS, CONT BIODIESEL",121,BBL,67886,67886,16589,2024-12,HS10,2710200000
10,"NEW YORK CITY, NY",2110,EL SALVADOR,DET,"PET OILS/OILS FROM BITMNS MINRLS, CONT BIODIESEL",121,BBL,67886,67886,16589,2024-12,HS10,2710200000
10,"NEW YORK CITY, NY",2XXX,CENTRAL AMERICA,CGP,"PET OILS/OILS FROM BITMNS MINRLS, CONT BIODIESEL",121,BBL,67886,67886,16589,2024-12,HS10,2710200000
10,"NEW YORK CITY, NY",3120,GUYANA,DET,"PET OILS/OILS FROM BITMNS MINRLS, CONT BIODIESEL",32,BBL,15800,15800,3000,2024-12,HS10,2710200000
10,"NEW YORK CITY, NY",3XXX,SOUTH AMERICA,CGP,"PET OILS/OILS FROM BITMNS MINRLS, CONT BIODIESEL",32,BBL,15800,15800,3000,2024-12,HS10,2710200000
10,"NEW YORK CITY, NY",4231,BELGIUM,DET,"PET OILS/OILS FROM BITMNS MINRLS, CONT BIODIESEL",1224,BBL,44950,44950,116280,2024-12,HS10,2710200000
10,"NEW YORK CITY, NY",4759,ITALY,DET,"PET OILS/OILS FROM BITMNS MINRLS, CONT BIODIESEL",9138,BBL,600550,600550,776730,2024-12,HS10,2710200000
10,"NEW YORK CITY, NY",4890,TURKEY,DET,"PET OILS/OILS FROM BITMNS MINRLS, CONT BIODIESEL",822,BBL,61040,61040,78090,2024-12,HS10,2710200000
10,"NEW YORK CITY, NY",4XXX,EUROPE,CGP,"PET OILS/OILS FROM BITMNS MINRLS, CONT BIODIESEL",11184,BBL,706540,706540,971100,2024-12,HS10,2710200000
10,"NEW YORK CITY, NY",5180,QATAR,DET,"PET OILS/OILS FROM BITMNS MINRLS, CONT BIODIESEL",5,BBL,6205,6205,1079,2024-12,HS10,2710200000
10,"NEW YORK CITY, NY",5330,INDIA,DET,"PET OILS/OILS FROM BITMNS MINRLS, CONT BIODIESEL",59,BBL,2838,2838,5605,2024-12,HS10,2710200000
10,"NEW YORK CITY, NY",5800,"KOREA, SOUTH",DET,"PET OILS/OILS FROM BITMNS MINRLS, CONT BIODIESEL",30088,BBL,2240930,2237780,2852090,2024-12,HS10,2710200000
10,"NEW YORK CITY, NY",5XXX,ASIA,CGP,"PET OILS/OILS FROM BITMNS MINRLS, CONT BIODIESEL",30152,BBL,2249973,2246823,2858774,2024-12,HS10,2710200000
10,"NEW YORK CITY, NY",7290,EGYPT,DET,"PET OILS/OILS FROM BITMNS MINRLS, CONT BIODIESEL",266,BBL,17496,17496,25270,2024-12,HS10,2710200000
10,"NEW YORK CITY, NY",7910,SOUTH AFRICA,DET,"PET OILS/OILS FROM BITMNS MINRLS, CONT BIODIESEL",56,BBL,15767,15767,5308,2024-12,HS10,2710200000
10,"NEW YORK CITY, NY",7XXX,AFRICA,CGP,"PET OILS/OILS FROM BITMNS MINRLS, CONT BIODIESEL",322,BBL,33263,33263,30578,2024-12,HS10,2710200000
17,"SAVANNAH, GA",0017,CAFTA-DR,CGP,"PET OILS/OILS FROM BITMNS MINRLS, CONT BIODIESEL",376,BBL,102979,102979,40386,2024-12,HS10,2710200000
17,"SAVANNAH, GA",0021,TWENTY LATIN AMERICAN REPUBLICS,CGP,"PET OILS/OILS FROM BITMNS MINRLS, CONT BIODIESEL",376,BBL,102979,102979,40386,2024-12,HS10,2710200000
17,"SAVANNAH, GA",0022,OECD,CGP,"PET OILS/OILS FROM BITMNS MINRLS, CONT BIODIESEL",533,BBL,69917,69917,50643,2024-12,HS10,2710200000
17,"SAVANNAH, GA",0028,CACM,CGP,"PET OILS/OILS FROM BITMNS MINRLS, CONT BIODIESEL",376,BBL,102979,102979,40386,2024-12,HS10,2710200000
17,"SAVANNAH, GA",2110,EL SALVADOR,DET,"PET OILS/OILS FROM BITMNS MINRLS, CONT BIODIESEL",121,BBL,61779,61779,16146,2024-12,HS10,2710200000
17,"SAVANNAH, GA",2230,COSTA RICA,DET,"PET OILS/OILS FROM BITMNS MINRLS, CONT BIODIESEL",255,BBL,41200,41200,24240,2024-12,HS10,2710200000
17,"SAVANNAH, GA",2XXX,CENTRAL AMERICA,CGP,"PET OILS/OILS FROM BITMNS MINRLS, CONT BIODIESEL",376,BBL,102979,102979,40386,2024-12,HS10,2710200000
17,"SAVANNAH, GA",5081,ISRAEL,DET,"PET OILS/OILS FROM BITMNS MINRLS, CONT BIODIESEL",278,BBL,28717,28717,26403,2024-12,HS10,2710200000
17,"SAVANNAH, GA",5XXX,ASIA,CGP,"PET OILS/OILS FROM BITMNS MINRLS, CONT BIODIESEL",278,BBL,28717,28717,26403,2024-12,HS10,2710200000
18,"TAMPA, FL",0021,TWENTY LATIN AMERICAN REPUBLICS,CGP,"PET OILS/OILS FROM BITMNS MINRLS, CONT BIODIESEL",164,BBL,113205,113205,15587,2024-12,HS10,2710200000
18,"TAMPA, FL",0024,LAFTA,CGP,"PET OILS/OILS FROM BITMNS MINRLS, CONT BIODIESEL",164,BBL,113205,113205,15587,2024-12,HS10,2710200000
18,"TAMPA, FL",3570,ARGENTINA,DET,"PET OILS/OILS FROM BITMNS MINRLS, CONT BIODIESEL",164,BBL,113205,113205,15587,2024-12,HS10,2710200000
18,"TAMPA, FL",3XXX,SOUTH AMERICA,CGP,"PET OILS/OILS FROM BITMNS MINRLS, CONT BIODIESEL",164,BBL,113205,113205,15587,2024-12,HS10,2710200000
20,"NEW ORLEANS, LA",0017,CAFTA-DR,CGP,"PET OILS/OILS FROM BITMNS MINRLS, CONT BIODIESEL",363,BBL,143736,143736,54343,2024-12,HS10,2710200000
20,"NEW ORLEANS, LA",0021,TWENTY LATIN AMERICAN REPUBLICS,CGP,"PET OILS/OILS FROM BITMNS MINRLS, CONT BIODIESEL",6156199,BBL,617643102,617643102,821918335,2024-12,HS10,2710200000
20,"NEW ORLEANS, LA",0024,LAFTA,CGP,"PET OILS/OILS FROM BITMNS MINRLS, CONT BIODIESEL",6155836,BBL,617499366,617499366,821863992,2024-12,HS10,2710200000
20,"NEW ORLEANS, LA",0026,APEC,CGP,"PET OILS/OILS FROM BITMNS MINRLS, CONT BIODIESEL",6155836,BBL,617499366,617499366,821863992,2024-12,HS10,2710200000
20,"NEW ORLEANS, LA",0028,CACM,CGP,"PET OILS/OILS FROM BITMNS MINRLS, CONT BIODIESEL",363,BBL,143736,143736,54343,2024-12,HS10,2710200000
20,"NEW ORLEANS, LA",2110,EL SALVADOR,DET,"PET OILS/OILS FROM BITMNS MINRLS, CONT BIODIESEL",363,BBL,143736,143736,54343,2024-12,HS10,2710200000
20,"NEW ORLEANS, LA",2XXX,CENTRAL AMERICA,CGP,"PET OILS/OILS FROM BITMNS MINRLS, CONT BIODIESEL",363,BBL,143736,143736,54343,2024-12,HS10,2710200000
20,"NEW ORLEANS, LA",3330,PERU,DET,"PET OILS/OILS FROM BITMNS MINRLS, CONT BIODIESEL",6155836,BBL,617499366,617499366,821863992,2024-12,HS10,2710200000
20,"NEW ORLEANS, LA",3XXX,SOUTH AMERICA,CGP,"PET OILS/OILS FROM BITMNS MINRLS, CONT BIODIESEL",6155836,BBL,617499366,617499366,821863992,2024-12,HS10,2710200000
20,"NEW ORLEANS, LA",7650,LIBERIA,DET,"PET OILS/OILS FROM BITMNS MINRLS, CONT BIODIESEL",29857,BBL,5116000,5116000,3673129,2024-12,HS10,2710200000
20,"NEW ORLEANS, LA",7XXX,AFRICA,CGP,"PET OILS/OILS FROM BITMNS MINRLS, CONT BIODIESEL",29857,BBL,5116000,5116000,3673129,2024-12,HS10,2710200000
23,"LAREDO, TX",0020,USMCA (NAFTA),CGP,"PET OILS/OILS FROM BITMNS MINRLS, CONT BIODIESEL",4977,BBL,589750,0,0,2024-12,HS10,2710200000
23,"LAREDO, TX",0021,TWENTY LATIN AMERICAN REPUBLICS,CGP,"PET OILS/OILS FROM BITMNS MINRLS, CONT BIODIESEL",4977,BBL,589750,0,0,2024-12,HS10,2710200000
23,"LAREDO, TX",0022,OECD,CGP,"PET OILS/OILS FROM BITMNS MINRLS, CONT BIODIESEL",4977,BBL,589750,0,0,2024-12,HS10,2710200000
23,"LAREDO, TX",0024,LAFTA,CGP,"PET OILS/OILS FROM BITMNS MINRLS, CONT BIODIESEL",4977,BBL,589750,0,0,2024-12,HS10,2710200000
23,"LAREDO, TX",0026,APEC,CGP,"PET OILS/OILS FROM BITMNS MINRLS, CONT BIODIESEL",4977,BBL,589750,0,0,2024-12,HS10,2710200000
23,"LAREDO, TX",1XXX,NORTH AMERICA,CGP,"PET OILS/OILS FROM BITMNS MINRLS, CONT BIODIESEL",4977,BBL,589750,0,0,2024-12,HS10,2710200000
23,"LAREDO, TX",2010,MEXICO,DET,"PET OILS/OILS FROM BITMNS MINRLS, CONT BIODIESEL",4977,BBL,589750,0,0,2024-12,HS10,2710200000
24,"EL PASO, TX",0020,USMCA (NAFTA),CGP,"PET OILS/OILS FROM BITMNS MINRLS, CONT BIODIESEL",166,BBL,31207,0,0,2024-12,HS10,2710200000
24,"EL PASO, TX",0021,TWENTY LATIN AMERICAN REPUBLICS,CGP,"PET OILS/OILS FROM BITMNS MINRLS, CONT BIODIESEL",166,BBL,31207,0,0,2024-12,HS10,2710200000
24,"EL PASO, TX",0022,OECD,CGP,"PET OILS/OILS FROM BITMNS MINRLS, CONT BIODIESEL",166,BBL,31207,0,0,2024-12,HS10,2710200000
24,"EL PASO, TX",0024,LAFTA,CGP,"PET OILS/OILS FROM BITMNS MINRLS, CONT BIODIESEL",166,BBL,31207,0,0,2024-12,HS10,2710200000
24,"EL PASO, TX",0026,APEC,CGP,"PET OILS/OILS FROM BITMNS MINRLS, CONT BIODIESEL",166,BBL,31207,0,0,2024-12,HS10,2710200000
24,"EL PASO, TX",1XXX,NORTH AMERICA,CGP,"PET OILS/OILS FROM BITMNS MINRLS, CONT BIODIESEL",166,BBL,31207,0,0,2024-12,HS10,2710200000
24,"EL PASO, TX",2010,MEXICO,DET,"PET OILS/OILS FROM BITMNS MINRLS, CONT BIODIESEL",166,BBL,31207,0,0,2024-12,HS10,2710200000
27,"LOS ANGELES, CA",0014,PACIFIC RIM COUNTRIES,CGP,"PET OILS/OILS FROM BITMNS MINRLS, CONT BIODIESEL",8382,BBL,646670,646670,810543,2024-12,HS10,2710200000
27,"LOS ANGELES, CA",0017,CAFTA-DR,CGP,"PET OILS/OILS FROM BITMNS MINRLS, CONT BIODIESEL",121,BBL,44000,44000,15279,2024-12,HS10,2710200000
27,"LOS ANGELES, CA",0021,TWENTY LATIN AMERICAN REPUBLICS,CGP,"PET OILS/OILS FROM BITMNS MINRLS, CONT BIODIESEL",121,BBL,44000,44000,15279,2024-12,HS10,2710200000
27,"LOS ANGELES, CA",0022,OECD,CGP,"PET OILS/OILS FROM BITMNS MINRLS, CONT BIODIESEL",8317,BBL,589283,589283,792533,2024-12,HS10,2710200000
27,"LOS ANGELES, CA",0026,APEC,CGP,"PET OILS/OILS FROM BITMNS MINRLS, CONT BIODIESEL",8382,BBL,646670,646670,810543,2024-12,HS10,2710200000
27,"LOS ANGELES, CA",0028,CACM,CGP,"PET OILS/OILS FROM BITMNS MINRLS, CONT BIODIESEL",121,BBL,44000,44000,15279,2024-12,HS10,2710200000
27,"LOS ANGELES, CA",2110,EL SALVADOR,DET,"PET OILS/OILS FROM BITMNS MINRLS, CONT BIODIESEL",121,BBL,44000,44000,15279,2024-12,HS10,2710200000
27,"LOS ANGELES, CA",2XXX,CENTRAL AMERICA,CGP,"PET OILS/OILS FROM BITMNS MINRLS, CONT BIODIESEL",121,BBL,44000,44000,15279,2024-12,HS10,2710200000
27,"LOS ANGELES, CA",5800,"KOREA, SOUTH",DET,"PET OILS/OILS FROM BITMNS MINRLS, CONT BIODIESEL",8297,BBL,568959,568959,788281,2024-12,HS10,2710200000
27,"LOS ANGELES, CA",5820,HONG KONG,DET,"PET OILS/OILS FROM BITMNS MINRLS, CONT BIODIESEL",65,BBL,57387,57387,18010,2024-12,HS10,2710200000
27,"LOS ANGELES, CA",5880,JAPAN,DET,"PET OILS/OILS FROM BITMNS MINRLS, CONT BIODIESEL",20,BBL,20324,20324,4252,2024-12,HS10,2710200000
27,"LOS ANGELES, CA",5XXX,ASIA,CGP,"PET OILS/OILS FROM BITMNS MINRLS, CONT BIODIESEL",8382,BBL,646670,646670,810543,2024-12,HS10,2710200000
30,"SEATTLE, WA",0020,USMCA (NAFTA),CGP,"PET OILS/OILS FROM BITMNS MINRLS, CONT BIODIESEL",566,BBL,42251,0,0,2024-12,HS10,2710200000
30,"SEATTLE, WA",0022,OECD,CGP,"PET OILS/OILS FROM BITMNS MINRLS, CONT BIODIESEL",566,BBL,42251,0,0,2024-12,HS10,2710200000
30,"SEATTLE, WA",0023,NATO,CGP,"PET OILS/OILS FROM BITMNS MINRLS, CONT BIODIESEL",566,BBL,42251,0,0,2024-12,HS10,2710200000
30,"SEATTLE, WA",0026,APEC,CGP,"PET OILS/OILS FROM BITMNS MINRLS, CONT BIODIESEL",566,BBL,42251,0,0,2024-12,HS10,2710200000
30,"SEATTLE, WA",1220,CANADA,DET,"PET OILS/OILS FROM BITMNS MINRLS, CONT BIODIESEL",566,BBL,42251,0,0,2024-12,HS10,2710200000
30,"SEATTLE, WA",1XXX,NORTH AMERICA,CGP,"PET OILS/OILS FROM BITMNS MINRLS, CONT BIODIESEL",566,BBL,42251,0,0,2024-12,HS10,2710200000
33,"GREAT FALLS, MT",0014,PACIFIC RIM COUNTRIES,CGP,"PET OILS/OILS FROM BITMNS MINRLS, CONT BIODIESEL",35,BBL,19536,0,0,2024-12,HS10,2710200000
33,"GREAT FALLS, MT",0022,OECD,CGP,"PET OILS/OILS FROM BITMNS MINRLS, CONT BIODIESEL",35,BBL,19536,0,0,2024-12,HS10,2710200000
33,"GREAT FALLS, MT",0026,APEC,CGP,"PET OILS/OILS FROM BITMNS MINRLS, CONT BIODIESEL",35,BBL,19536,0,0,2024-12,HS10,2710200000
33,"GREAT FALLS, MT",5880,JAPAN,DET,"PET OILS/OILS FROM BITMNS MINRLS, CONT BIODIESEL",35,BBL,19536,0,0,2024-12,HS10,2710200000
33,"GREAT FALLS, MT",5XXX,ASIA,CGP,"PET OILS/OILS FROM BITMNS MINRLS, CONT BIODIESEL",35,BBL,19536,0,0,2024-12,HS10,2710200000
34,"PEMBINA, ND",0020,USMCA (NAFTA),CGP,"PET OILS/OILS FROM BITMNS MINRLS, CONT BIODIESEL",484,BBL,28459,0,0,2024-12,HS10,2710200000
34,"PEMBINA, ND",0022,OECD,CGP,"PET OILS/OILS FROM BITMNS MINRLS, CONT BIODIESEL",484,BBL,28459,0,0,2024-12,HS10,2710200000
34,"PEMBINA, ND",0023,NATO,CGP,"PET OILS/OILS FROM BITMNS MINRLS, CONT BIODIESEL",484,BBL,28459,0,0,2024-12,HS10,2710200000
34,"PEMBINA, ND",0026,APEC,CGP,"PET OILS/OILS FROM BITMNS MINRLS, CONT BIODIESEL",484,BBL,28459,0,0,2024-12,HS10,2710200000
34,"PEMBINA, ND",1220,CANADA,DET,"PET OILS/OILS FROM BITMNS MINRLS, CONT BIODIESEL",484,BBL,28459,0,0,2024-12,HS10,2710200000
34,"PEMBINA, ND",1XXX,NORTH AMERICA,CGP,"PET OILS/OILS FROM BITMNS MINRLS, CONT BIODIESEL",484,BBL,28459,0,0,2024-12,HS10,2710200000
38,"DETROIT, MI",0020,USMCA (NAFTA),CGP,"PET OILS/OILS FROM BITMNS MINRLS, CONT BIODIESEL",2429,BBL,198014,0,0,2024-12,HS10,2710200000
38,"DETROIT, MI",0022,OECD,CGP,"PET OILS/OILS FROM BITMNS MINRLS, CONT BIODIESEL",2524,BBL,202571,0,0,2024-12,HS10,2710200000
38,"DETROIT, MI",0023,NATO,CGP,"PET OILS/OILS FROM BITMNS MINRLS, CONT BIODIESEL",2524,BBL,202571,0,0,2024-12,HS10,2710200000
38,"DETROIT, MI",0026,APEC,CGP,"PET OILS/OILS FROM BITMNS MINRLS, CONT BIODIESEL",2429,BBL,198014,0,0,2024-12,HS10,2710200000
38,"DETROIT, MI",1220,CANADA,DET,"PET OILS/OILS FROM BITMNS MINRLS, CONT BIODIESEL",2429,BBL,198014,0,0,2024-12,HS10,2710200000
38,"DETROIT, MI",1XXX,NORTH AMERICA,CGP,"PET OILS/OILS FROM BITMNS MINRLS, CONT BIODIESEL",2429,BBL,198014,0,0,2024-12,HS10,2710200000
38,"DETROIT, MI",4120,UNITED KINGDOM,DET,"PET OILS/OILS FROM BITMNS MINRLS, CONT BIODIESEL",95,BBL,4557,0,0,2024-12,HS10,2710200000
38,"DETROIT, MI",4XXX,EUROPE,CGP,"PET OILS/OILS FROM BITMNS MINRLS, CONT BIODIESEL",95,BBL,4557,0,0,2024-12,HS10,2710200000
39,"CHICAGO, IL",0014,PACIFIC RIM COUNTRIES,CGP,"PET OILS/OILS FROM BITMNS MINRLS, CONT BIODIESEL",30,BBL,9470,0,0,2024-12,HS10,2710200000
39,"CHICAGO, IL",0022,OECD,CGP,"PET OILS/OILS FROM BITMNS MINRLS, CONT BIODIESEL",30,BBL,9470,0,0,2024-12,HS10,2710200000
39,"CHICAGO, IL",0026,APEC,CGP,"PET OILS/OILS FROM BITMNS MINRLS, CONT BIODIESEL",30,BBL,9470,0,0,2024-12,HS10,2710200000
39,"CHICAGO, IL",5800,"KOREA, SOUTH",DET,"PET OILS/OILS FROM BITMNS MINRLS, CONT BIODIESEL",30,BBL,9470,0,0,2024-12,HS10,2710200000
39,"CHICAGO, IL",5XXX,ASIA,CGP,"PET OILS/OILS FROM BITMNS MINRLS, CONT BIODIESEL",30,BBL,9470,0,0,2024-12,HS10,2710200000
41,"CLEVELAND, OH",0014,PACIFIC RIM COUNTRIES,CGP,"PET OILS/OILS FROM BITMNS MINRLS, CONT BIODIESEL",2,BBL,6661,0,0,2024-12,HS10,2710200000
41,"CLEVELAND, OH",0026,APEC,CGP,"PET OILS/OILS FROM BITMNS MINRLS, CONT BIODIESEL",2,BBL,6661,0,0,2024-12,HS10,2710200000
41,"CLEVELAND, OH",5700,CHINA,DET,"PET OILS/OILS FROM BITMNS MINRLS, CONT BIODIESEL",2,BBL,6661,0,0,2024-12,HS10,2710200000
41,"CLEVELAND, OH",5XXX,ASIA,CGP,"PET OILS/OILS FROM BITMNS MINRLS, CONT BIODIESEL",2,BBL,6661,0,0,2024-12,HS10,2710200000
49,"SAN JUAN, PR",2774,SINT MAARTEN,DET,"PET OILS/OILS FROM BITMNS MINRLS, CONT BIODIESEL",456,BBL,65024,65024,58719,2024-12,HS10,2710200000
49,"SAN JUAN, PR",2XXX,CENTRAL AMERICA,CGP,"PET OILS/OILS FROM BITMNS MINRLS, CONT BIODIESEL",456,BBL,65024,65024,58719,2024-12,HS10,2710200000
52,"MIAMI, FL",0014,PACIFIC RIM COUNTRIES,CGP,"PET OILS/OILS FROM BITMNS MINRLS, CONT BIODIESEL",58,BBL,6222,0,0,2024-12,HS10,2710200000
52,"MIAMI, FL",0017,CAFTA-DR,CGP,"PET OILS/OILS FROM BITMNS MINRLS, CONT BIODIESEL",115,BBL,32902,32902,11671,2024-12,HS10,2710200000
52,"MIAMI, FL",0021,TWENTY LATIN AMERICAN REPUBLICS,CGP,"PET OILS/OILS FROM BITMNS MINRLS, CONT BIODIESEL",4031,BBL,263629,255871,374559,2024-12,HS10,2710200000
52,"MIAMI, FL",0022,OECD,CGP,"PET OILS/OILS FROM BITMNS MINRLS, CONT BIODIESEL",36,BBL,22014,22014,3408,2024-12,HS10,2710200000
52,"MIAMI, FL",0024,LAFTA,CGP,"PET OILS/OILS FROM BITMNS MINRLS, CONT BIODIESEL",3233,BBL,198139,190381,298003,2024-12,HS10,2710200000
52,"MIAMI, FL",0026,APEC,CGP,"PET OILS/OILS FROM BITMNS MINRLS, CONT BIODIESEL",94,BBL,28236,22014,3408,2024-12,HS10,2710200000
52,"MIAMI, FL",0028,CACM,CGP,"PET OILS/OILS FROM BITMNS MINRLS, CONT BIODIESEL",2,BBL,2568,2568,652,2024-12,HS10,2710200000
52,"MIAMI, FL",2050,GUATEMALA,DET,"PET OILS/OILS FROM BITMNS MINRLS, CONT BIODIESEL",2,BBL,2568,2568,652,2024-12,HS10,2710200000
52,"MIAMI, FL",2250,PANAMA,DET,"PET OILS/OILS FROM BITMNS MINRLS, CONT BIODIESEL",683,BBL,32588,32588,64885,2024-12,HS10,2710200000
52,"MIAMI, FL",2360,BAHAMAS,DET,"PET OILS/OILS FROM BITMNS MINRLS, CONT BIODIESEL",156,BBL,17373,17373,21319,2024-12,HS10,2710200000
52,"MIAMI, FL",2470,DOMINICAN REPUBLIC,DET,"PET OILS/OILS FROM BITMNS MINRLS, CONT BIODIESEL",113,BBL,30334,30334,11019,2024-12,HS10,2710200000
52,"MIAMI, FL",2740,TRINIDAD AND TOBAGO,DET,"PET OILS/OILS FROM BITMNS MINRLS, CONT BIODIESEL",17,BBL,6965,6965,2856,2024-12,HS10,2710200000
52,"MIAMI, FL",2XXX,CENTRAL AMERICA,CGP,"PET OILS/OILS FROM BITMNS MINRLS, CONT BIODIESEL",971,BBL,89828,89828,100731,2024-12,HS10,2710200000
52,"MIAMI, FL",3370,CHILE,DET,"PET OILS/OILS FROM BITMNS MINRLS, CONT BIODIESEL",36,BBL,22014,22014,3408,2024-12,HS10,2710200000
52,"MIAMI, FL",3510,BRAZIL,DET,"PET OILS/OILS FROM BITMNS MINRLS, CONT BIODIESEL",3197,BBL,176125,168367,294595,2024-12,HS10,2710200000
52,"MIAMI, FL",3XXX,SOUTH AMERICA,CGP,"PET OILS/OILS FROM BITMNS MINRLS, CONT BIODIESEL",3233,BBL,198139,190381,298003,2024-12,HS10,2710200000
52,"MIAMI, FL",5820,HONG KONG,DET,"PET OILS/OILS FROM BITMNS MINRLS, CONT BIODIESEL",58,BBL,6222,0,0,2024-12,HS10,2710200000
52,"MIAMI, FL",5XXX,ASIA,CGP,"PET OILS/OILS FROM BITMNS MINRLS, CONT BIODIESEL",58,BBL,6222,0,0,2024-12,HS10,2710200000
53,"HOUSTON-GALVESTON, TX",0003,EUROPEAN UNION,CGP,"PET OILS/OILS FROM BITMNS MINRLS, CONT BIODIESEL",1105,BBL,57640,57640,104975,2024-12,HS10,2710200000
53,"HOUSTON-GALVESTON, TX",0017,CAFTA-DR,CGP,"PET OILS/OILS FROM BITMNS MINRLS, CONT BIODIESEL",10033,BBL,1051490,1051490,992990,2024-12,HS10,2710200000
53,"HOUSTON-GALVESTON, TX",0021,TWENTY LATIN AMERICAN REPUBLICS,CGP,"PET OILS/OILS FROM BITMNS MINRLS, CONT BIODIESEL",1631987,BBL,171137507,171137507,218786731,2024-12,HS10,2710200000
53,"HOUSTON-GALVESTON, TX",0022,OECD,CGP,"PET OILS/OILS FROM BITMNS MINRLS, CONT BIODIESEL",10378,BBL,1002841,1002841,1080164,2024-12,HS10,2710200000
53,"HOUSTON-GALVESTON, TX",0023,NATO,CGP,"PET OILS/OILS FROM BITMNS MINRLS, CONT BIODIESEL",1110,BBL,63998,63998,106109,2024-12,HS10,2710200000
53,"HOUSTON-GALVESTON, TX",0024,LAFTA,CGP,"PET OILS/OILS FROM BITMNS MINRLS, CONT BIODIESEL",1618179,BBL,169274798,169274798,217428901,2024-12,HS10,2710200000
53,"HOUSTON-GALVESTON, TX",0025,EURO AREA,CGP,"PET OILS/OILS FROM BITMNS MINRLS, CONT BIODIESEL",1105,BBL,57640,57640,104975,2024-12,HS10,2710200000
53,"HOUSTON-GALVESTON, TX",0026,APEC,CGP,"PET OILS/OILS FROM BITMNS MINRLS, CONT BIODIESEL",1618179,BBL,169274798,169274798,217428901,2024-12,HS10,2710200000
53,"HOUSTON-GALVESTON, TX",0028,CACM,CGP,"PET OILS/OILS FROM BITMNS MINRLS, CONT BIODIESEL",10033,BBL,1051490,1051490,992990,2024-12,HS10,2710200000
53,"HOUSTON-GALVESTON, TX",2050,GUATEMALA,DET,"PET OILS/OILS FROM BITMNS MINRLS, CONT BIODIESEL",196,BBL,45695,45695,18582,2024-12,HS10,2710200000
53,"HOUSTON-GALVESTON, TX",2110,EL SALVADOR,DET,"PET OILS/OILS FROM BITMNS MINRLS, CONT BIODIESEL",1147,BBL,182195,182195,118705,2024-12,HS10,2710200000
53,"HOUSTON-GALVESTON, TX",2150,HONDURAS,DET,"PET OILS/OILS FROM BITMNS MINRLS, CONT BIODIESEL",873,BBL,186170,186170,83019,2024-12,HS10,2710200000
53,"HOUSTON-GALVESTON, TX",2230,COSTA RICA,DET,"PET OILS/OILS FROM BITMNS MINRLS, CONT BIODIESEL",7817,BBL,637430,637430,772684,2024-12,HS10,2710200000
53,"HOUSTON-GALVESTON, TX",2250,PANAMA,DET,"PET OILS/OILS FROM BITMNS MINRLS, CONT BIODIESEL",3775,BBL,811219,811219,364840,2024-12,HS10,2710200000
53,"HOUSTON-GALVESTON, TX",2360,BAHAMAS,DET,"PET OILS/OILS FROM BITMNS MINRLS, CONT BIODIESEL",125924,BBL,14349027,14349027,16704745,2024-12,HS10,2710200000
53,"HOUSTON-GALVESTON, TX",2XXX,CENTRAL AMERICA,CGP,"PET OILS/OILS FROM BITMNS MINRLS, CONT BIODIESEL",139732,BBL,16211736,16211736,18062575,2024-12,HS10,2710200000
53,"HOUSTON-GALVESTON, TX",3330,PERU,DET,"PET OILS/OILS FROM BITMNS MINRLS, CONT BIODIESEL",1616728,BBL,168973385,168973385,217227530,2024-12,HS10,2710200000
53,"HOUSTON-GALVESTON, TX",3370,CHILE,DET,"PET OILS/OILS FROM BITMNS MINRLS, CONT BIODIESEL",1451,BBL,301413,301413,201371,2024-12,HS10,2710200000
53,"HOUSTON-GALVESTON, TX",3XXX,SOUTH AMERICA,CGP,"PET OILS/OILS FROM BITMNS MINRLS, CONT BIODIESEL",1618179,BBL,169274798,169274798,217428901,2024-12,HS10,2710200000
53,"HOUSTON-GALVESTON, TX",4120,UNITED KINGDOM,DET,"PET OILS/OILS FROM BITMNS MINRLS, CONT BIODIESEL",5,BBL,6358,6358,1134,2024-12,HS10,2710200000
53,"HOUSTON-GALVESTON, TX",4210,NETHERLANDS,DET,"PET OILS/OILS FROM BITMNS MINRLS, CONT BIODIESEL",1105,BBL,57640,57640,104975,2024-12,HS10,2710200000
53,"HOUSTON-GALVESTON, TX",4XXX,EUROPE,CGP,"PET OILS/OILS FROM BITMNS MINRLS, CONT BIODIESEL",1110,BBL,63998,63998,106109,2024-12,HS10,2710200000
53,"HOUSTON-GALVESTON, TX",5170,SAUDI ARABIA,DET,"PET OILS/OILS FROM BITMNS MINRLS, CONT BIODIESEL",14,BBL,11380,11380,1373,2024-12,HS10,2710200000
53,"HOUSTON-GALVESTON, TX",5330,INDIA,DET,"PET OILS/OILS FROM BITMNS MINRLS, CONT BIODIESEL",4,BBL,4600,0,0,2024-12,HS10,2710200000
53,"HOUSTON-GALVESTON, TX",5XXX,ASIA,CGP,"PET OILS/OILS FROM BITMNS MINRLS, CONT BIODIESEL",18,BBL,15980,11380,1373,2024-12,HS10,2710200000
53,"HOUSTON-GALVESTON, TX",7380,EQUATORIAL GUINEA,DET,"PET OILS/OILS FROM BITMNS MINRLS, CONT BIODIESEL",12,BBL,11880,11880,2430,2024-12,HS10,2710200000
53,"HOUSTON-GALVESTON, TX",7420,CAMEROON,DET,"PET OILS/OILS FROM BITMNS MINRLS, CONT BIODIESEL",249,BBL,165850,165850,37999,2024-12,HS10,2710200000
53,"HOUSTON-GALVESTON, TX",7XXX,AFRICA,CGP,"PET OILS/OILS FROM BITMNS MINRLS, CONT BIODIESEL",261,BBL,177730,177730,40429,2024-12,HS10,2710200000
70,LOW VALUE,0020,USMCA (NAFTA),CGP,"PET OILS/OILS FROM BITMNS MINRLS, CONT BIODIESEL",2568,BBL,238945,0,0,2024-12,HS10,2710200000
70,LOW VALUE,0022,OECD,CGP,"PET OILS/OILS FROM BITMNS MINRLS, CONT BIODIESEL",2568,BBL,238945,0,0,2024-12,HS10,2710200000
70,LOW VALUE,0023,NATO,CGP,"PET OILS/OILS FROM BITMNS MINRLS, CONT BIODIESEL",2568,BBL,238945,0,0,2024-12,HS10,2710200000
70,LOW VALUE,0026,APEC,CGP,"PET OILS/OILS FROM BITMNS MINRLS, CONT BIODIESEL",2568,BBL,238945,0,0,2024-12,HS10,2710200000
70,LOW VALUE,1220,CANADA,DET,"PET OILS/OILS FROM BITMNS MINRLS, CONT BIODIESEL",2568,BBL,238945,0,0,2024-12,HS10,2710200000
70,LOW VALUE,1XXX,NORTH AMERICA,CGP,"PET OILS/OILS FROM BITMNS MINRLS, CONT BIODIESEL",2568,BBL,238945,0,0,2024-12,HS10,2710200000
-,TOTAL FOR ALL DISTRICTS,0003,EUROPEAN UNION,CGP,"PET OILS/OILS FROM BITMNS MINRLS, CONT BIODIESEL",11467,BBL,703140,703140,997985,2024-12,HS10,2710200000
-,TOTAL FOR ALL DISTRICTS,0014,PACIFIC RIM COUNTRIES,CGP,"PET OILS/OILS FROM BITMNS MINRLS, CONT BIODIESEL",38595,BBL,2929489,2884450,3662633,2024-12,HS10,2710200000
-,TOTAL FOR ALL DISTRICTS,0017,CAFTA-DR,CGP,"PET OILS/OILS FROM BITMNS MINRLS, CONT BIODIESEL",11129,BBL,1442993,1442993,1131258,2024-12,HS10,2710200000
-,TOTAL FOR ALL DISTRICTS,0020,USMCA (NAFTA),CGP,"PET OILS/OILS FROM BITMNS MINRLS, CONT BIODIESEL",13790,BBL,1303088,0,0,2024-12,HS10,2710200000
-,TOTAL FOR ALL DISTRICTS,0021,TWENTY LATIN AMERICAN REPUBLICS,CGP,"PET OILS/OILS FROM BITMNS MINRLS, CONT BIODIESEL",7798142,BBL,789993265,789364550,1041167466,2024-12,HS10,2710200000
-,TOTAL FOR ALL DISTRICTS,0022,OECD,CGP,"PET OILS/OILS FROM BITMNS MINRLS, CONT BIODIESEL",74486,BBL,5968176,4628375,5749938,2024-12,HS10,2710200000
-,TOTAL FOR ALL DISTRICTS,0023,NATO,CGP,"PET OILS/OILS FROM BITMNS MINRLS, CONT BIODIESEL",21036,BBL,1457226,770538,1077209,2024-12,HS10,2710200000
-,TOTAL FOR ALL DISTRICTS,0024,LAFTA,CGP,"PET OILS/OILS FROM BITMNS MINRLS, CONT BIODIESEL",7782555,BBL,787706465,787077750,1039606483,2024-12,HS10,2710200000
-,TOTAL FOR ALL DISTRICTS,0025,EURO AREA,CGP,"PET OILS/OILS FROM BITMNS MINRLS, CONT BIODIESEL",11467,BBL,703140,703140,997985,2024-12,HS10,2710200000
-,TOTAL FOR ALL DISTRICTS,0026,APEC,CGP,"PET OILS/OILS FROM BITMNS MINRLS, CONT BIODIESEL",7826436,BBL,791028755,789680628,1042958934,2024-12,HS10,2710200000
-,TOTAL FOR ALL DISTRICTS,0028,CACM,CGP,"PET OILS/OILS FROM BITMNS MINRLS, CONT BIODIESEL",11016,BBL,1412659,1412659,1120239,2024-12,HS10,2710200000
-,TOTAL FOR ALL DISTRICTS,1220,CANADA,DET,"PET OILS/OILS FROM BITMNS MINRLS, CONT BIODIESEL",8647,BBL,682131,0,0,2024-12,HS10,2710200000
-,TOTAL FOR ALL DISTRICTS,1XXX,NORTH AMERICA,CGP,"PET OILS/OILS FROM BITMNS MINRLS, CONT BIODIESEL",13790,BBL,1303088,0,0,2024-12,HS10,2710200000
-,TOTAL FOR ALL DISTRICTS,2010,MEXICO,DET,"PET OILS/OILS FROM BITMNS MINRLS, CONT BIODIESEL",5143,BBL,620957,0,0,2024-12,HS10,2710200000
-,TOTAL FOR ALL DISTRICTS,2050,GUATEMALA,DET,"PET OILS/OILS FROM BITMNS MINRLS, CONT BIODIESEL",198,BBL,48263,48263,19234,2024-12,HS10,2710200000
-,TOTAL FOR ALL DISTRICTS,2110,EL SALVADOR,DET,"PET OILS/OILS FROM BITMNS MINRLS, CONT BIODIESEL",1873,BBL,499596,499596,221062,2024-12,HS10,2710200000
-,TOTAL FOR ALL DISTRICTS,2150,HONDURAS,DET,"PET OILS/OILS FROM BITMNS MINRLS, CONT BIODIESEL",873,BBL,186170,186170,83019,2024-12,HS10,2710200000
-,TOTAL FOR ALL DISTRICTS,2230,COSTA RICA,DET,"PET OILS/OILS FROM BITMNS MINRLS, CONT BIODIESEL",8072,BBL,678630,678630,796924,2024-12,HS10,2710200000
-,TOTAL FOR ALL DISTRICTS,2250,PANAMA,DET,"PET OILS/OILS FROM BITMNS MINRLS, CONT BIODIESEL",4458,BBL,843807,843807,429725,2024-12,HS10,2710200000
-,TOTAL FOR ALL DISTRICTS,2360,BAHAMAS,DET,"PET OILS/OILS FROM BITMNS MINRLS, CONT BIODIESEL",126080,BBL,14366400,14366400,16726064,2024-12,HS10,2710200000
-,TOTAL FOR ALL DISTRICTS,2470,DOMINICAN REPUBLIC,DET,"PET OILS/OILS FROM BITMNS MINRLS, CONT BIODIESEL",113,BBL,30334,30334,11019,2024-12,HS10,2710200000
-,TOTAL FOR ALL DISTRICTS,2740,TRINIDAD AND TOBAGO,DET,"PET OILS/OILS FROM BITMNS MINRLS, CONT BIODIESEL",17,BBL,6965,6965,2856,2024-12,HS10,2710200000
-,TOTAL FOR ALL DISTRICTS,2774,SINT MAARTEN,DET,"PET OILS/OILS FROM BITMNS MINRLS, CONT BIODIESEL",456,BBL,65024,65024,58719,2024-12,HS10,2710200000
-,TOTAL FOR ALL DISTRICTS,2XXX,CENTRAL AMERICA,CGP,"PET OILS/OILS FROM BITMNS MINRLS, CONT BIODIESEL",142140,BBL,16725189,16725189,18348622,2024-12,HS10,2710200000
-,TOTAL FOR ALL DISTRICTS,3120,GUYANA,DET,"PET OILS/OILS FROM BITMNS MINRLS, CONT BIODIESEL",32,BBL,15800,15800,3000,2024-12,HS10,2710200000
-,TOTAL FOR ALL DISTRICTS,3330,PERU,DET,"PET OILS/OILS FROM BITMNS MINRLS, CONT BIODIESEL",7772564,BBL,786472751,786472751,1039091522,2024-12,HS10,2710200000
-,TOTAL FOR ALL DISTRICTS,3370,CHILE,DET,"PET OILS/OILS FROM BITMNS MINRLS, CONT BIODIESEL",1487,BBL,323427,323427,204779,2024-12,HS10,2710200000
-,TOTAL FOR ALL DISTRICTS,3510,BRAZIL,DET,"PET OILS/OILS FROM BITMNS MINRLS, CONT BIODIESEL",3197,BBL,176125,168367,294595,2024-12,HS10,2710200000
-,TOTAL FOR ALL DISTRICTS,3570,ARGENTINA,DET,"PET OILS/OILS FROM BITMNS MINRLS, CONT BIODIESEL",164,BBL,113205,113205,15587,2024-12,HS10,2710200000
-,TOTAL FOR ALL DISTRICTS,3XXX,SOUTH AMERICA,CGP,"PET OILS/OILS FROM BITMNS MINRLS, CONT BIODIESEL",7777444,BBL,787101308,787093550,1039609483,2024-12,HS10,2710200000
-,TOTAL FOR ALL DISTRICTS,4120,UNITED KINGDOM,DET,"PET OILS/OILS FROM BITMNS MINRLS, CONT BIODIESEL",100,BBL,10915,6358,1134,2024-12,HS10,2710200000
-,TOTAL FOR ALL DISTRICTS,4210,NETHERLANDS,DET,"PET OILS/OILS FROM BITMNS MINRLS, CONT BIODIESEL",1105,BBL,57640,57640,104975,2024-12,HS10,2710200000
-,TOTAL FOR ALL DISTRICTS,4231,BELGIUM,DET,"PET OILS/OILS FROM BITMNS MINRLS, CONT BIODIESEL",1224,BBL,44950,44950,116280,2024-12,HS10,2710200000
-,TOTAL FOR ALL DISTRICTS,4759,ITALY,DET,"PET OILS/OILS FROM BITMNS MINRLS, CONT BIODIESEL",9138,BBL,600550,600550,776730,2024-12,HS10,2710200000
-,TOTAL FOR ALL DISTRICTS,4890,TURKEY,DET,"PET OILS/OILS FROM BITMNS MINRLS, CONT BIODIESEL",822,BBL,61040,61040,78090,2024-12,HS10,2710200000
-,TOTAL FOR ALL DISTRICTS,4XXX,EUROPE,CGP,"PET OILS/OILS FROM BITMNS MINRLS, CONT BIODIESEL",12389,BBL,775095,770538,1077209,2024-12,HS10,2710200000
-,TOTAL FOR ALL DISTRICTS,5081,ISRAEL,DET,"PET OILS/OILS FROM BITMNS MINRLS, CONT BIODIESEL",278,BBL,28717,28717,26403,2024-12,HS10,2710200000
-,TOTAL FOR ALL DISTRICTS,5170,SAUDI ARABIA,DET,"PET OILS/OILS FROM BITMNS MINRLS, CONT BIODIESEL",14,BBL,11380,11380,1373,2024-12,HS10,2710200000
-,TOTAL FOR ALL DISTRICTS,5180,QATAR,DET,"PET OILS/OILS FROM BITMNS MINRLS, CONT BIODIESEL",5,BBL,6205,6205,1079,2024-12,HS10,2710200000
-,TOTAL FOR ALL DISTRICTS,5330,INDIA,DET,"PET OILS/OILS FROM BITMNS MINRLS, CONT BIODIESEL",63,BBL,7438,2838,5605,2024-12,HS10,2710200000
-,TOTAL FOR ALL DISTRICTS,5700,CHINA,DET,"PET OILS/OILS FROM BITMNS MINRLS, CONT BIODIESEL",2,BBL,6661,0,0,2024-12,HS10,2710200000
-,TOTAL FOR ALL DISTRICTS,5800,"KOREA, SOUTH",DET,"PET OILS/OILS FROM BITMNS MINRLS, CONT BIODIESEL",38415,BBL,2819359,2806739,3640371,2024-12,HS10,2710200000
-,TOTAL FOR ALL DISTRICTS,5820,HONG KONG,DET,"PET OILS/OILS FROM BITMNS MINRLS, CONT BIODIESEL",123,BBL,63609,57387,18010,2024-12,HS10,2710200000
-,TOTAL FOR ALL DISTRICTS,5880,JAPAN,DET,"PET OILS/OILS FROM BITMNS MINRLS, CONT BIODIESEL",55,BBL,39860,20324,4252,2024-12,HS10,2710200000
-,TOTAL FOR ALL DISTRICTS,5XXX,ASIA,CGP,"PET OILS/OILS FROM BITMNS MINRLS, CONT BIODIESEL",38955,BBL,2983229,2933590,3697093,2024-12,HS10,2710200000
-,TOTAL FOR ALL DISTRICTS,7290,EGYPT,DET,"PET OILS/OILS FROM BITMNS MINRLS, CONT BIODIESEL",266,BBL,17496,17496,25270,2024-12,HS10,2710200000
-,TOTAL FOR ALL DISTRICTS,7380,EQUATORIAL GUINEA,DET,"PET OILS/OILS FROM BITMNS MINRLS, CONT BIODIESEL",12,BBL,11880,11880,2430,2024-12,HS10,2710200000
-,TOTAL FOR ALL DISTRICTS,7420,CAMEROON,DET,"PET OILS/OILS FROM BITMNS MINRLS, CONT BIODIESEL",249,BBL,165850,165850,37999,2024-12,HS10,2710200000
-,TOTAL FOR ALL DISTRICTS,7650,LIBERIA,DET,"PET OILS/OILS FROM BITMNS MINRLS, CONT BIODIESEL",29857,BBL,5116000,5116000,3673129,2024-12,HS10,2710200000
-,TOTAL FOR ALL DISTRICTS,7910,SOUTH AFRICA,DET,"PET OILS/OILS FROM BITMNS MINRLS, CONT BIODIESEL",56,BBL,15767,15767,5308,2024-12,HS10,2710200000
-,TOTAL FOR ALL DISTRICTS,7XXX,AFRICA,CGP,"PET OILS/OILS FROM BITMNS MINRLS, CONT BIODIESEL",30440,BBL,5326993,5326993,3744136,2024-12,HS10,2710200000
