STATE,CTY_CODE,CTY_NAME,SUMMARY_LVL,ALL_VAL_YR,VES_VAL_YR,time,COMM_LVL,E_COMMODITY
-,2482,BRITISH VIRGIN ISLANDS,DET,28219942,28219942,2024-12,HS6,271019
FL,2482,BRITISH VIRGIN ISLANDS,DET,571765,571765,2024-12,HS6,271019
IL,2482,BRITISH VIRGIN ISLANDS,DET,31112,31112,2024-12,HS6,271019
LA,2482,BRITISH VIRGIN ISLANDS,DET,11207290,11207290,2024-12,HS6,271019
PR,2482,BRITISH VIRGIN ISLANDS,DET,6836201,6836201,2024-12,HS6,271019
TN,2482,BRITISH VIRGIN ISLANDS,DET,5852,5852,2024-12,HS6,271019
TX,2482,BRITISH VIRGIN ISLANDS,DET,441152,441152,2024-12,HS6,271019
VA,2482,BRITISH VIRGIN ISLANDS,DET,11142,11142,2024-12,HS6,271019
VI,2482,BRITISH VIRGIN ISLANDS,DET,9115428,9115428,2024-12,HS6,271019
-,0024,LAFTA,CGP,30466027102,23418226559,2024-12,HS6,271019
AK,0024,LAFTA,CGP,125610,108477,2024-12,HS6,271019
AL,0024,LAFTA,CGP,62146863,48040040,2024-12,HS6,271019
AR,0024,LAFTA,CGP,71575019,1978020,2024-12,HS6,271019
AZ,0024,LAFTA,CGP,203446957,0,2024-12,HS6,271019
CA,0024,LAFTA,CGP,2145423890,2071558829,2024-12,HS6,271019
CO,0024,LAFTA,CGP,109533,0,2024-12,HS6,271019
CT,0024,LAFTA,CGP,532629,67608,2024-12,HS6,271019
DC,0024,LAFTA,CGP,87694,79378,2024-12,HS6,271019
DE,0024,LAFTA,CGP,2461582,630017,2024-12,HS6,271019
FL,0024,LAFTA,CGP,52791240,47187982,2024-12,HS6,271019
GA,0024,LAFTA,CGP,19678628,18888804,2024-12,HS6,271019
IA,0024,LAFTA,CGP,1050460,587739,2024-12,HS6,271019
ID,0024,LAFTA,CGP,1425549,0,2024-12,HS6,271019
IL,0024,LAFTA,CGP,59003525,15224004,2024-12,HS6,271019
IN,0024,LAFTA,CGP,37434773,5283289,2024-12,HS6,271019
KS,0024,LAFTA,CGP,22054311,722569,2024-12,HS6,271019
KY,0024,LAFTA,CGP,17077324,3563896,2024-12,HS6,271019
LA,0024,LAFTA,CGP,4896252977,4678459228,2024-12,HS6,271019
MA,0024,LAFTA,CGP,1847737,477976,2024-12,HS6,271019
MD,0024,LAFTA,CGP,140079,73424,2024-12,HS6,271019
MI,0024,LAFTA,CGP,30873923,6620918,2024-12,HS6,271019
MN,0024,LAFTA,CGP,1530417,581110,2024-12,HS6,271019
MO,0024,LAFTA,CGP,1316452,277341,2024-12,HS6,271019
MS,0024,LAFTA,CGP,301148891,235647351,2024-12,HS6,271019
MT,0024,LAFTA,CGP,4092,0,2024-12,HS6,271019
NC,0024,LAFTA,CGP,1503795,740848,2024-12,HS6,271019
ND,0024,LAFTA,CGP,90779,85479,2024-12,HS6,271019
NE,0024,LAFTA,CGP,295572,60753,2024-12,HS6,271019
NH,0024,LAFTA,CGP,65655,0,2024-12,HS6,271019
NJ,0024,LAFTA,CGP,27018812,4508965,2024-12,HS6,271019
NM,0024,LAFTA,CGP,5048154,0,2024-12,HS6,271019
NV,0024,LAFTA,CGP,1459064,0,2024-12,HS6,271019
NY,0024,LAFTA,CGP,41705738,25448931,2024-12,HS6,271019
OH,0024,LAFTA,CGP,14634872,5828830,2024-12,HS6,271019
OK,0024,LAFTA,CGP,18913584,144785,2024-12,HS6,271019
OR,0024,LAFTA,CGP,12181,9352,2024-12,HS6,271019
PA,0024,LAFTA,CGP,21159909,10781608,2024-12,HS6,271019
PR,0024,LAFTA,CGP,13264802,13253962,2024-12,HS6,271019
SC,0024,LAFTA,CGP,13451315,12715791,2024-12,HS6,271019
SD,0024,LAFTA,CGP,77381,29696,2024-12,HS6,271019
TN,0024,LAFTA,CGP,58057749,13990787,2024-12,HS6,271019
TX,0024,LAFTA,CGP,20005826757,13914971792,2024-12,HS6,271019
UT,0024,LAFTA,CGP,346367,6350,2024-12,HS6,271019
VA,0024,LAFTA,CGP,670918,157055,2024-12,HS6,271019
VI,0024,LAFTA,CGP,34581100,34581100,2024-12,HS6,271019
WA,0024,LAFTA,CGP,2237796974,2229080329,2024-12,HS6,271019
WI,0024,LAFTA,CGP,5170720,1334342,2024-12,HS6,271019
WV,0024,LAFTA,CGP,35334749,14437804,2024-12,HS6,271019
-,3010,COLOMBIA,DET,1283692106,1281783917,2024-12,HS6,271019
AK,3010,COLOMBIA,DET,108477,108477,2024-12,HS6,271019
AL,3010,COLOMBIA,DET,10487820,10479847,2024-12,HS6,271019
AR,3010,COLOMBIA,DET,11950,11950,2024-12,HS6,271019
CA,3010,COLOMBIA,DET,17637756,17637756,2024-12,HS6,271019
CT,3010,COLOMBIA,DET,55338,25700,2024-12,HS6,271019
FL,3010,COLOMBIA,DET,4431021,3264040,2024-12,HS6,271019
GA,3010,COLOMBIA,DET,1914041,1914041,2024-12,HS6,271019
IA,3010,COLOMBIA,DET,181056,181056,2024-12,HS6,271019
IL,3010,COLOMBIA,DET,591518,549086,2024-12,HS6,271019
IN,3010,COLOMBIA,DET,1096145,924804,2024-12,HS6,271019
LA,3010,COLOMBIA,DET,260638691,260633499,2024-12,HS6,271019
MA,3010,COLOMBIA,DET,92046,92046,2024-12,HS6,271019
MI,3010,COLOMBIA,DET,263128,256252,2024-12,HS6,271019
MO,3010,COLOMBIA,DET,56933,47318,2024-12,HS6,271019
MS,3010,COLOMBIA,DET,33988328,33940668,2024-12,HS6,271019
MT,3010,COLOMBIA,DET,4092,0,2024-12,HS6,271019
NC,3010,COLOMBIA,DET,42023,42023,2024-12,HS6,271019
ND,3010,COLOMBIA,DET,31394,31394,2024-12,HS6,271019
NJ,3010,COLOMBIA,DET,488899,453072,2024-12,HS6,271019
NV,3010,COLOMBIA,DET,12618,0,2024-12,HS6,271019
NY,3010,COLOMBIA,DET,24028370,24018995,2024-12,HS6,271019
OH,3010,COLOMBIA,DET,1068089,1054333,2024-12,HS6,271019
OK,3010,COLOMBIA,DET,81620,81620,2024-12,HS6,271019
PA,3010,COLOMBIA,DET,4966207,4951711,2024-12,HS6,271019
PR,3010,COLOMBIA,DET,296852,296852,2024-12,HS6,271019
SC,3010,COLOMBIA,DET,20296,0,2024-12,HS6,271019
TN,3010,COLOMBIA,DET,65710,65710,2024-12,HS6,271019
TX,3010,COLOMBIA,DET,909277641,909022269,2024-12,HS6,271019
WA,3010,COLOMBIA,DET,695387,695387,2024-12,HS6,271019
WI,3010,COLOMBIA,DET,173262,118613,2024-12,HS6,271019
WV,3010,COLOMBIA,DET,10885398,10885398,2024-12,HS6,271019
-,3350,BOLIVIA,DET,40489656,40056624,2024-12,HS6,271019
FL,3350,BOLIVIA,DET,5760128,5370834,2024-12,HS6,271019
IL,3350,BOLIVIA,DET,819980,819980,2024-12,HS6,271019
IN,3350,BOLIVIA,DET,12212,12212,2024-12,HS6,271019
LA,3350,BOLIVIA,DET,29103010,29103010,2024-12,HS6,271019
NC,3350,BOLIVIA,DET,3744,3744,2024-12,HS6,271019
NE,3350,BOLIVIA,DET,12476,12476,2024-12,HS6,271019
OK,3350,BOLIVIA,DET,40000,40000,2024-12,HS6,271019
TX,3350,BOLIVIA,DET,4738106,4694368,2024-12,HS6,271019
-,4190,IRELAND,DET,133382,72012,2024-12,HS6,271019
CA,4190,IRELAND,DET,5901,0,2024-12,HS6,271019
IL,4190,IRELAND,DET,16508,0,2024-12,HS6,271019
KS,4190,IRELAND,DET,31141,31141,2024-12,HS6,271019
NJ,4190,IRELAND,DET,5843,0,2024-12,HS6,271019
NY,4190,IRELAND,DET,18159,18159,2024-12,HS6,271019
PA,4190,IRELAND,DET,29372,22712,2024-12,HS6,271019
TX,4190,IRELAND,DET,26458,0,2024-12,HS6,271019
-,2774,SINT MAARTEN,DET,66001342,65977687,2024-12,HS6,271019
FL,2774,SINT MAARTEN,DET,1349909,1326254,2024-12,HS6,271019
GA,2774,SINT MAARTEN,DET,21318,21318,2024-12,HS6,271019
KY,2774,SINT MAARTEN,DET,64794,64794,2024-12,HS6,271019
MI,2774,SINT MAARTEN,DET,10038,10038,2024-12,HS6,271019
NC,2774,SINT MAARTEN,DET,3200,3200,2024-12,HS6,271019
NJ,2774,SINT MAARTEN,DET,2625,2625,2024-12,HS6,271019
OH,2774,SINT MAARTEN,DET,120020,120020,2024-12,HS6,271019
PR,2774,SINT MAARTEN,DET,4618086,4618086,2024-12,HS6,271019
TN,2774,SINT MAARTEN,DET,10034,10034,2024-12,HS6,271019
TX,2774,SINT MAARTEN,DET,1947981,1947981,2024-12,HS6,271019
VI,2774,SINT MAARTEN,DET,57853337,57853337,2024-12,HS6,271019
-,2777,CURACAO,DET,353090694,353073813,2024-12,HS6,271019
AR,2777,CURACAO,DET,43566,43566,2024-12,HS6,271019
CA,2777,CURACAO,DET,2917,2917,2024-12,HS6,271019
FL,2777,CURACAO,DET,572552,561349,2024-12,HS6,271019
GA,2777,CURACAO,DET,76537,76537,2024-12,HS6,271019
KY,2777,CURACAO,DET,930641,930641,2024-12,HS6,271019
LA,2777,CURACAO,DET,114321267,114321267,2024-12,HS6,271019
PR,2777,CURACAO,DET,134534,134534,2024-12,HS6,271019
TN,2777,CURACAO,DET,9113,9113,2024-12,HS6,271019
TX,2777,CURACAO,DET,227904241,227898563,2024-12,HS6,271019
VI,2777,CURACAO,DET,9076551,9076551,2024-12,HS6,271019
WI,2777,CURACAO,DET,18775,18775,2024-12,HS6,271019
-,0026,APEC,CGP,29412181424,19885041662,2024-12,HS6,271019
AK,0026,APEC,CGP,72464090,0,2024-12,HS6,271019
AL,0026,APEC,CGP,103670722,87071341,2024-12,HS6,271019
AR,0026,APEC,CGP,74856392,479048,2024-12,HS6,271019
AZ,0026,APEC,CGP,204666126,208332,2024-12,HS6,271019
CA,0026,APEC,CGP,2590336164,2494485885,2024-12,HS6,271019
CO,0026,APEC,CGP,1475328,471015,2024-12,HS6,271019
CT,0026,APEC,CGP,807162,182978,2024-12,HS6,271019
DC,0026,APEC,CGP,87694,79378,2024-12,HS6,271019
DE,0026,APEC,CGP,37220143,35301656,2024-12,HS6,271019
FL,0026,APEC,CGP,18253402,12869614,2024-12,HS6,271019
GA,0026,APEC,CGP,25641830,2572869,2024-12,HS6,271019
HI,0026,APEC,CGP,592750,592750,2024-12,HS6,271019
IA,0026,APEC,CGP,50784399,2473589,2024-12,HS6,271019
ID,0026,APEC,CGP,3027406,0,2024-12,HS6,271019
IL,0026,APEC,CGP,267050035,21982787,2024-12,HS6,271019
IN,0026,APEC,CGP,104055789,8603948,2024-12,HS6,271019
KS,0026,APEC,CGP,40493673,10516098,2024-12,HS6,271019
KY,0026,APEC,CGP,38444203,1565915,2024-12,HS6,271019
LA,0026,APEC,CGP,4216758973,3577384354,2024-12,HS6,271019
MA,0026,APEC,CGP,3108723,680995,2024-12,HS6,271019
MD,0026,APEC,CGP,2914615,2512299,2024-12,HS6,271019
ME,0026,APEC,CGP,476818,0,2024-12,HS6,271019
MI,0026,APEC,CGP,177513509,9909737,2024-12,HS6,271019
MN,0026,APEC,CGP,29506835,1439510,2024-12,HS6,271019
MO,0026,APEC,CGP,8791020,1916481,2024-12,HS6,271019
MS,0026,APEC,CGP,227675033,128422084,2024-12,HS6,271019
MT,0026,APEC,CGP,15030190,21219,2024-12,HS6,271019
NC,0026,APEC,CGP,8177951,4741238,2024-12,HS6,271019
ND,0026,APEC,CGP,831223,319245,2024-12,HS6,271019
NE,0026,APEC,CGP,20607802,65309,2024-12,HS6,271019
NH,0026,APEC,CGP,2490986,202544,2024-12,HS6,271019
NJ,0026,APEC,CGP,426390214,81690378,2024-12,HS6,271019
NM,0026,APEC,CGP,9657751,0,2024-12,HS6,271019
NV,0026,APEC,CGP,1799153,245530,2024-12,HS6,271019
NY,0026,APEC,CGP,179458929,138425027,2024-12,HS6,271019
OH,0026,APEC,CGP,73393481,11937318,2024-12,HS6,271019
OK,0026,APEC,CGP,71985485,778618,2024-12,HS6,271019
OR,0026,APEC,CGP,85953692,6416612,2024-12,HS6,271019
PA,0026,APEC,CGP,171155622,51510585,2024-12,HS6,271019
PR,0026,APEC,CGP,10840,0,2024-12,HS6,271019
RI,0026,APEC,CGP,192112,69625,2024-12,HS6,271019
SC,0026,APEC,CGP,3811775,2531477,2024-12,HS6,271019
SD,0026,APEC,CGP,768066,682090,2024-12,HS6,271019
TN,0026,APEC,CGP,56165983,5079324,2024-12,HS6,271019
TX,0026,APEC,CGP,17181082202,10813907575,2024-12,HS6,271019
UT,0026,APEC,CGP,8576995,6350,2024-12,HS6,271019
VA,0026,APEC,CGP,2067815,263378,2024-12,HS6,271019
VI,0026,APEC,CGP,5983481,5983481,2024-12,HS6,271019
VT,0026,APEC,CGP,2630,0,2024-12,HS6,271019
WA,0026,APEC,CGP,2572728594,2349946732,2024-12,HS6,271019
WI,0026,APEC,CGP,26172555,7383654,2024-12,HS6,271019
WV,0026,APEC,CGP,50677469,1111690,2024-12,HS6,271019
WY,0026,APEC,CGP,77527977,0,2024-12,HS6,271019
XX,0026,APEC,CGP,58807617,0,2024-12,HS6,271019
-,5230,OMAN,DET,1128814,989236,2024-12,HS6,271019
CA,5230,OMAN,DET,51414,0,2024-12,HS6,271019
FL,5230,OMAN,DET,148223,148223,2024-12,HS6,271019
IL,5230,OMAN,DET,161219,161219,2024-12,HS6,271019
IN,5230,OMAN,DET,108257,108257,2024-12,HS6,271019
LA,5230,OMAN,DET,61107,61107,2024-12,HS6,271019
MO,5230,OMAN,DET,3012,0,2024-12,HS6,271019
NJ,5230,OMAN,DET,26208,26208,2024-12,HS6,271019
NY,5230,OMAN,DET,26105,20295,2024-12,HS6,271019
OH,5230,OMAN,DET,15304,0,2024-12,HS6,271019
OK,5230,OMAN,DET,10951,6951,2024-12,HS6,271019
PA,5230,OMAN,DET,5768,0,2024-12,HS6,271019
TX,5230,OMAN,DET,511246,456976,2024-12,HS6,271019
-,6141,NEW ZEALAND,DET,4485507,4178470,2024-12,HS6,271019
AR,6141,NEW ZEALAND,DET,21891,21891,2024-12,HS6,271019
CA,6141,NEW ZEALAND,DET,1347832,1281602,2024-12,HS6,271019
CO,6141,NEW ZEALAND,DET,2793,0,2024-12,HS6,271019
CT,6141,NEW ZEALAND,DET,49191,49191,2024-12,HS6,271019
FL,6141,NEW ZEALAND,DET,362802,362802,2024-12,HS6,271019
GA,6141,NEW ZEALAND,DET,60294,60294,2024-12,HS6,271019
IL,6141,NEW ZEALAND,DET,152027,141187,2024-12,HS6,271019
IN,6141,NEW ZEALAND,DET,605525,605525,2024-12,HS6,271019
KS,6141,NEW ZEALAND,DET,45913,45913,2024-12,HS6,271019
LA,6141,NEW ZEALAND,DET,11208,6609,2024-12,HS6,271019
MA,6141,NEW ZEALAND,DET,26518,23771,2024-12,HS6,271019
MI,6141,NEW ZEALAND,DET,67541,67541,2024-12,HS6,271019
MO,6141,NEW ZEALAND,DET,60667,40747,2024-12,HS6,271019
MS,6141,NEW ZEALAND,DET,5333,5333,2024-12,HS6,271019
NE,6141,NEW ZEALAND,DET,65309,65309,2024-12,HS6,271019
NJ,6141,NEW ZEALAND,DET,67149,67149,2024-12,HS6,271019
NY,6141,NEW ZEALAND,DET,21622,15637,2024-12,HS6,271019
OH,6141,NEW ZEALAND,DET,366967,366967,2024-12,HS6,271019
OK,6141,NEW ZEALAND,DET,2942,2942,2024-12,HS6,271019
PA,6141,NEW ZEALAND,DET,75534,70935,2024-12,HS6,271019
SC,6141,NEW ZEALAND,DET,7796,7796,2024-12,HS6,271019
TN,6141,NEW ZEALAND,DET,143999,143999,2024-12,HS6,271019
TX,6141,NEW ZEALAND,DET,773043,583719,2024-12,HS6,271019
WA,6141,NEW ZEALAND,DET,36022,36022,2024-12,HS6,271019
WI,6141,NEW ZEALAND,DET,105589,105589,2024-12,HS6,271019
-,2430,TURKS AND CAICOS ISLANDS,DET,20981014,20981014,2024-12,HS6,271019
FL,2430,TURKS AND CAICOS ISLANDS,DET,14693609,14693609,2024-12,HS6,271019
GA,2430,TURKS AND CAICOS ISLANDS,DET,44824,44824,2024-12,HS6,271019
NC,2430,TURKS AND CAICOS ISLANDS,DET,916828,916828,2024-12,HS6,271019
NJ,2430,TURKS AND CAICOS ISLANDS,DET,2995,2995,2024-12,HS6,271019
OH,2430,TURKS AND CAICOS ISLANDS,DET,81215,81215,2024-12,HS6,271019
VI,2430,TURKS AND CAICOS ISLANDS,DET,5241543,5241543,2024-12,HS6,271019
-,5520,VIETNAM,DET,11332344,10491542,2024-12,HS6,271019
CA,5520,VIETNAM,DET,1643976,1239501,2024-12,HS6,271019
CO,5520,VIETNAM,DET,21076,0,2024-12,HS6,271019
CT,5520,VIETNAM,DET,13135,13135,2024-12,HS6,271019
FL,5520,VIETNAM,DET,87799,14018,2024-12,HS6,271019
GA,5520,VIETNAM,DET,9420,9420,2024-12,HS6,271019
IL,5520,VIETNAM,DET,619511,619511,2024-12,HS6,271019
IN,5520,VIETNAM,DET,540844,505915,2024-12,HS6,271019
KS,5520,VIETNAM,DET,261591,261591,2024-12,HS6,271019
LA,5520,VIETNAM,DET,3661604,3661604,2024-12,HS6,271019
MA,5520,VIETNAM,DET,4304,0,2024-12,HS6,271019
MD,5520,VIETNAM,DET,127517,127517,2024-12,HS6,271019
MI,5520,VIETNAM,DET,879600,675337,2024-12,HS6,271019
MN,5520,VIETNAM,DET,4777,4777,2024-12,HS6,271019
MO,5520,VIETNAM,DET,62560,52071,2024-12,HS6,271019
MS,5520,VIETNAM,DET,85221,85221,2024-12,HS6,271019
NC,5520,VIETNAM,DET,9890,0,2024-12,HS6,271019
NJ,5520,VIETNAM,DET,28220,28220,2024-12,HS6,271019
NY,5520,VIETNAM,DET,22279,17127,2024-12,HS6,271019
OH,5520,VIETNAM,DET,2960,0,2024-12,HS6,271019
OR,5520,VIETNAM,DET,6820,6820,2024-12,HS6,271019
PA,5520,VIETNAM,DET,160386,160386,2024-12,HS6,271019
SC,5520,VIETNAM,DET,333274,333274,2024-12,HS6,271019
TN,5520,VIETNAM,DET,70867,70867,2024-12,HS6,271019
TX,5520,VIETNAM,DET,2464779,2398560,2024-12,HS6,271019
VA,5520,VIETNAM,DET,3264,0,2024-12,HS6,271019
WI,5520,VIETNAM,DET,206670,206670,2024-12,HS6,271019
-,4510,LITHUANIA,DET,26363360,26346143,2024-12,HS6,271019
GA,4510,LITHUANIA,DET,9091,9091,2024-12,HS6,271019
IL,4510,LITHUANIA,DET,141897,141897,2024-12,HS6,271019
LA,4510,LITHUANIA,DET,6212089,6212089,2024-12,HS6,271019
NY,4510,LITHUANIA,DET,34063,16846,2024-12,HS6,271019
OK,4510,LITHUANIA,DET,17352,17352,2024-12,HS6,271019
TN,4510,LITHUANIA,DET,35954,35954,2024-12,HS6,271019
TX,4510,LITHUANIA,DET,19869078,19869078,2024-12,HS6,271019
-,2488,ST VINCENT AND THE GRENADINES,DET,7532087,7529417,2024-12,HS6,271019
CA,2488,ST VINCENT AND THE GRENADINES,DET,7854,7854,2024-12,HS6,271019
FL,2488,ST VINCENT AND THE GRENADINES,DET,299094,296424,2024-12,HS6,271019
GA,2488,ST VINCENT AND THE GRENADINES,DET,11424,11424,2024-12,HS6,271019
IL,2488,ST VINCENT AND THE GRENADINES,DET,5385,5385,2024-12,HS6,271019
OH,2488,ST VINCENT AND THE GRENADINES,DET,3806,3806,2024-12,HS6,271019
TX,2488,ST VINCENT AND THE GRENADINES,DET,268760,268760,2024-12,HS6,271019
VI,2488,ST VINCENT AND THE GRENADINES,DET,6935764,6935764,2024-12,HS6,271019
-,7380,EQUATORIAL GUINEA,DET,847233,814320,2024-12,HS6,271019
DE,7380,EQUATORIAL GUINEA,DET,27649,27649,2024-12,HS6,271019
TX,7380,EQUATORIAL GUINEA,DET,819584,786671,2024-12,HS6,271019
-,4801,SERBIA,DET,5893,0,2024-12,HS6,271019
FL,4801,SERBIA,DET,5893,0,2024-12,HS6,271019
-,7230,TUNISIA,DET,103439,55644,2024-12,HS6,271019
DC,7230,TUNISIA,DET,23515,23515,2024-12,HS6,271019
GA,7230,TUNISIA,DET,2785,2785,2024-12,HS6,271019
MA,7230,TUNISIA,DET,2800,2800,2024-12,HS6,271019
OH,7230,TUNISIA,DET,4252,4252,2024-12,HS6,271019
TX,7230,TUNISIA,DET,54287,6492,2024-12,HS6,271019
VA,7230,TUNISIA,DET,15800,15800,2024-12,HS6,271019
-,0022,OECD,CGP,43231795961,33698077724,2024-12,HS6,271019
AK,0022,OECD,CGP,72566279,108477,2024-12,HS6,271019
AL,0022,OECD,CGP,172526172,155929590,2024-12,HS6,271019
AR,0022,OECD,CGP,74701617,327473,2024-12,HS6,271019
AZ,0022,OECD,CGP,204553783,31386,2024-12,HS6,271019
CA,0022,OECD,CGP,2164110124,2068399381,2024-12,HS6,271019
CO,0022,OECD,CGP,2183427,333802,2024-12,HS6,271019
CT,0022,OECD,CGP,1213158,565065,2024-12,HS6,271019
DC,0022,OECD,CGP,134990,126674,2024-12,HS6,271019
DE,0022,OECD,CGP,75600137,73696066,2024-12,HS6,271019
FL,0022,OECD,CGP,28777610,22294480,2024-12,HS6,271019
GA,0022,OECD,CGP,29191437,6065056,2024-12,HS6,271019
HI,0022,OECD,CGP,592750,592750,2024-12,HS6,271019
IA,0022,OECD,CGP,50062168,1688986,2024-12,HS6,271019
ID,0022,OECD,CGP,3027406,0,2024-12,HS6,271019
IL,0022,OECD,CGP,268703512,22404937,2024-12,HS6,271019
IN,0022,OECD,CGP,115923865,20177706,2024-12,HS6,271019
KS,0022,OECD,CGP,40143900,10081416,2024-12,HS6,271019
KY,0022,OECD,CGP,37743497,754629,2024-12,HS6,271019
LA,0022,OECD,CGP,11260303517,10620882779,2024-12,HS6,271019
MA,0022,OECD,CGP,3822083,941467,2024-12,HS6,271019
MD,0022,OECD,CGP,617392,271234,2024-12,HS6,271019
ME,0022,OECD,CGP,476818,0,2024-12,HS6,271019
MI,0022,OECD,CGP,174355312,7371828,2024-12,HS6,271019
MN,0022,OECD,CGP,32248675,3814557,2024-12,HS6,271019
MO,0022,OECD,CGP,8042889,1203726,2024-12,HS6,271019
MS,0022,OECD,CGP,865014213,765661109,2024-12,HS6,271019
MT,0022,OECD,CGP,15034282,21219,2024-12,HS6,271019
NC,0022,OECD,CGP,5393367,1910067,2024-12,HS6,271019
ND,0022,OECD,CGP,762857,250879,2024-12,HS6,271019
NE,0022,OECD,CGP,20620053,65309,2024-12,HS6,271019
NH,0022,OECD,CGP,2385395,92674,2024-12,HS6,271019
NJ,0022,OECD,CGP,1558927284,1213684938,2024-12,HS6,271019
NM,0022,OECD,CGP,9657751,0,2024-12,HS6,271019
NV,0022,OECD,CGP,1724844,214065,2024-12,HS6,271019
NY,0022,OECD,CGP,438631811,396185643,2024-12,HS6,271019
OH,0022,OECD,CGP,74802493,12977047,2024-12,HS6,271019
OK,0022,OECD,CGP,71754610,544365,2024-12,HS6,271019
OR,0022,OECD,CGP,85932238,6431216,2024-12,HS6,271019
PA,0022,OECD,CGP,186324400,65924143,2024-12,HS6,271019
PR,0022,OECD,CGP,866466,851646,2024-12,HS6,271019
RI,0022,OECD,CGP,373707,72088,2024-12,HS6,271019
SC,0022,OECD,CGP,3037566,1732035,2024-12,HS6,271019
SD,0022,OECD,CGP,680730,609833,2024-12,HS6,271019
TN,0022,OECD,CGP,57063550,6169480,2024-12,HS6,271019
TX,0022,OECD,CGP,22250923310,15884320873,2024-12,HS6,271019
UT,0022,OECD,CGP,8590113,26190,2024-12,HS6,271019
VA,0022,OECD,CGP,2430353,505871,2024-12,HS6,271019
VI,0022,OECD,CGP,61300243,61300243,2024-12,HS6,271019
VT,0022,OECD,CGP,2630,0,2024-12,HS6,271019
WA,0022,OECD,CGP,2468058482,2245512729,2024-12,HS6,271019
WI,0022,OECD,CGP,22447195,3418470,2024-12,HS6,271019
WV,0022,OECD,CGP,61084391,11518612,2024-12,HS6,271019
WY,0022,OECD,CGP,77541492,13515,2024-12,HS6,271019
XX,0022,OECD,CGP,58807617,0,2024-12,HS6,271019
-,7910,SOUTH AFRICA,DET,103122506,102544762,2024-12,HS6,271019
AL,7910,SOUTH AFRICA,DET,2679,0,2024-12,HS6,271019
CA,7910,SOUTH AFRICA,DET,24775,8326,2024-12,HS6,271019
FL,7910,SOUTH AFRICA,DET,9000,9000,2024-12,HS6,271019
GA,7910,SOUTH AFRICA,DET,235067,193603,2024-12,HS6,271019
IA,7910,SOUTH AFRICA,DET,295153,295153,2024-12,HS6,271019
IL,7910,SOUTH AFRICA,DET,349991,127413,2024-12,HS6,271019
IN,7910,SOUTH AFRICA,DET,35861,16610,2024-12,HS6,271019
KS,7910,SOUTH AFRICA,DET,22912,0,2024-12,HS6,271019
KY,7910,SOUTH AFRICA,DET,229074,229074,2024-12,HS6,271019
LA,7910,SOUTH AFRICA,DET,4437919,4437919,2024-12,HS6,271019
MA,7910,SOUTH AFRICA,DET,55751,38530,2024-12,HS6,271019
MI,7910,SOUTH AFRICA,DET,700247,628138,2024-12,HS6,271019
MS,7910,SOUTH AFRICA,DET,87143293,87143293,2024-12,HS6,271019
NC,7910,SOUTH AFRICA,DET,20850,20850,2024-12,HS6,271019
NJ,7910,SOUTH AFRICA,DET,789251,789251,2024-12,HS6,271019
NV,7910,SOUTH AFRICA,DET,9380,9380,2024-12,HS6,271019
NY,7910,SOUTH AFRICA,DET,42751,36732,2024-12,HS6,271019
OH,7910,SOUTH AFRICA,DET,40839,4092,2024-12,HS6,271019
OK,7910,SOUTH AFRICA,DET,7700,0,2024-12,HS6,271019
PA,7910,SOUTH AFRICA,DET,339871,301123,2024-12,HS6,271019
SC,7910,SOUTH AFRICA,DET,42745,42745,2024-12,HS6,271019
TN,7910,SOUTH AFRICA,DET,101798,101798,2024-12,HS6,271019
TX,7910,SOUTH AFRICA,DET,8072974,8004557,2024-12,HS6,271019
UT,7910,SOUTH AFRICA,DET,2660,0,2024-12,HS6,271019
WI,7910,SOUTH AFRICA,DET,109965,107175,2024-12,HS6,271019
-,4793,BOSNIA AND HERZEGOVINA,DET,30335,30335,2024-12,HS6,271019
GA,4793,BOSNIA AND HERZEGOVINA,DET,30335,30335,2024-12,HS6,271019
-,5330,INDIA,DET,758458039,757028078,2024-12,HS6,271019
AR,5330,INDIA,DET,4426,4426,2024-12,HS6,271019
CA,5330,INDIA,DET,8573056,8363009,2024-12,HS6,271019
CO,5330,INDIA,DET,17862,9200,2024-12,HS6,271019
DE,5330,INDIA,DET,13586971,13586971,2024-12,HS6,271019
FL,5330,INDIA,DET,177759,118000,2024-12,HS6,271019
GA,5330,INDIA,DET,76807,70612,2024-12,HS6,271019
IL,5330,INDIA,DET,1114711,1062017,2024-12,HS6,271019
IN,5330,INDIA,DET,1031039,603588,2024-12,HS6,271019
KS,5330,INDIA,DET,1121980,1091924,2024-12,HS6,271019
KY,5330,INDIA,DET,18222,14847,2024-12,HS6,271019
LA,5330,INDIA,DET,622889029,622885853,2024-12,HS6,271019
MA,5330,INDIA,DET,4072,4072,2024-12,HS6,271019
MI,5330,INDIA,DET,383799,328581,2024-12,HS6,271019
MN,5330,INDIA,DET,12661,0,2024-12,HS6,271019
MO,5330,INDIA,DET,45622,7772,2024-12,HS6,271019
MS,5330,INDIA,DET,45555225,45555225,2024-12,HS6,271019
NC,5330,INDIA,DET,94105,86366,2024-12,HS6,271019
NJ,5330,INDIA,DET,16789973,16676037,2024-12,HS6,271019
NY,5330,INDIA,DET,508311,492457,2024-12,HS6,271019
OH,5330,INDIA,DET,210854,159820,2024-12,HS6,271019
OK,5330,INDIA,DET,72745,72745,2024-12,HS6,271019
PA,5330,INDIA,DET,1457015,1445043,2024-12,HS6,271019
SC,5330,INDIA,DET,218827,218827,2024-12,HS6,271019
TX,5330,INDIA,DET,41636491,41376304,2024-12,HS6,271019
VA,5330,INDIA,DET,2689175,2689175,2024-12,HS6,271019
WI,5330,INDIA,DET,132769,70674,2024-12,HS6,271019
WV,5330,INDIA,DET,34533,34533,2024-12,HS6,271019
-,0003,EUROPEAN UNION,CGP,10472346796,10463482051,2024-12,HS6,271019
AL,0003,EUROPEAN UNION,CGP,38107225,38107225,2024-12,HS6,271019
AR,0003,EUROPEAN UNION,CGP,21321,21321,2024-12,HS6,271019
AZ,0003,EUROPEAN UNION,CGP,89704,0,2024-12,HS6,271019
CA,0003,EUROPEAN UNION,CGP,265796034,265301675,2024-12,HS6,271019
CO,0003,EUROPEAN UNION,CGP,899216,15277,2024-12,HS6,271019
CT,0003,EUROPEAN UNION,CGP,278081,256676,2024-12,HS6,271019
DE,0003,EUROPEAN UNION,CGP,38444687,38444687,2024-12,HS6,271019
FL,0003,EUROPEAN UNION,CGP,5527102,5332210,2024-12,HS6,271019
GA,0003,EUROPEAN UNION,CGP,1508758,1472013,2024-12,HS6,271019
IA,0003,EUROPEAN UNION,CGP,303490,241118,2024-12,HS6,271019
IL,0003,EUROPEAN UNION,CGP,2478334,1551928,2024-12,HS6,271019
IN,0003,EUROPEAN UNION,CGP,8905769,8335394,2024-12,HS6,271019
KS,0003,EUROPEAN UNION,CGP,1169302,1069530,2024-12,HS6,271019
KY,0003,EUROPEAN UNION,CGP,206780,104257,2024-12,HS6,271019
LA,0003,EUROPEAN UNION,CGP,4819284638,4819222039,2024-12,HS6,271019
MA,0003,EUROPEAN UNION,CGP,813300,335894,2024-12,HS6,271019
MD,0003,EUROPEAN UNION,CGP,9974,0,2024-12,HS6,271019
MI,0003,EUROPEAN UNION,CGP,1473097,1066839,2024-12,HS6,271019
MN,0003,EUROPEAN UNION,CGP,3235918,2935577,2024-12,HS6,271019
MO,0003,EUROPEAN UNION,CGP,569177,560851,2024-12,HS6,271019
MS,0003,EUROPEAN UNION,CGP,623929150,623876655,2024-12,HS6,271019
NC,0003,EUROPEAN UNION,CGP,1169339,1115811,2024-12,HS6,271019
ND,0003,EUROPEAN UNION,CGP,7873,7873,2024-12,HS6,271019
NE,0003,EUROPEAN UNION,CGP,12251,0,2024-12,HS6,271019
NH,0003,EUROPEAN UNION,CGP,60930,57600,2024-12,HS6,271019
NJ,0003,EUROPEAN UNION,CGP,979856438,979261773,2024-12,HS6,271019
NV,0003,EUROPEAN UNION,CGP,3440,0,2024-12,HS6,271019
NY,0003,EUROPEAN UNION,CGP,4069645,3201292,2024-12,HS6,271019
OH,0003,EUROPEAN UNION,CGP,2514806,2253369,2024-12,HS6,271019
OK,0003,EUROPEAN UNION,CGP,303182,269963,2024-12,HS6,271019
OR,0003,EUROPEAN UNION,CGP,37412,37412,2024-12,HS6,271019
PA,0003,EUROPEAN UNION,CGP,17017683,16841995,2024-12,HS6,271019
PR,0003,EUROPEAN UNION,CGP,3980,0,2024-12,HS6,271019
RI,0003,EUROPEAN UNION,CGP,246150,72088,2024-12,HS6,271019
SC,0003,EUROPEAN UNION,CGP,552963,533881,2024-12,HS6,271019
TN,0003,EUROPEAN UNION,CGP,4168539,3682892,2024-12,HS6,271019
TX,0003,EUROPEAN UNION,CGP,3552004345,3551306357,2024-12,HS6,271019
UT,0003,EUROPEAN UNION,CGP,2990,0,2024-12,HS6,271019
VA,0003,EUROPEAN UNION,CGP,511561,371252,2024-12,HS6,271019
VI,0003,EUROPEAN UNION,CGP,61300243,61300243,2024-12,HS6,271019
WA,0003,EUROPEAN UNION,CGP,32990886,32968040,2024-12,HS6,271019
WI,0003,EUROPEAN UNION,CGP,2097593,1585554,2024-12,HS6,271019
WV,0003,EUROPEAN UNION,CGP,363490,363490,2024-12,HS6,271019
-,7850,MAURITIUS,DET,44200,44200,2024-12,HS6,271019
GA,7850,MAURITIUS,DET,44200,44200,2024-12,HS6,271019
-,4351,CZECH REPUBLIC,DET,665846,622664,2024-12,HS6,271019
CA,4351,CZECH REPUBLIC,DET,278223,278223,2024-12,HS6,271019
GA,4351,CZECH REPUBLIC,DET,8675,8675,2024-12,HS6,271019
IL,4351,CZECH REPUBLIC,DET,18316,18316,2024-12,HS6,271019
KS,4351,CZECH REPUBLIC,DET,10239,10239,2024-12,HS6,271019
MO,4351,CZECH REPUBLIC,DET,26093,26093,2024-12,HS6,271019
MS,4351,CZECH REPUBLIC,DET,7352,7352,2024-12,HS6,271019
NJ,4351,CZECH REPUBLIC,DET,12495,0,2024-12,HS6,271019
NY,4351,CZECH REPUBLIC,DET,40921,10234,2024-12,HS6,271019
PA,4351,CZECH REPUBLIC,DET,7354,7354,2024-12,HS6,271019
TX,4351,CZECH REPUBLIC,DET,256178,256178,2024-12,HS6,271019
-,4470,ESTONIA,DET,118611,118611,2024-12,HS6,271019
FL,4470,ESTONIA,DET,87040,87040,2024-12,HS6,271019
OH,4470,ESTONIA,DET,2782,2782,2024-12,HS6,271019
TN,4470,ESTONIA,DET,28789,28789,2024-12,HS6,271019
-,2481,ANGUILLA,DET,5793464,5793464,2024-12,HS6,271019
FL,2481,ANGUILLA,DET,132870,132870,2024-12,HS6,271019
LA,2481,ANGUILLA,DET,66863,66863,2024-12,HS6,271019
PR,2481,ANGUILLA,DET,1806774,1806774,2024-12,HS6,271019
TN,2481,ANGUILLA,DET,8184,8184,2024-12,HS6,271019
TX,2481,ANGUILLA,DET,284460,284460,2024-12,HS6,271019
VI,2481,ANGUILLA,DET,3494313,3494313,2024-12,HS6,271019
-,4641,MOLDOVA,DET,3185,3185,2024-12,HS6,271019
GA,4641,MOLDOVA,DET,3185,3185,2024-12,HS6,271019
-,0021,TWENTY LATIN AMERICAN REPUBLICS,CGP,39837311346,32788645904,2024-12,HS6,271019
AK,0021,TWENTY LATIN AMERICAN REPUBLICS,CGP,125610,108477,2024-12,HS6,271019
AL,0021,TWENTY LATIN AMERICAN REPUBLICS,CGP,170645598,156538775,2024-12,HS6,271019
AR,0021,TWENTY LATIN AMERICAN REPUBLICS,CGP,74560276,4963277,2024-12,HS6,271019
AZ,0021,TWENTY LATIN AMERICAN REPUBLICS,CGP,203446957,0,2024-12,HS6,271019
CA,0021,TWENTY LATIN AMERICAN REPUBLICS,CGP,2413333293,2339464173,2024-12,HS6,271019
CO,0021,TWENTY LATIN AMERICAN REPUBLICS,CGP,109533,0,2024-12,HS6,271019
CT,0021,TWENTY LATIN AMERICAN REPUBLICS,CGP,599713,134692,2024-12,HS6,271019
DC,0021,TWENTY LATIN AMERICAN REPUBLICS,CGP,87694,79378,2024-12,HS6,271019
DE,0021,TWENTY LATIN AMERICAN REPUBLICS,CGP,8660039,6828474,2024-12,HS6,271019
FL,0021,TWENTY LATIN AMERICAN REPUBLICS,CGP,96004241,89925551,2024-12,HS6,271019
GA,0021,TWENTY LATIN AMERICAN REPUBLICS,CGP,45005904,44201502,2024-12,HS6,271019
HI,0021,TWENTY LATIN AMERICAN REPUBLICS,CGP,14634202,14634202,2024-12,HS6,271019
IA,0021,TWENTY LATIN AMERICAN REPUBLICS,CGP,2604086,2141365,2024-12,HS6,271019
ID,0021,TWENTY LATIN AMERICAN REPUBLICS,CGP,1425549,0,2024-12,HS6,271019
IL,0021,TWENTY LATIN AMERICAN REPUBLICS,CGP,69458353,25648305,2024-12,HS6,271019
IN,0021,TWENTY LATIN AMERICAN REPUBLICS,CGP,50151969,17869555,2024-12,HS6,271019
KS,0021,TWENTY LATIN AMERICAN REPUBLICS,CGP,22388807,1054277,2024-12,HS6,271019
KY,0021,TWENTY LATIN AMERICAN REPUBLICS,CGP,59606400,46090128,2024-12,HS6,271019
LA,0021,TWENTY LATIN AMERICAN REPUBLICS,CGP,7387876758,7170078588,2024-12,HS6,271019
MA,0021,TWENTY LATIN AMERICAN REPUBLICS,CGP,1873601,503840,2024-12,HS6,271019
MD,0021,TWENTY LATIN AMERICAN REPUBLICS,CGP,191280,124625,2024-12,HS6,271019
MI,0021,TWENTY LATIN AMERICAN REPUBLICS,CGP,33105765,8852760,2024-12,HS6,271019
MN,0021,TWENTY LATIN AMERICAN REPUBLICS,CGP,1556454,607147,2024-12,HS6,271019
MO,0021,TWENTY LATIN AMERICAN REPUBLICS,CGP,1412108,372997,2024-12,HS6,271019
MS,0021,TWENTY LATIN AMERICAN REPUBLICS,CGP,2149557509,2084055969,2024-12,HS6,271019
MT,0021,TWENTY LATIN AMERICAN REPUBLICS,CGP,4092,0,2024-12,HS6,271019
NC,0021,TWENTY LATIN AMERICAN REPUBLICS,CGP,4183385,3409478,2024-12,HS6,271019
ND,0021,TWENTY LATIN AMERICAN REPUBLICS,CGP,93545,88245,2024-12,HS6,271019
NE,0021,TWENTY LATIN AMERICAN REPUBLICS,CGP,295572,60753,2024-12,HS6,271019
NH,0021,TWENTY LATIN AMERICAN REPUBLICS,CGP,178060,107531,2024-12,HS6,271019
NJ,0021,TWENTY LATIN AMERICAN REPUBLICS,CGP,146567689,124053742,2024-12,HS6,271019
NM,0021,TWENTY LATIN AMERICAN REPUBLICS,CGP,5048154,0,2024-12,HS6,271019
NV,0021,TWENTY LATIN AMERICAN REPUBLICS,CGP,1565805,106741,2024-12,HS6,271019
NY,0021,TWENTY LATIN AMERICAN REPUBLICS,CGP,43253294,26996487,2024-12,HS6,271019
OH,0021,TWENTY LATIN AMERICAN REPUBLICS,CGP,26663788,17836707,2024-12,HS6,271019
OK,0021,TWENTY LATIN AMERICAN REPUBLICS,CGP,19053989,285190,2024-12,HS6,271019
OR,0021,TWENTY LATIN AMERICAN REPUBLICS,CGP,19951,17122,2024-12,HS6,271019
PA,0021,TWENTY LATIN AMERICAN REPUBLICS,CGP,23122882,12744581,2024-12,HS6,271019
PR,0021,TWENTY LATIN AMERICAN REPUBLICS,CGP,35025225,35014385,2024-12,HS6,271019
SC,0021,TWENTY LATIN AMERICAN REPUBLICS,CGP,13634671,12895441,2024-12,HS6,271019
SD,0021,TWENTY LATIN AMERICAN REPUBLICS,CGP,77381,29696,2024-12,HS6,271019
TN,0021,TWENTY LATIN AMERICAN REPUBLICS,CGP,58339679,14272717,2024-12,HS6,271019
TX,0021,TWENTY LATIN AMERICAN REPUBLICS,CGP,23858903719,17767908823,2024-12,HS6,271019
UT,0021,TWENTY LATIN AMERICAN REPUBLICS,CGP,346367,6350,2024-12,HS6,271019
VA,0021,TWENTY LATIN AMERICAN REPUBLICS,CGP,700371,171798,2024-12,HS6,271019
VI,0021,TWENTY LATIN AMERICAN REPUBLICS,CGP,496702819,496702819,2024-12,HS6,271019
WA,0021,TWENTY LATIN AMERICAN REPUBLICS,CGP,2253704194,2244987549,2024-12,HS6,271019
WI,0021,TWENTY LATIN AMERICAN REPUBLICS,CGP,6066665,2230287,2024-12,HS6,271019
WV,0021,TWENTY LATIN AMERICAN REPUBLICS,CGP,35334749,14437804,2024-12,HS6,271019
WY,0021,TWENTY LATIN AMERICAN REPUBLICS,CGP,3601,3601,2024-12,HS6,271019
-,4419,SWITZERLAND,DET,240271361,240100695,2024-12,HS6,271019
CA,4419,SWITZERLAND,DET,26083,0,2024-12,HS6,271019
GA,4419,SWITZERLAND,DET,9472,9472,2024-12,HS6,271019
IL,4419,SWITZERLAND,DET,62998,0,2024-12,HS6,271019
KS,4419,SWITZERLAND,DET,4560,4560,2024-12,HS6,271019
LA,4419,SWITZERLAND,DET,165241740,165241740,2024-12,HS6,271019
MO,4419,SWITZERLAND,DET,18024,18024,2024-12,HS6,271019
NC,4419,SWITZERLAND,DET,25738,0,2024-12,HS6,271019
NY,4419,SWITZERLAND,DET,11830,0,2024-12,HS6,271019
PA,4419,SWITZERLAND,DET,42458,42458,2024-12,HS6,271019
TX,4419,SWITZERLAND,DET,74753988,74724691,2024-12,HS6,271019
WI,4419,SWITZERLAND,DET,74470,59750,2024-12,HS6,271019
-,7490,GHANA,DET,3121299,3057528,2024-12,HS6,271019
AZ,7490,GHANA,DET,4462,0,2024-12,HS6,271019
FL,7490,GHANA,DET,203000,203000,2024-12,HS6,271019
GA,7490,GHANA,DET,53056,53056,2024-12,HS6,271019
IA,7490,GHANA,DET,204220,204220,2024-12,HS6,271019
IL,7490,GHANA,DET,311473,311473,2024-12,HS6,271019
LA,7490,GHANA,DET,167383,167383,2024-12,HS6,271019
MD,7490,GHANA,DET,15000,15000,2024-12,HS6,271019
NJ,7490,GHANA,DET,474247,474247,2024-12,HS6,271019
NY,7490,GHANA,DET,12514,10000,2024-12,HS6,271019
OK,7490,GHANA,DET,52996,50000,2024-12,HS6,271019
PA,7490,GHANA,DET,142947,142947,2024-12,HS6,271019
TX,7490,GHANA,DET,1476769,1426202,2024-12,HS6,271019
VA,7490,GHANA,DET,3232,0,2024-12,HS6,271019
-,3170,FRENCH GUIANA,DET,6856,6856,2024-12,HS6,271019
PR,3170,FRENCH GUIANA,DET,6856,6856,2024-12,HS6,271019
-,5XXX,ASIA,CGP,2906345508,2885652091,2024-12,HS6,271019
AK,5XXX,ASIA,CGP,6288,0,2024-12,HS6,271019
AL,5XXX,ASIA,CGP,5189864,5169913,2024-12,HS6,271019
AR,5XXX,ASIA,CGP,104314,96754,2024-12,HS6,271019
AZ,5XXX,ASIA,CGP,339895,303332,2024-12,HS6,271019
CA,5XXX,ASIA,CGP,620087564,617904260,2024-12,HS6,271019
CO,5XXX,ASIA,CGP,488255,218240,2024-12,HS6,271019
CT,5XXX,ASIA,CGP,138024,115239,2024-12,HS6,271019
DC,5XXX,ASIA,CGP,251093,247377,2024-12,HS6,271019
DE,5XXX,ASIA,CGP,13912105,13905105,2024-12,HS6,271019
FL,5XXX,ASIA,CGP,7579621,6962925,2024-12,HS6,271019
GA,5XXX,ASIA,CGP,2576367,2378260,2024-12,HS6,271019
HI,5XXX,ASIA,CGP,592750,592750,2024-12,HS6,271019
IA,5XXX,ASIA,CGP,5282155,5278168,2024-12,HS6,271019
IL,5XXX,ASIA,CGP,16073128,14867265,2024-12,HS6,271019
IN,5XXX,ASIA,CGP,14208761,12960473,2024-12,HS6,271019
KS,5XXX,ASIA,CGP,3348719,3220112,2024-12,HS6,271019
KY,5XXX,ASIA,CGP,7548321,7322159,2024-12,HS6,271019
LA,5XXX,ASIA,CGP,925024465,924967037,2024-12,HS6,271019
MA,5XXX,ASIA,CGP,931338,564390,2024-12,HS6,271019
MD,5XXX,ASIA,CGP,2678951,2609947,2024-12,HS6,271019
MI,5XXX,ASIA,CGP,15630729,13179893,2024-12,HS6,271019
MN,5XXX,ASIA,CGP,1303710,1175195,2024-12,HS6,271019
MO,5XXX,ASIA,CGP,2275269,2030389,2024-12,HS6,271019
MS,5XXX,ASIA,CGP,169653043,169650022,2024-12,HS6,271019
MT,5XXX,ASIA,CGP,5112,5112,2024-12,HS6,271019
NC,5XXX,ASIA,CGP,4874481,4620025,2024-12,HS6,271019
ND,5XXX,ASIA,CGP,160211,151841,2024-12,HS6,271019
NH,5XXX,ASIA,CGP,254871,241486,2024-12,HS6,271019
NJ,5XXX,ASIA,CGP,58710612,57976051,2024-12,HS6,271019
NV,5XXX,ASIA,CGP,145181,86279,2024-12,HS6,271019
NY,5XXX,ASIA,CGP,239880350,237642352,2024-12,HS6,271019
OH,5XXX,ASIA,CGP,5190586,4830637,2024-12,HS6,271019
OK,5XXX,ASIA,CGP,1107149,1029752,2024-12,HS6,271019
OR,5XXX,ASIA,CGP,232249,17820,2024-12,HS6,271019
PA,5XXX,ASIA,CGP,24929619,24130243,2024-12,HS6,271019
PR,5XXX,ASIA,CGP,56595,56595,2024-12,HS6,271019
RI,5XXX,ASIA,CGP,69625,69625,2024-12,HS6,271019
SC,5XXX,ASIA,CGP,2959125,2883499,2024-12,HS6,271019
SD,5XXX,ASIA,CGP,104212,89133,2024-12,HS6,271019
TN,5XXX,ASIA,CGP,4617778,3699281,2024-12,HS6,271019
TX,5XXX,ASIA,CGP,625803809,621612720,2024-12,HS6,271019
UT,5XXX,ASIA,CGP,20792,0,2024-12,HS6,271019
VA,5XXX,ASIA,CGP,3802306,3501189,2024-12,HS6,271019
VI,5XXX,ASIA,CGP,5983481,5983481,2024-12,HS6,271019
WA,5XXX,ASIA,CGP,98606537,98245363,2024-12,HS6,271019
WI,5XXX,ASIA,CGP,13374458,12828762,2024-12,HS6,271019
WV,5XXX,ASIA,CGP,231640,231640,2024-12,HS6,271019
-,2230,COSTA RICA,DET,1261195876,1261058531,2024-12,HS6,271019
AL,2230,COSTA RICA,DET,248865,248865,2024-12,HS6,271019
AR,2230,COSTA RICA,DET,51872,51872,2024-12,HS6,271019
CA,2230,COSTA RICA,DET,648952,648952,2024-12,HS6,271019
CT,2230,COSTA RICA,DET,22984,22984,2024-12,HS6,271019
FL,2230,COSTA RICA,DET,5558855,5502037,2024-12,HS6,271019
GA,2230,COSTA RICA,DET,743507,743507,2024-12,HS6,271019
IA,2230,COSTA RICA,DET,665786,665786,2024-12,HS6,271019
IL,2230,COSTA RICA,DET,457147,448808,2024-12,HS6,271019
IN,2230,COSTA RICA,DET,6805059,6805059,2024-12,HS6,271019
KS,2230,COSTA RICA,DET,74301,74301,2024-12,HS6,271019
KY,2230,COSTA RICA,DET,78332,75488,2024-12,HS6,271019
LA,2230,COSTA RICA,DET,389742678,389742678,2024-12,HS6,271019
MA,2230,COSTA RICA,DET,3103,3103,2024-12,HS6,271019
MD,2230,COSTA RICA,DET,51201,51201,2024-12,HS6,271019
MI,2230,COSTA RICA,DET,336862,336862,2024-12,HS6,271019
MN,2230,COSTA RICA,DET,4650,4650,2024-12,HS6,271019
MO,2230,COSTA RICA,DET,14830,14830,2024-12,HS6,271019
MS,2230,COSTA RICA,DET,3362739,3362739,2024-12,HS6,271019
NC,2230,COSTA RICA,DET,10960,0,2024-12,HS6,271019
NJ,2230,COSTA RICA,DET,426985,422885,2024-12,HS6,271019
NY,2230,COSTA RICA,DET,1123758,1123758,2024-12,HS6,271019
OH,2230,COSTA RICA,DET,658841,652832,2024-12,HS6,271019
OK,2230,COSTA RICA,DET,52510,52510,2024-12,HS6,271019
PA,2230,COSTA RICA,DET,347972,347972,2024-12,HS6,271019
PR,2230,COSTA RICA,DET,498199,498199,2024-12,HS6,271019
SC,2230,COSTA RICA,DET,108534,108534,2024-12,HS6,271019
TN,2230,COSTA RICA,DET,66607,66607,2024-12,HS6,271019
TX,2230,COSTA RICA,DET,848586700,848538425,2024-12,HS6,271019
WA,2230,COSTA RICA,DET,167568,167568,2024-12,HS6,271019
WI,2230,COSTA RICA,DET,275519,275519,2024-12,HS6,271019
-,1220,CANADA,DET,4793073637,2322834672,2024-12,HS6,271019
AK,1220,CANADA,DET,72440669,0,2024-12,HS6,271019
AL,1220,CANADA,DET,42700233,40546321,2024-12,HS6,271019
AR,1220,CANADA,DET,4781906,0,2024-12,HS6,271019
AZ,1220,CANADA,DET,985736,0,2024-12,HS6,271019
CA,1220,CANADA,DET,42982328,22682710,2024-12,HS6,271019
CO,1220,CANADA,DET,554270,0,2024-12,HS6,271019
CT,1220,CANADA,DET,217426,0,2024-12,HS6,271019
DE,1220,CANADA,DET,35292854,35205932,2024-12,HS6,271019
FL,1220,CANADA,DET,2330954,0,2024-12,HS6,271019
GA,1220,CANADA,DET,22251632,0,2024-12,HS6,271019
IA,1220,CANADA,DET,47850921,0,2024-12,HS6,271019
ID,1220,CANADA,DET,1601857,0,2024-12,HS6,271019
IL,1220,CANADA,DET,205385691,5033760,2024-12,HS6,271019
IN,1220,CANADA,DET,62826150,0,2024-12,HS6,271019
KS,1220,CANADA,DET,17152973,8576710,2024-12,HS6,271019
KY,1220,CANADA,DET,23286285,0,2024-12,HS6,271019
LA,1220,CANADA,DET,829992626,408385077,2024-12,HS6,271019
MA,1220,CANADA,DET,745115,0,2024-12,HS6,271019
MD,1220,CANADA,DET,266657,0,2024-12,HS6,271019
ME,1220,CANADA,DET,476818,0,2024-12,HS6,271019
MI,1220,CANADA,DET,144534591,2839720,2024-12,HS6,271019
MN,1220,CANADA,DET,26896218,0,2024-12,HS6,271019
MO,1220,CANADA,DET,5792956,0,2024-12,HS6,271019
MS,1220,CANADA,DET,33802005,0,2024-12,HS6,271019
MT,1220,CANADA,DET,15008971,0,2024-12,HS6,271019
NC,1220,CANADA,DET,2619149,0,2024-12,HS6,271019
ND,1220,CANADA,DET,506678,0,2024-12,HS6,271019
NE,1220,CANADA,DET,20496413,0,2024-12,HS6,271019
NH,1220,CANADA,DET,2219787,0,2024-12,HS6,271019
NJ,1220,CANADA,DET,365730252,43904902,2024-12,HS6,271019
NM,1220,CANADA,DET,4609597,0,2024-12,HS6,271019
NV,1220,CANADA,DET,42252,0,2024-12,HS6,271019
NY,1220,CANADA,DET,157027514,133159083,2024-12,HS6,271019
OH,1220,CANADA,DET,56804571,4281632,2024-12,HS6,271019
OK,1220,CANADA,DET,52408612,0,2024-12,HS6,271019
OR,1220,CANADA,DET,85840933,6389440,2024-12,HS6,271019
PA,1220,CANADA,DET,136984639,28304929,2024-12,HS6,271019
RI,1220,CANADA,DET,122487,0,2024-12,HS6,271019
SC,1220,CANADA,DET,501779,0,2024-12,HS6,271019
SD,1220,CANADA,DET,13760,0,2024-12,HS6,271019
TN,1220,CANADA,DET,6144677,0,2024-12,HS6,271019
TX,1220,CANADA,DET,1734226541,1459509828,2024-12,HS6,271019
UT,1220,CANADA,DET,8209836,0,2024-12,HS6,271019
VA,1220,CANADA,DET,1234327,0,2024-12,HS6,271019
VT,1220,CANADA,DET,2630,0,2024-12,HS6,271019
WA,1220,CANADA,DET,337738531,124014628,2024-12,HS6,271019
WI,1220,CANADA,DET,14426402,0,2024-12,HS6,271019
WV,1220,CANADA,DET,28668834,0,2024-12,HS6,271019
WY,1220,CANADA,DET,77527977,0,2024-12,HS6,271019
XX,1220,CANADA,DET,58807617,0,2024-12,HS6,271019
-,3310,ECUADOR,DET,2682063603,2681655439,2024-12,HS6,271019
AL,3310,ECUADOR,DET,8081,0,2024-12,HS6,271019
AR,3310,ECUADOR,DET,417998,417998,2024-12,HS6,271019
CA,3310,ECUADOR,DET,179540718,179540718,2024-12,HS6,271019
CT,3310,ECUADOR,DET,2742,0,2024-12,HS6,271019
DE,3310,ECUADOR,DET,7020,7020,2024-12,HS6,271019
FL,3310,ECUADOR,DET,2474530,2257636,2024-12,HS6,271019
GA,3310,ECUADOR,DET,15028037,15028037,2024-12,HS6,271019
IL,3310,ECUADOR,DET,271746,271746,2024-12,HS6,271019
IN,3310,ECUADOR,DET,65122,36269,2024-12,HS6,271019
KS,3310,ECUADOR,DET,246360,246360,2024-12,HS6,271019
LA,3310,ECUADOR,DET,433972711,433972711,2024-12,HS6,271019
MA,3310,ECUADOR,DET,5071,5071,2024-12,HS6,271019
MI,3310,ECUADOR,DET,226245,203365,2024-12,HS6,271019
MN,3310,ECUADOR,DET,12039,0,2024-12,HS6,271019
MO,3310,ECUADOR,DET,17134,0,2024-12,HS6,271019
MS,3310,ECUADOR,DET,498990,498990,2024-12,HS6,271019
NC,3310,ECUADOR,DET,57752,47065,2024-12,HS6,271019
NJ,3310,ECUADOR,DET,1056234,1051552,2024-12,HS6,271019
NY,3310,ECUADOR,DET,54345,44871,2024-12,HS6,271019
OH,3310,ECUADOR,DET,58407,50519,2024-12,HS6,271019
OK,3310,ECUADOR,DET,7950,0,2024-12,HS6,271019
SC,3310,ECUADOR,DET,12318661,12318661,2024-12,HS6,271019
TX,3310,ECUADOR,DET,1934443730,1934394333,2024-12,HS6,271019
VA,3310,ECUADOR,DET,117786,117786,2024-12,HS6,271019
WA,3310,ECUADOR,DET,100747106,100737643,2024-12,HS6,271019
WI,3310,ECUADOR,DET,256493,256493,2024-12,HS6,271019
WV,3310,ECUADOR,DET,150595,150595,2024-12,HS6,271019
-,5200,UNITED ARAB EMIRATES,DET,94298965,92316929,2024-12,HS6,271019
AR,5200,UNITED ARAB EMIRATES,DET,24864,20504,2024-12,HS6,271019
CA,5200,UNITED ARAB EMIRATES,DET,1807785,1782703,2024-12,HS6,271019
CO,5200,UNITED ARAB EMIRATES,DET,105850,56550,2024-12,HS6,271019
CT,5200,UNITED ARAB EMIRATES,DET,22785,0,2024-12,HS6,271019
DE,5200,UNITED ARAB EMIRATES,DET,264016,261016,2024-12,HS6,271019
FL,5200,UNITED ARAB EMIRATES,DET,165425,104982,2024-12,HS6,271019
GA,5200,UNITED ARAB EMIRATES,DET,141224,87664,2024-12,HS6,271019
IA,5200,UNITED ARAB EMIRATES,DET,14387,10400,2024-12,HS6,271019
IL,5200,UNITED ARAB EMIRATES,DET,2123172,2117696,2024-12,HS6,271019
IN,5200,UNITED ARAB EMIRATES,DET,1052783,1052783,2024-12,HS6,271019
KS,5200,UNITED ARAB EMIRATES,DET,7772,7772,2024-12,HS6,271019
KY,5200,UNITED ARAB EMIRATES,DET,23412,23412,2024-12,HS6,271019
LA,5200,UNITED ARAB EMIRATES,DET,11027759,11021446,2024-12,HS6,271019
MA,5200,UNITED ARAB EMIRATES,DET,240615,240615,2024-12,HS6,271019
MD,5200,UNITED ARAB EMIRATES,DET,28173,28173,2024-12,HS6,271019
MI,5200,UNITED ARAB EMIRATES,DET,5658613,5091870,2024-12,HS6,271019
MN,5200,UNITED ARAB EMIRATES,DET,4148,0,2024-12,HS6,271019
MO,5200,UNITED ARAB EMIRATES,DET,232426,173611,2024-12,HS6,271019
MS,5200,UNITED ARAB EMIRATES,DET,50546152,50543131,2024-12,HS6,271019
NC,5200,UNITED ARAB EMIRATES,DET,16286,7626,2024-12,HS6,271019
ND,5200,UNITED ARAB EMIRATES,DET,25667,17297,2024-12,HS6,271019
NJ,5200,UNITED ARAB EMIRATES,DET,1256802,1189414,2024-12,HS6,271019
NY,5200,UNITED ARAB EMIRATES,DET,119091,107535,2024-12,HS6,271019
OH,5200,UNITED ARAB EMIRATES,DET,348088,275975,2024-12,HS6,271019
OK,5200,UNITED ARAB EMIRATES,DET,33600,33600,2024-12,HS6,271019
OR,5200,UNITED ARAB EMIRATES,DET,11755,0,2024-12,HS6,271019
PA,5200,UNITED ARAB EMIRATES,DET,57168,32318,2024-12,HS6,271019
TN,5200,UNITED ARAB EMIRATES,DET,40318,18297,2024-12,HS6,271019
TX,5200,UNITED ARAB EMIRATES,DET,17415438,16539043,2024-12,HS6,271019
VA,5200,UNITED ARAB EMIRATES,DET,314610,314610,2024-12,HS6,271019
WI,5200,UNITED ARAB EMIRATES,DET,1168781,1156886,2024-12,HS6,271019
-,4330,AUSTRIA,DET,530821,455888,2024-12,HS6,271019
IL,4330,AUSTRIA,DET,8876,8876,2024-12,HS6,271019
LA,4330,AUSTRIA,DET,326477,303976,2024-12,HS6,271019
MI,4330,AUSTRIA,DET,3726,0,2024-12,HS6,271019
MN,4330,AUSTRIA,DET,191742,143036,2024-12,HS6,271019
-,4050,FINLAND,DET,38573580,38524606,2024-12,HS6,271019
AL,4050,FINLAND,DET,8619,8619,2024-12,HS6,271019
CA,4050,FINLAND,DET,3830,0,2024-12,HS6,271019
CO,4050,FINLAND,DET,6077,6077,2024-12,HS6,271019
FL,4050,FINLAND,DET,75667,75667,2024-12,HS6,271019
GA,4050,FINLAND,DET,417961,417961,2024-12,HS6,271019
IA,4050,FINLAND,DET,100388,100388,2024-12,HS6,271019
KS,4050,FINLAND,DET,266029,266029,2024-12,HS6,271019
LA,4050,FINLAND,DET,33712125,33712125,2024-12,HS6,271019
MN,4050,FINLAND,DET,1851586,1851586,2024-12,HS6,271019
NY,4050,FINLAND,DET,40113,40113,2024-12,HS6,271019
OH,4050,FINLAND,DET,1152156,1107012,2024-12,HS6,271019
TX,4050,FINLAND,DET,650460,650460,2024-12,HS6,271019
VA,4050,FINLAND,DET,278291,278291,2024-12,HS6,271019
WI,4050,FINLAND,DET,10278,10278,2024-12,HS6,271019
-,7830,TANZANIA,DET,61971,61971,2024-12,HS6,271019
GA,7830,TANZANIA,DET,48720,48720,2024-12,HS6,271019
IL,7830,TANZANIA,DET,13251,13251,2024-12,HS6,271019
-,5830,TAIWAN,DET,16111734,14970636,2024-12,HS6,271019
AL,5830,TAIWAN,DET,80640,80640,2024-12,HS6,271019
AZ,5830,TAIWAN,DET,44252,44252,2024-12,HS6,271019
CA,5830,TAIWAN,DET,5708896,5377568,2024-12,HS6,271019
CO,5830,TAIWAN,DET,85290,85290,2024-12,HS6,271019
CT,5830,TAIWAN,DET,24318,24318,2024-12,HS6,271019
FL,5830,TAIWAN,DET,380008,380008,2024-12,HS6,271019
GA,5830,TAIWAN,DET,6499,6499,2024-12,HS6,271019
IA,5830,TAIWAN,DET,1201315,1201315,2024-12,HS6,271019
IL,5830,TAIWAN,DET,338174,331013,2024-12,HS6,271019
IN,5830,TAIWAN,DET,153555,21741,2024-12,HS6,271019
KS,5830,TAIWAN,DET,461185,457931,2024-12,HS6,271019
KY,5830,TAIWAN,DET,139875,125110,2024-12,HS6,271019
LA,5830,TAIWAN,DET,429641,419081,2024-12,HS6,271019
MA,5830,TAIWAN,DET,24917,22397,2024-12,HS6,271019
MI,5830,TAIWAN,DET,545582,158583,2024-12,HS6,271019
MN,5830,TAIWAN,DET,198434,198434,2024-12,HS6,271019
MO,5830,TAIWAN,DET,97279,93644,2024-12,HS6,271019
MS,5830,TAIWAN,DET,49292,49292,2024-12,HS6,271019
NC,5830,TAIWAN,DET,136892,136892,2024-12,HS6,271019
NJ,5830,TAIWAN,DET,322644,322644,2024-12,HS6,271019
NY,5830,TAIWAN,DET,338515,271032,2024-12,HS6,271019
OH,5830,TAIWAN,DET,219655,172753,2024-12,HS6,271019
OK,5830,TAIWAN,DET,148292,148292,2024-12,HS6,271019
OR,5830,TAIWAN,DET,11000,11000,2024-12,HS6,271019
PA,5830,TAIWAN,DET,1192607,1160304,2024-12,HS6,271019
SD,5830,TAIWAN,DET,15079,0,2024-12,HS6,271019
TN,5830,TAIWAN,DET,25304,0,2024-12,HS6,271019
TX,5830,TAIWAN,DET,3603058,3552949,2024-12,HS6,271019
VA,5830,TAIWAN,DET,9900,9900,2024-12,HS6,271019
WA,5830,TAIWAN,DET,2850,0,2024-12,HS6,271019
WI,5830,TAIWAN,DET,116786,107754,2024-12,HS6,271019
-,2740,TRINIDAD AND TOBAGO,DET,850663503,850589489,2024-12,HS6,271019
AL,2740,TRINIDAD AND TOBAGO,DET,11624966,11624966,2024-12,HS6,271019
AR,2740,TRINIDAD AND TOBAGO,DET,319285,319285,2024-12,HS6,271019
AZ,2740,TRINIDAD AND TOBAGO,DET,47129,47129,2024-12,HS6,271019
CA,2740,TRINIDAD AND TOBAGO,DET,154028,154028,2024-12,HS6,271019
CO,2740,TRINIDAD AND TOBAGO,DET,11972,0,2024-12,HS6,271019
CT,2740,TRINIDAD AND TOBAGO,DET,2901,2901,2024-12,HS6,271019
FL,2740,TRINIDAD AND TOBAGO,DET,5892232,5876478,2024-12,HS6,271019
GA,2740,TRINIDAD AND TOBAGO,DET,254871,254871,2024-12,HS6,271019
IA,2740,TRINIDAD AND TOBAGO,DET,38835,38835,2024-12,HS6,271019
IL,2740,TRINIDAD AND TOBAGO,DET,58751,58751,2024-12,HS6,271019
KS,2740,TRINIDAD AND TOBAGO,DET,9744,9744,2024-12,HS6,271019
KY,2740,TRINIDAD AND TOBAGO,DET,1223290,1223290,2024-12,HS6,271019
LA,2740,TRINIDAD AND TOBAGO,DET,75381049,75377223,2024-12,HS6,271019
MA,2740,TRINIDAD AND TOBAGO,DET,3744,3744,2024-12,HS6,271019
MI,2740,TRINIDAD AND TOBAGO,DET,28211,28211,2024-12,HS6,271019
MN,2740,TRINIDAD AND TOBAGO,DET,55882,55882,2024-12,HS6,271019
NC,2740,TRINIDAD AND TOBAGO,DET,52864,36809,2024-12,HS6,271019
NJ,2740,TRINIDAD AND TOBAGO,DET,271617,271617,2024-12,HS6,271019
NY,2740,TRINIDAD AND TOBAGO,DET,50965,50965,2024-12,HS6,271019
OH,2740,TRINIDAD AND TOBAGO,DET,28739,28739,2024-12,HS6,271019
OK,2740,TRINIDAD AND TOBAGO,DET,67822,67822,2024-12,HS6,271019
OR,2740,TRINIDAD AND TOBAGO,DET,5240,5240,2024-12,HS6,271019
PA,2740,TRINIDAD AND TOBAGO,DET,65557,65557,2024-12,HS6,271019
PR,2740,TRINIDAD AND TOBAGO,DET,123111,123111,2024-12,HS6,271019
TN,2740,TRINIDAD AND TOBAGO,DET,9216,9216,2024-12,HS6,271019
TX,2740,TRINIDAD AND TOBAGO,DET,753939898,753913491,2024-12,HS6,271019
WA,2740,TRINIDAD AND TOBAGO,DET,8482,8482,2024-12,HS6,271019
WI,2740,TRINIDAD AND TOBAGO,DET,933102,933102,2024-12,HS6,271019
-,4850,ROMANIA,DET,28649882,28587995,2024-12,HS6,271019
CA,4850,ROMANIA,DET,89790,30621,2024-12,HS6,271019
IL,4850,ROMANIA,DET,6000,6000,2024-12,HS6,271019
KY,4850,ROMANIA,DET,28158,25440,2024-12,HS6,271019
LA,4850,ROMANIA,DET,27878994,27878994,2024-12,HS6,271019
MI,4850,ROMANIA,DET,55528,55528,2024-12,HS6,271019
TX,4850,ROMANIA,DET,591412,591412,2024-12,HS6,271019
-,7700,SOMALIA,DET,15116,0,2024-12,HS6,271019
MD,7700,SOMALIA,DET,15116,0,2024-12,HS6,271019
-,4010,SWEDEN,DET,57019183,55503350,2024-12,HS6,271019
AZ,4010,SWEDEN,DET,3390,0,2024-12,HS6,271019
CA,4010,SWEDEN,DET,27787,21245,2024-12,HS6,271019
CO,4010,SWEDEN,DET,883939,0,2024-12,HS6,271019
FL,4010,SWEDEN,DET,47792,47792,2024-12,HS6,271019
GA,4010,SWEDEN,DET,179625,179625,2024-12,HS6,271019
IN,4010,SWEDEN,DET,228977,0,2024-12,HS6,271019
KS,4010,SWEDEN,DET,46702,46702,2024-12,HS6,271019
KY,4010,SWEDEN,DET,83580,41790,2024-12,HS6,271019
LA,4010,SWEDEN,DET,51793616,51793616,2024-12,HS6,271019
MI,4010,SWEDEN,DET,6533,2818,2024-12,HS6,271019
MN,4010,SWEDEN,DET,78375,0,2024-12,HS6,271019
MO,4010,SWEDEN,DET,147022,147022,2024-12,HS6,271019
NJ,4010,SWEDEN,DET,2273065,2273065,2024-12,HS6,271019
NY,4010,SWEDEN,DET,10010,0,2024-12,HS6,271019
OH,4010,SWEDEN,DET,3770,0,2024-12,HS6,271019
OK,4010,SWEDEN,DET,7753,4572,2024-12,HS6,271019
PA,4010,SWEDEN,DET,38172,38172,2024-12,HS6,271019
RI,4010,SWEDEN,DET,246150,72088,2024-12,HS6,271019
SC,4010,SWEDEN,DET,203787,203787,2024-12,HS6,271019
TN,4010,SWEDEN,DET,31007,22232,2024-12,HS6,271019
TX,4010,SWEDEN,DET,585825,555548,2024-12,HS6,271019
WI,4010,SWEDEN,DET,92306,53276,2024-12,HS6,271019
-,4039,NORWAY,DET,457593304,457511076,2024-12,HS6,271019
CA,4039,NORWAY,DET,72085,72085,2024-12,HS6,271019
FL,4039,NORWAY,DET,100206,100206,2024-12,HS6,271019
GA,4039,NORWAY,DET,274613,274613,2024-12,HS6,271019
IL,4039,NORWAY,DET,37546,21552,2024-12,HS6,271019
IN,4039,NORWAY,DET,18710,18710,2024-12,HS6,271019
KS,4039,NORWAY,DET,49019,34201,2024-12,HS6,271019
LA,4039,NORWAY,DET,301313708,301313708,2024-12,HS6,271019
MA,4039,NORWAY,DET,78350,78350,2024-12,HS6,271019
NY,4039,NORWAY,DET,48832,48832,2024-12,HS6,271019
PA,4039,NORWAY,DET,96885,96885,2024-12,HS6,271019
TX,4039,NORWAY,DET,155413328,155372992,2024-12,HS6,271019
UT,4039,NORWAY,DET,11080,0,2024-12,HS6,271019
WI,4039,NORWAY,DET,78942,78942,2024-12,HS6,271019
-,7800,SEYCHELLES,DET,40696,40696,2024-12,HS6,271019
FL,7800,SEYCHELLES,DET,40696,40696,2024-12,HS6,271019
-,0020,USMCA (NAFTA),CGP,20344404787,10834037796,2024-12,HS6,271019
AK,0020,USMCA (NAFTA),CGP,72457802,0,2024-12,HS6,271019
AL,0020,USMCA (NAFTA),CGP,94308674,78063993,2024-12,HS6,271019
AR,0020,USMCA (NAFTA),CGP,74374144,0,2024-12,HS6,271019
AZ,0020,USMCA (NAFTA),CGP,204432693,0,2024-12,HS6,271019
CA,0020,USMCA (NAFTA),CGP,671299016,577492846,2024-12,HS6,271019
CO,0020,USMCA (NAFTA),CGP,660795,0,2024-12,HS6,271019
CT,0020,USMCA (NAFTA),CGP,532285,0,2024-12,HS6,271019
DE,0020,USMCA (NAFTA),CGP,37110003,35205932,2024-12,HS6,271019
FL,0020,USMCA (NAFTA),CGP,4655050,0,2024-12,HS6,271019
GA,0020,USMCA (NAFTA),CGP,23034662,0,2024-12,HS6,271019
IA,0020,USMCA (NAFTA),CGP,48310810,0,2024-12,HS6,271019
ID,0020,USMCA (NAFTA),CGP,3027406,0,2024-12,HS6,271019
IL,0020,USMCA (NAFTA),CGP,255833081,11867369,2024-12,HS6,271019
IN,0020,USMCA (NAFTA),CGP,94368689,0,2024-12,HS6,271019
KS,0020,USMCA (NAFTA),CGP,38436609,8576710,2024-12,HS6,271019
KY,0020,USMCA (NAFTA),CGP,36787342,0,2024-12,HS6,271019
LA,0020,USMCA (NAFTA),CGP,2509767147,1870447463,2024-12,HS6,271019
MA,0020,USMCA (NAFTA),CGP,2034212,0,2024-12,HS6,271019
MD,0020,USMCA (NAFTA),CGP,333312,0,2024-12,HS6,271019
ME,0020,USMCA (NAFTA),CGP,476818,0,2024-12,HS6,271019
MI,0020,USMCA (NAFTA),CGP,168639862,2839720,2024-12,HS6,271019
MN,0020,USMCA (NAFTA),CGP,27815831,0,2024-12,HS6,271019
MO,0020,USMCA (NAFTA),CGP,6754912,0,2024-12,HS6,271019
MS,0020,USMCA (NAFTA),CGP,131667822,32414873,2024-12,HS6,271019
MT,0020,USMCA (NAFTA),CGP,15008971,0,2024-12,HS6,271019
NC,0020,USMCA (NAFTA),CGP,3518148,160943,2024-12,HS6,271019
ND,0020,USMCA (NAFTA),CGP,511978,0,2024-12,HS6,271019
NE,0020,USMCA (NAFTA),CGP,20536690,0,2024-12,HS6,271019
NH,0020,USMCA (NAFTA),CGP,2252913,0,2024-12,HS6,271019
NJ,0020,USMCA (NAFTA),CGP,387994077,43904902,2024-12,HS6,271019
NM,0020,USMCA (NAFTA),CGP,9657751,0,2024-12,HS6,271019
NV,0020,USMCA (NAFTA),CGP,1488698,0,2024-12,HS6,271019
NY,0020,USMCA (NAFTA),CGP,173060730,133159083,2024-12,HS6,271019
OH,0020,USMCA (NAFTA),CGP,65551594,4281632,2024-12,HS6,271019
OK,0020,USMCA (NAFTA),CGP,71169461,0,2024-12,HS6,271019
OR,0020,USMCA (NAFTA),CGP,85843762,6389440,2024-12,HS6,271019
PA,0020,USMCA (NAFTA),CGP,147277030,28304929,2024-12,HS6,271019
PR,0020,USMCA (NAFTA),CGP,10840,0,2024-12,HS6,271019
RI,0020,USMCA (NAFTA),CGP,122487,0,2024-12,HS6,271019
SC,0020,USMCA (NAFTA),CGP,1209464,0,2024-12,HS6,271019
SD,0020,USMCA (NAFTA),CGP,61445,0,2024-12,HS6,271019
TN,0020,USMCA (NAFTA),CGP,50216346,41252,2024-12,HS6,271019
TX,0020,USMCA (NAFTA),CGP,12757481736,6393389719,2024-12,HS6,271019
UT,0020,USMCA (NAFTA),CGP,8549853,0,2024-12,HS6,271019
VA,0020,USMCA (NAFTA),CGP,1748190,0,2024-12,HS6,271019
VT,0020,USMCA (NAFTA),CGP,2630,0,2024-12,HS6,271019
WA,0020,USMCA (NAFTA),CGP,1829903771,1607483083,2024-12,HS6,271019
WI,0020,USMCA (NAFTA),CGP,18205872,13907,2024-12,HS6,271019
WV,0020,USMCA (NAFTA),CGP,49565779,0,2024-12,HS6,271019
WY,0020,USMCA (NAFTA),CGP,77527977,0,2024-12,HS6,271019
XX,0020,USMCA (NAFTA),CGP,58807617,0,2024-12,HS6,271019
-,2839,MARTINIQUE,DET,72360679,72360679,2024-12,HS6,271019
FL,2839,MARTINIQUE,DET,77334,77334,2024-12,HS6,271019
IL,2839,MARTINIQUE,DET,7920,7920,2024-12,HS6,271019
PR,2839,MARTINIQUE,DET,10223350,10223350,2024-12,HS6,271019
VI,2839,MARTINIQUE,DET,62052075,62052075,2024-12,HS6,271019
-,5600,INDONESIA,DET,4955102,4657020,2024-12,HS6,271019
AL,5600,INDONESIA,DET,19536,8764,2024-12,HS6,271019
AR,5600,INDONESIA,DET,31759,31759,2024-12,HS6,271019
CA,5600,INDONESIA,DET,471724,468619,2024-12,HS6,271019
CO,5600,INDONESIA,DET,7299,0,2024-12,HS6,271019
FL,5600,INDONESIA,DET,89876,70876,2024-12,HS6,271019
IA,5600,INDONESIA,DET,2668,2668,2024-12,HS6,271019
KS,5600,INDONESIA,DET,174163,167213,2024-12,HS6,271019
LA,5600,INDONESIA,DET,488043,488043,2024-12,HS6,271019
MA,5600,INDONESIA,DET,3177,3177,2024-12,HS6,271019
MI,5600,INDONESIA,DET,3804,0,2024-12,HS6,271019
MN,5600,INDONESIA,DET,3493,0,2024-12,HS6,271019
MO,5600,INDONESIA,DET,10853,0,2024-12,HS6,271019
MS,5600,INDONESIA,DET,550591,550591,2024-12,HS6,271019
NH,5600,INDONESIA,DET,22006,22006,2024-12,HS6,271019
NJ,5600,INDONESIA,DET,76274,54074,2024-12,HS6,271019
NV,5600,INDONESIA,DET,21823,21823,2024-12,HS6,271019
NY,5600,INDONESIA,DET,101940,101940,2024-12,HS6,271019
OH,5600,INDONESIA,DET,461397,451103,2024-12,HS6,271019
OK,5600,INDONESIA,DET,51690,47770,2024-12,HS6,271019
PA,5600,INDONESIA,DET,715505,706365,2024-12,HS6,271019
SC,5600,INDONESIA,DET,12575,6680,2024-12,HS6,271019
TX,5600,INDONESIA,DET,1230492,1197097,2024-12,HS6,271019
WI,5600,INDONESIA,DET,404414,256452,2024-12,HS6,271019
-,7XXX,AFRICA,CGP,1128643265,1126281529,2024-12,HS6,271019
AL,7XXX,AFRICA,CGP,74784,72105,2024-12,HS6,271019
AZ,7XXX,AFRICA,CGP,4462,0,2024-12,HS6,271019
CA,7XXX,AFRICA,CGP,354177,318295,2024-12,HS6,271019
DC,7XXX,AFRICA,CGP,23515,23515,2024-12,HS6,271019
DE,7XXX,AFRICA,CGP,27649,27649,2024-12,HS6,271019
FL,7XXX,AFRICA,CGP,527489,442728,2024-12,HS6,271019
GA,7XXX,AFRICA,CGP,683658,637233,2024-12,HS6,271019
IA,7XXX,AFRICA,CGP,499373,499373,2024-12,HS6,271019
ID,7XXX,AFRICA,CGP,2814,2814,2024-12,HS6,271019
IL,7XXX,AFRICA,CGP,2521813,2299235,2024-12,HS6,271019
IN,7XXX,AFRICA,CGP,395191,375940,2024-12,HS6,271019
KS,7XXX,AFRICA,CGP,149657,122904,2024-12,HS6,271019
KY,7XXX,AFRICA,CGP,740427,540427,2024-12,HS6,271019
LA,7XXX,AFRICA,CGP,513635245,513591639,2024-12,HS6,271019
MA,7XXX,AFRICA,CGP,79198,58977,2024-12,HS6,271019
MD,7XXX,AFRICA,CGP,35745,15000,2024-12,HS6,271019
MI,7XXX,AFRICA,CGP,873276,792492,2024-12,HS6,271019
MO,7XXX,AFRICA,CGP,211241,133718,2024-12,HS6,271019
MS,7XXX,AFRICA,CGP,125647058,125647058,2024-12,HS6,271019
NC,7XXX,AFRICA,CGP,20850,20850,2024-12,HS6,271019
NJ,7XXX,AFRICA,CGP,80260248,79786964,2024-12,HS6,271019
NV,7XXX,AFRICA,CGP,9380,9380,2024-12,HS6,271019
NY,7XXX,AFRICA,CGP,345006,328694,2024-12,HS6,271019
OH,7XXX,AFRICA,CGP,59108,16191,2024-12,HS6,271019
OK,7XXX,AFRICA,CGP,119143,99440,2024-12,HS6,271019
OR,7XXX,AFRICA,CGP,36618,0,2024-12,HS6,271019
PA,7XXX,AFRICA,CGP,1148360,1109612,2024-12,HS6,271019
SC,7XXX,AFRICA,CGP,46745,46745,2024-12,HS6,271019
TN,7XXX,AFRICA,CGP,101798,101798,2024-12,HS6,271019
TX,7XXX,AFRICA,CGP,392715588,391892986,2024-12,HS6,271019
UT,7XXX,AFRICA,CGP,2660,0,2024-12,HS6,271019
VA,7XXX,AFRICA,CGP,238641,218209,2024-12,HS6,271019
VI,7XXX,AFRICA,CGP,6367800,6367800,2024-12,HS6,271019
WI,7XXX,AFRICA,CGP,684548,681758,2024-12,HS6,271019
-,2410,JAMAICA,DET,430305122,430285336,2024-12,HS6,271019
AL,2410,JAMAICA,DET,27797080,27797080,2024-12,HS6,271019
CA,2410,JAMAICA,DET,385142,385142,2024-12,HS6,271019
CO,2410,JAMAICA,DET,16310,0,2024-12,HS6,271019
FL,2410,JAMAICA,DET,6424974,6424974,2024-12,HS6,271019
GA,2410,JAMAICA,DET,103121,103121,2024-12,HS6,271019
IL,2410,JAMAICA,DET,16699,16699,2024-12,HS6,271019
KS,2410,JAMAICA,DET,13199,13199,2024-12,HS6,271019
KY,2410,JAMAICA,DET,1600184,1600184,2024-12,HS6,271019
LA,2410,JAMAICA,DET,42165573,42165573,2024-12,HS6,271019
MI,2410,JAMAICA,DET,15559,15559,2024-12,HS6,271019
MO,2410,JAMAICA,DET,5124,5124,2024-12,HS6,271019
NE,2410,JAMAICA,DET,9361,9361,2024-12,HS6,271019
NJ,2410,JAMAICA,DET,12234869,12234869,2024-12,HS6,271019
NY,2410,JAMAICA,DET,99889,99889,2024-12,HS6,271019
OH,2410,JAMAICA,DET,20679,20679,2024-12,HS6,271019
PA,2410,JAMAICA,DET,1700698,1700698,2024-12,HS6,271019
TX,2410,JAMAICA,DET,314918971,314915495,2024-12,HS6,271019
UT,2410,JAMAICA,DET,5400,5400,2024-12,HS6,271019
VI,2410,JAMAICA,DET,21772702,21772702,2024-12,HS6,271019
WI,2410,JAMAICA,DET,999588,999588,2024-12,HS6,271019
-,5650,PHILIPPINES,DET,6323258,5980945,2024-12,HS6,271019
CA,5650,PHILIPPINES,DET,49225,20982,2024-12,HS6,271019
FL,5650,PHILIPPINES,DET,777440,777440,2024-12,HS6,271019
GA,5650,PHILIPPINES,DET,183522,177659,2024-12,HS6,271019
IA,5650,PHILIPPINES,DET,412335,412335,2024-12,HS6,271019
IL,5650,PHILIPPINES,DET,67135,41802,2024-12,HS6,271019
KS,5650,PHILIPPINES,DET,322485,322485,2024-12,HS6,271019
KY,5650,PHILIPPINES,DET,11250,0,2024-12,HS6,271019
MA,5650,PHILIPPINES,DET,15990,0,2024-12,HS6,271019
MD,5650,PHILIPPINES,DET,12569,2769,2024-12,HS6,271019
MI,5650,PHILIPPINES,DET,76772,0,2024-12,HS6,271019
MN,5650,PHILIPPINES,DET,164915,164915,2024-12,HS6,271019
MO,5650,PHILIPPINES,DET,61165,61165,2024-12,HS6,271019
NJ,5650,PHILIPPINES,DET,171492,171492,2024-12,HS6,271019
NY,5650,PHILIPPINES,DET,251232,251232,2024-12,HS6,271019
OH,5650,PHILIPPINES,DET,508250,505631,2024-12,HS6,271019
OK,5650,PHILIPPINES,DET,6571,0,2024-12,HS6,271019
OR,5650,PHILIPPINES,DET,2898,0,2024-12,HS6,271019
PA,5650,PHILIPPINES,DET,71786,65869,2024-12,HS6,271019
SC,5650,PHILIPPINES,DET,114822,114822,2024-12,HS6,271019
TN,5650,PHILIPPINES,DET,19745,19745,2024-12,HS6,271019
TX,5650,PHILIPPINES,DET,793792,656665,2024-12,HS6,271019
UT,5650,PHILIPPINES,DET,5491,0,2024-12,HS6,271019
VA,5650,PHILIPPINES,DET,80919,80919,2024-12,HS6,271019
WI,5650,PHILIPPINES,DET,2141457,2133018,2024-12,HS6,271019
VA,4510,LITHUANIA,DET,43836,43836,2024-12,HS6,271019
-,7550,GABON,DET,99226,68065,2024-12,HS6,271019
OH,7550,GABON,DET,6170,0,2024-12,HS6,271019
PA,7550,GABON,DET,3920,3920,2024-12,HS6,271019
TX,7550,GABON,DET,89136,64145,2024-12,HS6,271019
-,2250,PANAMA,DET,2688033973,2687863501,2024-12,HS6,271019
AL,2250,PANAMA,DET,153234,153234,2024-12,HS6,271019
AR,2250,PANAMA,DET,297170,297170,2024-12,HS6,271019
CA,2250,PANAMA,DET,154269961,154269961,2024-12,HS6,271019
DE,2250,PANAMA,DET,6131721,6131721,2024-12,HS6,271019
FL,2250,PANAMA,DET,5302427,5212473,2024-12,HS6,271019
GA,2250,PANAMA,DET,1147577,1147577,2024-12,HS6,271019
HI,2250,PANAMA,DET,14634202,14634202,2024-12,HS6,271019
IA,2250,PANAMA,DET,82992,82992,2024-12,HS6,271019
IL,2250,PANAMA,DET,1462150,1462150,2024-12,HS6,271019
IN,2250,PANAMA,DET,377679,345977,2024-12,HS6,271019
KS,2250,PANAMA,DET,13247,13247,2024-12,HS6,271019
KY,2250,PANAMA,DET,9183891,9183891,2024-12,HS6,271019
LA,2250,PANAMA,DET,344641091,344641091,2024-12,HS6,271019
MA,2250,PANAMA,DET,5793,5793,2024-12,HS6,271019
MI,2250,PANAMA,DET,218105,218105,2024-12,HS6,271019
MN,2250,PANAMA,DET,18377,18377,2024-12,HS6,271019
MO,2250,PANAMA,DET,26624,26624,2024-12,HS6,271019
MS,2250,PANAMA,DET,1115454175,1115454175,2024-12,HS6,271019
NC,2250,PANAMA,DET,83437,83437,2024-12,HS6,271019
NJ,2250,PANAMA,DET,117222020,117222020,2024-12,HS6,271019
NY,2250,PANAMA,DET,2553,2553,2024-12,HS6,271019
OH,2250,PANAMA,DET,1103181,1103181,2024-12,HS6,271019
PA,2250,PANAMA,DET,726568,726568,2024-12,HS6,271019
PR,2250,PANAMA,DET,10943737,10943737,2024-12,HS6,271019
SC,2250,PANAMA,DET,7600,7600,2024-12,HS6,271019
TN,2250,PANAMA,DET,44967,44967,2024-12,HS6,271019
TX,2250,PANAMA,DET,803767260,803733154,2024-12,HS6,271019
VA,2250,PANAMA,DET,25973,11263,2024-12,HS6,271019
VI,2250,PANAMA,DET,85025182,85025182,2024-12,HS6,271019
WA,2250,PANAMA,DET,15563607,15563607,2024-12,HS6,271019
WI,2250,PANAMA,DET,93871,93871,2024-12,HS6,271019
WY,2250,PANAMA,DET,3601,3601,2024-12,HS6,271019
-,4644,UZBEKISTAN,DET,893994,799744,2024-12,HS6,271019
CT,4644,UZBEKISTAN,DET,59326,0,2024-12,HS6,271019
FL,4644,UZBEKISTAN,DET,7120,0,2024-12,HS6,271019
IL,4644,UZBEKISTAN,DET,183549,183549,2024-12,HS6,271019
IN,4644,UZBEKISTAN,DET,23707,0,2024-12,HS6,271019
LA,4644,UZBEKISTAN,DET,479917,479917,2024-12,HS6,271019
NY,4644,UZBEKISTAN,DET,136278,136278,2024-12,HS6,271019
TX,4644,UZBEKISTAN,DET,4097,0,2024-12,HS6,271019
-,1010,GREENLAND,DET,11062,11062,2024-12,HS6,271019
MN,1010,GREENLAND,DET,11062,11062,2024-12,HS6,271019
-,3550,URUGUAY,DET,94982971,94957691,2024-12,HS6,271019
AL,3550,URUGUAY,DET,14300,14300,2024-12,HS6,271019
AR,3550,URUGUAY,DET,85547,85547,2024-12,HS6,271019
CA,3550,URUGUAY,DET,7272,7272,2024-12,HS6,271019
FL,3550,URUGUAY,DET,321607,309865,2024-12,HS6,271019
GA,3550,URUGUAY,DET,21221,21221,2024-12,HS6,271019
IL,3550,URUGUAY,DET,1298579,1295438,2024-12,HS6,271019
LA,3550,URUGUAY,DET,15334873,15334873,2024-12,HS6,271019
MI,3550,URUGUAY,DET,4418,4418,2024-12,HS6,271019
MS,3550,URUGUAY,DET,2326319,2326319,2024-12,HS6,271019
NJ,3550,URUGUAY,DET,50539,50539,2024-12,HS6,271019
OH,3550,URUGUAY,DET,57833,57833,2024-12,HS6,271019
PA,3550,URUGUAY,DET,6735,6735,2024-12,HS6,271019
TN,3550,URUGUAY,DET,25396,25396,2024-12,HS6,271019
TX,3550,URUGUAY,DET,68629258,68629258,2024-12,HS6,271019
VI,3550,URUGUAY,DET,6788677,6788677,2024-12,HS6,271019
WA,3550,URUGUAY,DET,10397,0,2024-12,HS6,271019
-,3570,ARGENTINA,DET,936961135,936145043,2024-12,HS6,271019
AR,3570,ARGENTINA,DET,4761,0,2024-12,HS6,271019
CA,3570,ARGENTINA,DET,10626562,10618515,2024-12,HS6,271019
CT,3570,ARGENTINA,DET,6048,0,2024-12,HS6,271019
DE,3570,ARGENTINA,DET,502200,502200,2024-12,HS6,271019
FL,3570,ARGENTINA,DET,1091733,717949,2024-12,HS6,271019
GA,3570,ARGENTINA,DET,116085,116085,2024-12,HS6,271019
IA,3570,ARGENTINA,DET,399559,399559,2024-12,HS6,271019
IL,3570,ARGENTINA,DET,292897,249337,2024-12,HS6,271019
IN,3570,ARGENTINA,DET,305465,266581,2024-12,HS6,271019
KS,3570,ARGENTINA,DET,36992,36992,2024-12,HS6,271019
KY,3570,ARGENTINA,DET,17572,17572,2024-12,HS6,271019
LA,3570,ARGENTINA,DET,332806193,332802923,2024-12,HS6,271019
MI,3570,ARGENTINA,DET,3880402,3807196,2024-12,HS6,271019
MN,3570,ARGENTINA,DET,13282,13282,2024-12,HS6,271019
MO,3570,ARGENTINA,DET,175500,134550,2024-12,HS6,271019
MS,3570,ARGENTINA,DET,3890489,3890489,2024-12,HS6,271019
NJ,3570,ARGENTINA,DET,250666,247066,2024-12,HS6,271019
NY,3570,ARGENTINA,DET,47071,30800,2024-12,HS6,271019
OH,3570,ARGENTINA,DET,381353,381353,2024-12,HS6,271019
OK,3570,ARGENTINA,DET,23165,23165,2024-12,HS6,271019
PA,3570,ARGENTINA,DET,387613,387613,2024-12,HS6,271019
SC,3570,ARGENTINA,DET,100416,100416,2024-12,HS6,271019
SD,3570,ARGENTINA,DET,26218,26218,2024-12,HS6,271019
TN,3570,ARGENTINA,DET,11852261,11852261,2024-12,HS6,271019
TX,3570,ARGENTINA,DET,569445520,569248566,2024-12,HS6,271019
VA,3570,ARGENTINA,DET,39269,39269,2024-12,HS6,271019
WI,3570,ARGENTINA,DET,241843,235086,2024-12,HS6,271019
-,7920,NAMIBIA,DET,37103,12889,2024-12,HS6,271019
FL,7920,NAMIBIA,DET,3071,3071,2024-12,HS6,271019
LA,7920,NAMIBIA,DET,3352,0,2024-12,HS6,271019
OK,7920,NAMIBIA,DET,2720,2720,2024-12,HS6,271019
TX,7920,NAMIBIA,DET,27960,7098,2024-12,HS6,271019
-,2489,GRENADA,DET,18745466,18741526,2024-12,HS6,271019
CA,2489,GRENADA,DET,13590,13590,2024-12,HS6,271019
FL,2489,GRENADA,DET,446199,442259,2024-12,HS6,271019
GA,2489,GRENADA,DET,36967,36967,2024-12,HS6,271019
IA,2489,GRENADA,DET,52129,52129,2024-12,HS6,271019
IN,2489,GRENADA,DET,6178,6178,2024-12,HS6,271019
OH,2489,GRENADA,DET,4134,4134,2024-12,HS6,271019
PR,2489,GRENADA,DET,2964,2964,2024-12,HS6,271019
TX,2489,GRENADA,DET,437279,437279,2024-12,HS6,271019
VI,2489,GRENADA,DET,17746026,17746026,2024-12,HS6,271019
-,2831,GUADELOUPE,DET,195038592,195038592,2024-12,HS6,271019
FL,2831,GUADELOUPE,DET,12675,12675,2024-12,HS6,271019
LA,2831,GUADELOUPE,DET,15461716,15461716,2024-12,HS6,271019
PR,2831,GUADELOUPE,DET,20947581,20947581,2024-12,HS6,271019
TX,2831,GUADELOUPE,DET,57496226,57496226,2024-12,HS6,271019
VI,2831,GUADELOUPE,DET,101081748,101081748,2024-12,HS6,271019
WI,2831,GUADELOUPE,DET,38646,38646,2024-12,HS6,271019
-,5740,MONGOLIA,DET,1695780,1541070,2024-12,HS6,271019
CA,5740,MONGOLIA,DET,558812,558812,2024-12,HS6,271019
CT,5740,MONGOLIA,DET,14174,14174,2024-12,HS6,271019
IL,5740,MONGOLIA,DET,43406,43406,2024-12,HS6,271019
MI,5740,MONGOLIA,DET,94991,9231,2024-12,HS6,271019
TX,5740,MONGOLIA,DET,984397,915447,2024-12,HS6,271019
-,4550,POLAND,DET,992278396,992175796,2024-12,HS6,271019
CA,4550,POLAND,DET,12851,5608,2024-12,HS6,271019
CO,4550,POLAND,DET,9200,9200,2024-12,HS6,271019
FL,4550,POLAND,DET,915336,909810,2024-12,HS6,271019
IL,4550,POLAND,DET,473018,467871,2024-12,HS6,271019
IN,4550,POLAND,DET,5597,0,2024-12,HS6,271019
KS,4550,POLAND,DET,167957,167957,2024-12,HS6,271019
LA,4550,POLAND,DET,512367041,512367041,2024-12,HS6,271019
MA,4550,POLAND,DET,38812,15632,2024-12,HS6,271019
MI,4550,POLAND,DET,5880,0,2024-12,HS6,271019
NC,4550,POLAND,DET,296110,296110,2024-12,HS6,271019
NJ,4550,POLAND,DET,19987,0,2024-12,HS6,271019
NY,4550,POLAND,DET,1547854,1528012,2024-12,HS6,271019
OH,4550,POLAND,DET,3428,0,2024-12,HS6,271019
TX,4550,POLAND,DET,476383959,476383959,2024-12,HS6,271019
WI,4550,POLAND,DET,31366,24596,2024-12,HS6,271019
-,2150,HONDURAS,DET,1084831792,1084762521,2024-12,HS6,271019
AL,2150,HONDURAS,DET,54229,54229,2024-12,HS6,271019
AR,2150,HONDURAS,DET,117150,117150,2024-12,HS6,271019
CA,2150,HONDURAS,DET,1385099,1385099,2024-12,HS6,271019
FL,2150,HONDURAS,DET,10819882,10809182,2024-12,HS6,271019
GA,2150,HONDURAS,DET,9238362,9238362,2024-12,HS6,271019
IA,2150,HONDURAS,DET,250736,250736,2024-12,HS6,271019
IL,2150,HONDURAS,DET,1512248,1512248,2024-12,HS6,271019
IN,2150,HONDURAS,DET,1197857,1197857,2024-12,HS6,271019
KY,2150,HONDURAS,DET,5898643,5898643,2024-12,HS6,271019
LA,2150,HONDURAS,DET,54212772,54208351,2024-12,HS6,271019
MI,2150,HONDURAS,DET,937740,937740,2024-12,HS6,271019
MO,2150,HONDURAS,DET,8210,8210,2024-12,HS6,271019
MS,2150,HONDURAS,DET,315350297,315350297,2024-12,HS6,271019
NC,2150,HONDURAS,DET,330472,330472,2024-12,HS6,271019
NH,2150,HONDURAS,DET,22095,22095,2024-12,HS6,271019
NJ,2150,HONDURAS,DET,69266,69266,2024-12,HS6,271019
NV,2150,HONDURAS,DET,106741,106741,2024-12,HS6,271019
NY,2150,HONDURAS,DET,5976,5976,2024-12,HS6,271019
OH,2150,HONDURAS,DET,2164456,2156866,2024-12,HS6,271019
PA,2150,HONDURAS,DET,231692,231692,2024-12,HS6,271019
PR,2150,HONDURAS,DET,90011,90011,2024-12,HS6,271019
TN,2150,HONDURAS,DET,9670,9670,2024-12,HS6,271019
TX,2150,HONDURAS,DET,680780320,680733760,2024-12,HS6,271019
WI,2150,HONDURAS,DET,37868,37868,2024-12,HS6,271019
-,7870,MOZAMBIQUE,DET,40806,0,2024-12,HS6,271019
TX,7870,MOZAMBIQUE,DET,40806,0,2024-12,HS6,271019
-,3150,SURINAME,DET,32877915,32853123,2024-12,HS6,271019
AR,3150,SURINAME,DET,42952,42952,2024-12,HS6,271019
AZ,3150,SURINAME,DET,3975,3975,2024-12,HS6,271019
FL,3150,SURINAME,DET,3913027,3896401,2024-12,HS6,271019
GA,3150,SURINAME,DET,9083,9083,2024-12,HS6,271019
KY,3150,SURINAME,DET,174658,174658,2024-12,HS6,271019
LA,3150,SURINAME,DET,26626,26626,2024-12,HS6,271019
MI,3150,SURINAME,DET,371471,371471,2024-12,HS6,271019
PR,3150,SURINAME,DET,24326,24326,2024-12,HS6,271019
TX,3150,SURINAME,DET,8630494,8622328,2024-12,HS6,271019
VI,3150,SURINAME,DET,19681303,19681303,2024-12,HS6,271019
-,2720,BARBADOS,DET,156661807,156629203,2024-12,HS6,271019
CA,2720,BARBADOS,DET,8280,8280,2024-12,HS6,271019
FL,2720,BARBADOS,DET,824995,822267,2024-12,HS6,271019
IA,2720,BARBADOS,DET,40236,40236,2024-12,HS6,271019
IL,2720,BARBADOS,DET,24521,24521,2024-12,HS6,271019
IN,2720,BARBADOS,DET,8203,8203,2024-12,HS6,271019
KY,2720,BARBADOS,DET,544198,544198,2024-12,HS6,271019
LA,2720,BARBADOS,DET,484146,484146,2024-12,HS6,271019
MI,2720,BARBADOS,DET,16948,16948,2024-12,HS6,271019
MN,2720,BARBADOS,DET,3743,3743,2024-12,HS6,271019
MO,2720,BARBADOS,DET,20125,20125,2024-12,HS6,271019
NC,2720,BARBADOS,DET,34962,5086,2024-12,HS6,271019
NE,2720,BARBADOS,DET,2850,2850,2024-12,HS6,271019
NJ,2720,BARBADOS,DET,3945,3945,2024-12,HS6,271019
NY,2720,BARBADOS,DET,2708,2708,2024-12,HS6,271019
OH,2720,BARBADOS,DET,34036,34036,2024-12,HS6,271019
SC,2720,BARBADOS,DET,2523,2523,2024-12,HS6,271019
TN,2720,BARBADOS,DET,5120,5120,2024-12,HS6,271019
TX,2720,BARBADOS,DET,34536117,34536117,2024-12,HS6,271019
VI,2720,BARBADOS,DET,120064151,120064151,2024-12,HS6,271019
-,4370,HUNGARY,DET,216047,141099,2024-12,HS6,271019
CA,4370,HUNGARY,DET,7013,0,2024-12,HS6,271019
IL,4370,HUNGARY,DET,3050,0,2024-12,HS6,271019
IN,4370,HUNGARY,DET,59130,59130,2024-12,HS6,271019
KS,4370,HUNGARY,DET,54275,28731,2024-12,HS6,271019
MA,4370,HUNGARY,DET,67019,44277,2024-12,HS6,271019
NC,4370,HUNGARY,DET,5088,0,2024-12,HS6,271019
NJ,4370,HUNGARY,DET,2580,0,2024-12,HS6,271019
OH,4370,HUNGARY,DET,6274,0,2024-12,HS6,271019
TX,4370,HUNGARY,DET,6097,3440,2024-12,HS6,271019
WI,4370,HUNGARY,DET,5521,5521,2024-12,HS6,271019
-,5420,SRI LANKA,DET,220772,208170,2024-12,HS6,271019
CA,5420,SRI LANKA,DET,7040,0,2024-12,HS6,271019
KY,5420,SRI LANKA,DET,24480,24480,2024-12,HS6,271019
MO,5420,SRI LANKA,DET,9500,9500,2024-12,HS6,271019
NJ,5420,SRI LANKA,DET,56920,51358,2024-12,HS6,271019
TN,5420,SRI LANKA,DET,70139,70139,2024-12,HS6,271019
TX,5420,SRI LANKA,DET,47016,47016,2024-12,HS6,271019
VA,5420,SRI LANKA,DET,5677,5677,2024-12,HS6,271019
-,6820,MICRONESIA,DET,529336,503660,2024-12,HS6,271019
CA,6820,MICRONESIA,DET,502836,477160,2024-12,HS6,271019
IL,6820,MICRONESIA,DET,21360,21360,2024-12,HS6,271019
NJ,6820,MICRONESIA,DET,5140,5140,2024-12,HS6,271019
-,5380,BANGLADESH,DET,90503,75648,2024-12,HS6,271019
MN,5380,BANGLADESH,DET,7276,7276,2024-12,HS6,271019
NJ,5380,BANGLADESH,DET,64128,64128,2024-12,HS6,271019
NY,5380,BANGLADESH,DET,6136,0,2024-12,HS6,271019
TX,5380,BANGLADESH,DET,12963,4244,2024-12,HS6,271019
-,5610,BRUNEI,DET,142337,71663,2024-12,HS6,271019
TN,5610,BRUNEI,DET,70674,0,2024-12,HS6,271019
WI,5610,BRUNEI,DET,71663,71663,2024-12,HS6,271019
-,2487,ST LUCIA,DET,634857477,634857477,2024-12,HS6,271019
CA,2487,ST LUCIA,DET,20287,20287,2024-12,HS6,271019
FL,2487,ST LUCIA,DET,764922,764922,2024-12,HS6,271019
IA,2487,ST LUCIA,DET,36490,36490,2024-12,HS6,271019
KY,2487,ST LUCIA,DET,72373,72373,2024-12,HS6,271019
LA,2487,ST LUCIA,DET,225499372,225499372,2024-12,HS6,271019
MI,2487,ST LUCIA,DET,6523,6523,2024-12,HS6,271019
PR,2487,ST LUCIA,DET,2628,2628,2024-12,HS6,271019
TX,2487,ST LUCIA,DET,377288613,377288613,2024-12,HS6,271019
VI,2487,ST LUCIA,DET,31166269,31166269,2024-12,HS6,271019
-,7410,MAURITANIA,DET,512691,507062,2024-12,HS6,271019
GA,7410,MAURITANIA,DET,19044,19044,2024-12,HS6,271019
IL,7410,MAURITANIA,DET,2619,2619,2024-12,HS6,271019
MD,7410,MAURITANIA,DET,5629,0,2024-12,HS6,271019
TX,7410,MAURITANIA,DET,485399,485399,2024-12,HS6,271019
-,6150,SAMOA,DET,29163,29163,2024-12,HS6,271019
CA,6150,SAMOA,DET,5380,5380,2024-12,HS6,271019
GA,6150,SAMOA,DET,5429,5429,2024-12,HS6,271019
TN,6150,SAMOA,DET,18354,18354,2024-12,HS6,271019
-,4272,MONACO,DET,56129,0,2024-12,HS6,271019
TX,4272,MONACO,DET,56129,0,2024-12,HS6,271019
-,7530,NIGERIA,DET,179566347,179321587,2024-12,HS6,271019
CA,7530,NIGERIA,DET,5039,5039,2024-12,HS6,271019
FL,7530,NIGERIA,DET,10485,0,2024-12,HS6,271019
GA,7530,NIGERIA,DET,34496,29535,2024-12,HS6,271019
LA,7530,NIGERIA,DET,216661,200000,2024-12,HS6,271019
MO,7530,NIGERIA,DET,15285,0,2024-12,HS6,271019
MS,7530,NIGERIA,DET,3426494,3426494,2024-12,HS6,271019
NJ,7530,NIGERIA,DET,33420835,33420835,2024-12,HS6,271019
PA,7530,NIGERIA,DET,369271,369271,2024-12,HS6,271019
TX,7530,NIGERIA,DET,142067781,141870413,2024-12,HS6,271019
-,5530,LAOS,DET,67749,67749,2024-12,HS6,271019
CA,5530,LAOS,DET,26459,26459,2024-12,HS6,271019
MI,5530,LAOS,DET,41290,41290,2024-12,HS6,271019
-,0027,ASEAN,CGP,1319492565,1314891204,2024-12,HS6,271019
AK,0027,ASEAN,CGP,6288,0,2024-12,HS6,271019
AL,0027,ASEAN,CGP,5059413,5048641,2024-12,HS6,271019
AR,0027,ASEAN,CGP,35014,35014,2024-12,HS6,271019
CA,0027,ASEAN,CGP,569557207,568976978,2024-12,HS6,271019
CO,0027,ASEAN,CGP,43535,0,2024-12,HS6,271019
CT,0027,ASEAN,CGP,13135,13135,2024-12,HS6,271019
DE,0027,ASEAN,CGP,8993,8993,2024-12,HS6,271019
FL,0027,ASEAN,CGP,1260386,1064000,2024-12,HS6,271019
GA,0027,ASEAN,CGP,333705,318283,2024-12,HS6,271019
IA,0027,ASEAN,CGP,554144,554144,2024-12,HS6,271019
IL,0027,ASEAN,CGP,1904760,1840624,2024-12,HS6,271019
IN,0027,ASEAN,CGP,750930,616407,2024-12,HS6,271019
KS,0027,ASEAN,CGP,908190,885058,2024-12,HS6,271019
KY,0027,ASEAN,CGP,221351,207055,2024-12,HS6,271019
LA,0027,ASEAN,CGP,279177849,279177849,2024-12,HS6,271019
MA,0027,ASEAN,CGP,81570,44854,2024-12,HS6,271019
MD,0027,ASEAN,CGP,2465971,2409921,2024-12,HS6,271019
MI,0027,ASEAN,CGP,3812252,3329979,2024-12,HS6,271019
MN,0027,ASEAN,CGP,251568,231792,2024-12,HS6,271019
MO,0027,ASEAN,CGP,512555,471707,2024-12,HS6,271019
MS,0027,ASEAN,CGP,32211528,32211528,2024-12,HS6,271019
NC,0027,ASEAN,CGP,1867414,1827732,2024-12,HS6,271019
NH,0027,ASEAN,CGP,170470,167470,2024-12,HS6,271019
NJ,0027,ASEAN,CGP,32327836,32264206,2024-12,HS6,271019
NV,0027,ASEAN,CGP,89397,34439,2024-12,HS6,271019
NY,0027,ASEAN,CGP,953381,901143,2024-12,HS6,271019
OH,0027,ASEAN,CGP,1307290,1288759,2024-12,HS6,271019
OK,0027,ASEAN,CGP,530601,507493,2024-12,HS6,271019
OR,0027,ASEAN,CGP,51797,6820,2024-12,HS6,271019
PA,0027,ASEAN,CGP,3073720,3027106,2024-12,HS6,271019
RI,0027,ASEAN,CGP,69625,69625,2024-12,HS6,271019
SC,0027,ASEAN,CGP,644312,628441,2024-12,HS6,271019
TN,0027,ASEAN,CGP,1791545,1264238,2024-12,HS6,271019
TX,0027,ASEAN,CGP,267617363,266200794,2024-12,HS6,271019
UT,0027,ASEAN,CGP,5491,0,2024-12,HS6,271019
VA,0027,ASEAN,CGP,132379,112115,2024-12,HS6,271019
VI,0027,ASEAN,CGP,5983481,5983481,2024-12,HS6,271019
WA,0027,ASEAN,CGP,98600363,98245363,2024-12,HS6,271019
WI,0027,ASEAN,CGP,4938416,4748677,2024-12,HS6,271019
WV,0027,ASEAN,CGP,167340,167340,2024-12,HS6,271019
-,7460,GUINEA,DET,28999,28999,2024-12,HS6,271019
LA,7460,GUINEA,DET,21152,21152,2024-12,HS6,271019
OH,7460,GUINEA,DET,7847,7847,2024-12,HS6,271019
-,7904,REUNION,DET,12997,0,2024-12,HS6,271019
TX,7904,REUNION,DET,12997,0,2024-12,HS6,271019
-,3510,BRAZIL,DET,2384408096,2382080838,2024-12,HS6,271019
CA,3510,BRAZIL,DET,2942387,2727356,2024-12,HS6,271019
CO,3510,BRAZIL,DET,3008,0,2024-12,HS6,271019
CT,3510,BRAZIL,DET,29021,9186,2024-12,HS6,271019
DE,3510,BRAZIL,DET,82191,82191,2024-12,HS6,271019
FL,3510,BRAZIL,DET,3055489,2309403,2024-12,HS6,271019
GA,3510,BRAZIL,DET,49898,43104,2024-12,HS6,271019
IA,3510,BRAZIL,DET,2832,0,2024-12,HS6,271019
IL,3510,BRAZIL,DET,257438,230970,2024-12,HS6,271019
IN,3510,BRAZIL,DET,3907216,3828466,2024-12,HS6,271019
KS,3510,BRAZIL,DET,461853,416875,2024-12,HS6,271019
KY,3510,BRAZIL,DET,2373060,2370131,2024-12,HS6,271019
LA,3510,BRAZIL,DET,697296084,697222932,2024-12,HS6,271019
MA,3510,BRAZIL,DET,42908,42908,2024-12,HS6,271019
MD,3510,BRAZIL,DET,73424,73424,2024-12,HS6,271019
MI,3510,BRAZIL,DET,1376505,1343154,2024-12,HS6,271019
MN,3510,BRAZIL,DET,566161,562374,2024-12,HS6,271019
MO,3510,BRAZIL,DET,2831,2831,2024-12,HS6,271019
MS,3510,BRAZIL,DET,112174049,112171113,2024-12,HS6,271019
NC,3510,BRAZIL,DET,451401,446377,2024-12,HS6,271019
NE,3510,BRAZIL,DET,237016,48277,2024-12,HS6,271019
NJ,3510,BRAZIL,DET,774474,622319,2024-12,HS6,271019
NY,3510,BRAZIL,DET,147181,85216,2024-12,HS6,271019
OH,3510,BRAZIL,DET,248664,218593,2024-12,HS6,271019
PA,3510,BRAZIL,DET,3364074,3321412,2024-12,HS6,271019
SC,3510,BRAZIL,DET,19237,19237,2024-12,HS6,271019
TN,3510,BRAZIL,DET,1823919,1787374,2024-12,HS6,271019
TX,3510,BRAZIL,DET,1522185215,1521639808,2024-12,HS6,271019
VI,3510,BRAZIL,DET,27792423,27792423,2024-12,HS6,271019
WI,3510,BRAZIL,DET,149128,144375,2024-12,HS6,271019
WV,3510,BRAZIL,DET,2519009,2519009,2024-12,HS6,271019
-,2390,CUBA,DET,928669,928669,2024-12,HS6,271019
FL,2390,CUBA,DET,928669,928669,2024-12,HS6,271019
-,7620,ANGOLA,DET,9193026,9106120,2024-12,HS6,271019
FL,7620,ANGOLA,DET,4350,4350,2024-12,HS6,271019
IN,7620,ANGOLA,DET,115602,115602,2024-12,HS6,271019
LA,7620,ANGOLA,DET,109014,85421,2024-12,HS6,271019
NJ,7620,ANGOLA,DET,8105075,8105075,2024-12,HS6,271019
PA,7620,ANGOLA,DET,269600,269600,2024-12,HS6,271019
TX,7620,ANGOLA,DET,572185,526072,2024-12,HS6,271019
VA,7620,ANGOLA,DET,17200,0,2024-12,HS6,271019
-,7450,MALI,DET,59982,2814,2024-12,HS6,271019
ID,7450,MALI,DET,2814,2814,2024-12,HS6,271019
TX,7450,MALI,DET,57168,0,2024-12,HS6,271019
-,4759,ITALY,DET,50945206,50600956,2024-12,HS6,271019
CA,4759,ITALY,DET,31062,16951,2024-12,HS6,271019
FL,4759,ITALY,DET,8085,3553,2024-12,HS6,271019
IL,4759,ITALY,DET,10000,10000,2024-12,HS6,271019
KY,4759,ITALY,DET,13825,0,2024-12,HS6,271019
LA,4759,ITALY,DET,41764904,41764904,2024-12,HS6,271019
MA,4759,ITALY,DET,4843,0,2024-12,HS6,271019
MI,4759,ITALY,DET,14350,5869,2024-12,HS6,271019
NH,4759,ITALY,DET,3330,0,2024-12,HS6,271019
NJ,4759,ITALY,DET,1030061,872765,2024-12,HS6,271019
NY,4759,ITALY,DET,37913,22276,2024-12,HS6,271019
OH,4759,ITALY,DET,194114,152471,2024-12,HS6,271019
OK,4759,ITALY,DET,3788,0,2024-12,HS6,271019
PA,4759,ITALY,DET,57027,49629,2024-12,HS6,271019
SC,4759,ITALY,DET,4259,4259,2024-12,HS6,271019
TN,4759,ITALY,DET,11261,0,2024-12,HS6,271019
TX,4759,ITALY,DET,7697415,7644180,2024-12,HS6,271019
VA,4759,ITALY,DET,4870,0,2024-12,HS6,271019
WI,4759,ITALY,DET,54099,54099,2024-12,HS6,271019
-,2484,ANTIGUA AND BARBUDA,DET,183950314,183936704,2024-12,HS6,271019
AZ,2484,ANTIGUA AND BARBUDA,DET,9660,0,2024-12,HS6,271019
CA,2484,ANTIGUA AND BARBUDA,DET,44449,44449,2024-12,HS6,271019
FL,2484,ANTIGUA AND BARBUDA,DET,1127080,1123130,2024-12,HS6,271019
IN,2484,ANTIGUA AND BARBUDA,DET,31748,31748,2024-12,HS6,271019
KY,2484,ANTIGUA AND BARBUDA,DET,278487,278487,2024-12,HS6,271019
LA,2484,ANTIGUA AND BARBUDA,DET,23245183,23245183,2024-12,HS6,271019
NJ,2484,ANTIGUA AND BARBUDA,DET,2694,2694,2024-12,HS6,271019
PR,2484,ANTIGUA AND BARBUDA,DET,162893,162893,2024-12,HS6,271019
TX,2484,ANTIGUA AND BARBUDA,DET,60568696,60568696,2024-12,HS6,271019
VI,2484,ANTIGUA AND BARBUDA,DET,98479424,98479424,2024-12,HS6,271019
-,7470,SIERRA LEONE,DET,13173,3357,2024-12,HS6,271019
GA,7470,SIERRA LEONE,DET,3357,3357,2024-12,HS6,271019
TX,7470,SIERRA LEONE,DET,9816,0,2024-12,HS6,271019
-,2XXX,CENTRAL AMERICA,CGP,13920738869,13919613930,2024-12,HS6,271019
AL,2XXX,CENTRAL AMERICA,CGP,151674355,151674355,2024-12,HS6,271019
AR,2XXX,CENTRAL AMERICA,CGP,3492124,3492124,2024-12,HS6,271019
AZ,2XXX,CENTRAL AMERICA,CGP,56789,47129,2024-12,HS6,271019
CA,2XXX,CENTRAL AMERICA,CGP,268803022,268798963,2024-12,HS6,271019
CO,2XXX,CENTRAL AMERICA,CGP,28282,0,2024-12,HS6,271019
CT,2XXX,CENTRAL AMERICA,CGP,69985,69985,2024-12,HS6,271019
DE,2XXX,CENTRAL AMERICA,CGP,19459355,19459355,2024-12,HS6,271019
FL,2XXX,CENTRAL AMERICA,CGP,103557152,102950339,2024-12,HS6,271019
GA,2XXX,CENTRAL AMERICA,CGP,26026017,26011439,2024-12,HS6,271019
HI,2XXX,CENTRAL AMERICA,CGP,14634202,14634202,2024-12,HS6,271019
IA,2XXX,CENTRAL AMERICA,CGP,1855638,1855638,2024-12,HS6,271019
IL,2XXX,CENTRAL AMERICA,CGP,10729388,10698861,2024-12,HS6,271019
IN,2XXX,CENTRAL AMERICA,CGP,12783193,12652263,2024-12,HS6,271019
KS,2XXX,CENTRAL AMERICA,CGP,357439,354651,2024-12,HS6,271019
KY,2XXX,CENTRAL AMERICA,CGP,50734923,50732079,2024-12,HS6,271019
LA,2XXX,CENTRAL AMERICA,CGP,3522896794,3522888547,2024-12,HS6,271019
MA,2XXX,CENTRAL AMERICA,CGP,29608,29608,2024-12,HS6,271019
MD,2XXX,CENTRAL AMERICA,CGP,51201,51201,2024-12,HS6,271019
MI,2XXX,CENTRAL AMERICA,CGP,2563335,2563335,2024-12,HS6,271019
MN,2XXX,CENTRAL AMERICA,CGP,85662,85662,2024-12,HS6,271019
MO,2XXX,CENTRAL AMERICA,CGP,159866,159866,2024-12,HS6,271019
MS,2XXX,CENTRAL AMERICA,CGP,1850626706,1850626706,2024-12,HS6,271019
NC,2XXX,CENTRAL AMERICA,CGP,5590904,5528614,2024-12,HS6,271019
ND,2XXX,CENTRAL AMERICA,CGP,2766,2766,2024-12,HS6,271019
NE,2XXX,CENTRAL AMERICA,CGP,16332,16332,2024-12,HS6,271019
NH,2XXX,CENTRAL AMERICA,CGP,133565,128691,2024-12,HS6,271019
NJ,2XXX,CENTRAL AMERICA,CGP,190114887,190110787,2024-12,HS6,271019
NV,2XXX,CENTRAL AMERICA,CGP,106741,106741,2024-12,HS6,271019
NY,2XXX,CENTRAL AMERICA,CGP,1770035,1770035,2024-12,HS6,271019
OH,2XXX,CENTRAL AMERICA,CGP,12321545,12300506,2024-12,HS6,271019
OK,2XXX,CENTRAL AMERICA,CGP,208227,208227,2024-12,HS6,271019
OR,2XXX,CENTRAL AMERICA,CGP,27168,27168,2024-12,HS6,271019
PA,2XXX,CENTRAL AMERICA,CGP,3779851,3779851,2024-12,HS6,271019
PR,2XXX,CENTRAL AMERICA,CGP,87924562,87924562,2024-12,HS6,271019
SC,2XXX,CENTRAL AMERICA,CGP,185879,182173,2024-12,HS6,271019
TN,2XXX,CENTRAL AMERICA,CGP,484583,484583,2024-12,HS6,271019
TX,2XXX,CENTRAL AMERICA,CGP,6430327219,6430151727,2024-12,HS6,271019
UT,2XXX,CENTRAL AMERICA,CGP,5400,5400,2024-12,HS6,271019
VA,2XXX,CENTRAL AMERICA,CGP,40595,25885,2024-12,HS6,271019
VI,2XXX,CENTRAL AMERICA,CGP,1128131310,1128131310,2024-12,HS6,271019
WA,2XXX,CENTRAL AMERICA,CGP,15921923,15921923,2024-12,HS6,271019
WI,2XXX,CENTRAL AMERICA,CGP,2966740,2966740,2024-12,HS6,271019
WY,2XXX,CENTRAL AMERICA,CGP,3601,3601,2024-12,HS6,271019
-,5800,"KOREA, SOUTH",DET,267890982,266711258,2024-12,HS6,271019
AL,5800,"KOREA, SOUTH",DET,11196,7653,2024-12,HS6,271019
AR,5800,"KOREA, SOUTH",DET,36810,36810,2024-12,HS6,271019
AZ,5800,"KOREA, SOUTH",DET,25215,25215,2024-12,HS6,271019
CA,5800,"KOREA, SOUTH",DET,14904248,14683649,2024-12,HS6,271019
CO,5800,"KOREA, SOUTH",DET,6738,0,2024-12,HS6,271019
DE,5800,"KOREA, SOUTH",DET,38831,38831,2024-12,HS6,271019
FL,5800,"KOREA, SOUTH",DET,2361223,2267820,2024-12,HS6,271019
GA,5800,"KOREA, SOUTH",DET,238309,230189,2024-12,HS6,271019
HI,5800,"KOREA, SOUTH",DET,592750,592750,2024-12,HS6,271019
IA,5800,"KOREA, SOUTH",DET,187539,187539,2024-12,HS6,271019
IL,5800,"KOREA, SOUTH",DET,326624,320954,2024-12,HS6,271019
IN,5800,"KOREA, SOUTH",DET,1530095,1504987,2024-12,HS6,271019
KS,5800,"KOREA, SOUTH",DET,75138,40371,2024-12,HS6,271019
LA,5800,"KOREA, SOUTH",DET,42812,42812,2024-12,HS6,271019
MA,5800,"KOREA, SOUTH",DET,129061,83686,2024-12,HS6,271019
MD,5800,"KOREA, SOUTH",DET,102378,102378,2024-12,HS6,271019
MI,5800,"KOREA, SOUTH",DET,524858,279245,2024-12,HS6,271019
MN,5800,"KOREA, SOUTH",DET,7714,0,2024-12,HS6,271019
MO,5800,"KOREA, SOUTH",DET,57036,31362,2024-12,HS6,271019
MS,5800,"KOREA, SOUTH",DET,3836309,3836309,2024-12,HS6,271019
NC,5800,"KOREA, SOUTH",DET,509834,509834,2024-12,HS6,271019
ND,5800,"KOREA, SOUTH",DET,56590,56590,2024-12,HS6,271019
NJ,5800,"KOREA, SOUTH",DET,418253,200218,2024-12,HS6,271019
NY,5800,"KOREA, SOUTH",DET,1261623,1227241,2024-12,HS6,271019
OH,5800,"KOREA, SOUTH",DET,500374,493794,2024-12,HS6,271019
PA,5800,"KOREA, SOUTH",DET,1763181,1740681,2024-12,HS6,271019
SC,5800,"KOREA, SOUTH",DET,521480,495014,2024-12,HS6,271019
TN,5800,"KOREA, SOUTH",DET,89365,89365,2024-12,HS6,271019
TX,5800,"KOREA, SOUTH",DET,237247269,237195449,2024-12,HS6,271019
VA,5800,"KOREA, SOUTH",DET,142066,120275,2024-12,HS6,271019
WA,5800,"KOREA, SOUTH",DET,3324,0,2024-12,HS6,271019
WI,5800,"KOREA, SOUTH",DET,312972,240470,2024-12,HS6,271019
WV,5800,"KOREA, SOUTH",DET,29767,29767,2024-12,HS6,271019
-,3070,VENEZUELA,DET,56635812,56585027,2024-12,HS6,271019
CA,3070,VENEZUELA,DET,2657,2657,2024-12,HS6,271019
FL,3070,VENEZUELA,DET,23919133,23910442,2024-12,HS6,271019
GA,3070,VENEZUELA,DET,280107,280107,2024-12,HS6,271019
IL,3070,VENEZUELA,DET,273748,273748,2024-12,HS6,271019
IN,3070,VENEZUELA,DET,29273,0,2024-12,HS6,271019
KY,3070,VENEZUELA,DET,145862,145862,2024-12,HS6,271019
LA,3070,VENEZUELA,DET,2576811,2576811,2024-12,HS6,271019
MI,3070,VENEZUELA,DET,215062,215062,2024-12,HS6,271019
MS,3070,VENEZUELA,DET,150149,150149,2024-12,HS6,271019
NJ,3070,VENEZUELA,DET,98411,98411,2024-12,HS6,271019
NY,3070,VENEZUELA,DET,949842,949842,2024-12,HS6,271019
OH,3070,VENEZUELA,DET,27060,27060,2024-12,HS6,271019
PA,3070,VENEZUELA,DET,4623,4623,2024-12,HS6,271019
PR,3070,VENEZUELA,DET,12957110,12957110,2024-12,HS6,271019
TN,3070,VENEZUELA,DET,25548,25548,2024-12,HS6,271019
TX,3070,VENEZUELA,DET,14815257,14802436,2024-12,HS6,271019
WI,3070,VENEZUELA,DET,165159,165159,2024-12,HS6,271019
-,5570,MALAYSIA,DET,155351783,153781588,2024-12,HS6,271019
CA,5570,MALAYSIA,DET,1304680,1272514,2024-12,HS6,271019
DE,5570,MALAYSIA,DET,8993,8993,2024-12,HS6,271019
FL,5570,MALAYSIA,DET,54416,54416,2024-12,HS6,271019
GA,5570,MALAYSIA,DET,28183,18624,2024-12,HS6,271019
IA,5570,MALAYSIA,DET,4455,4455,2024-12,HS6,271019
IL,5570,MALAYSIA,DET,76591,52785,2024-12,HS6,271019
IN,5570,MALAYSIA,DET,65522,8185,2024-12,HS6,271019
KS,5570,MALAYSIA,DET,142666,129017,2024-12,HS6,271019
LA,5570,MALAYSIA,DET,64776943,64776943,2024-12,HS6,271019
MA,5570,MALAYSIA,DET,20751,4329,2024-12,HS6,271019
MD,5570,MALAYSIA,DET,2304931,2270406,2024-12,HS6,271019
MI,5570,MALAYSIA,DET,102820,88498,2024-12,HS6,271019
MN,5570,MALAYSIA,DET,69977,59400,2024-12,HS6,271019
MO,5570,MALAYSIA,DET,150727,140638,2024-12,HS6,271019
MS,5570,MALAYSIA,DET,9155277,9155277,2024-12,HS6,271019
NC,5570,MALAYSIA,DET,4009,0,2024-12,HS6,271019
NJ,5570,MALAYSIA,DET,40889,18368,2024-12,HS6,271019
NY,5570,MALAYSIA,DET,289703,285443,2024-12,HS6,271019
OH,5570,MALAYSIA,DET,34124,34124,2024-12,HS6,271019
OK,5570,MALAYSIA,DET,28710,28710,2024-12,HS6,271019
PA,5570,MALAYSIA,DET,293745,280755,2024-12,HS6,271019
TN,5570,MALAYSIA,DET,1576687,1173626,2024-12,HS6,271019
TX,5570,MALAYSIA,DET,48695716,47823483,2024-12,HS6,271019
WA,5570,MALAYSIA,DET,25561149,25561149,2024-12,HS6,271019
WI,5570,MALAYSIA,DET,392779,364110,2024-12,HS6,271019
WV,5570,MALAYSIA,DET,167340,167340,2024-12,HS6,271019
-,4643,TURKMENISTAN,DET,571290,567061,2024-12,HS6,271019
DE,4643,TURKMENISTAN,DET,4229,0,2024-12,HS6,271019
IL,4643,TURKMENISTAN,DET,567061,567061,2024-12,HS6,271019
-,4210,NETHERLANDS,DET,4703312572,4701918905,2024-12,HS6,271019
AL,4210,NETHERLANDS,DET,9361224,9361224,2024-12,HS6,271019
AZ,4210,NETHERLANDS,DET,6604,0,2024-12,HS6,271019
CA,4210,NETHERLANDS,DET,71027007,70661860,2024-12,HS6,271019
CT,4210,NETHERLANDS,DET,206766,185361,2024-12,HS6,271019
DE,4210,NETHERLANDS,DET,12296536,12296536,2024-12,HS6,271019
FL,4210,NETHERLANDS,DET,1641278,1591652,2024-12,HS6,271019
GA,4210,NETHERLANDS,DET,458624,432176,2024-12,HS6,271019
IA,4210,NETHERLANDS,DET,84009,21637,2024-12,HS6,271019
IL,4210,NETHERLANDS,DET,456809,449503,2024-12,HS6,271019
IN,4210,NETHERLANDS,DET,3132,3132,2024-12,HS6,271019
KS,4210,NETHERLANDS,DET,463552,442538,2024-12,HS6,271019
KY,4210,NETHERLANDS,DET,24795,15105,2024-12,HS6,271019
LA,4210,NETHERLANDS,DET,1941302472,1941278613,2024-12,HS6,271019
MD,4210,NETHERLANDS,DET,2974,0,2024-12,HS6,271019
MI,4210,NETHERLANDS,DET,59019,6452,2024-12,HS6,271019
MN,4210,NETHERLANDS,DET,30438,11536,2024-12,HS6,271019
MO,4210,NETHERLANDS,DET,66440,66440,2024-12,HS6,271019
MS,4210,NETHERLANDS,DET,309926639,309874144,2024-12,HS6,271019
NC,4210,NETHERLANDS,DET,304721,304721,2024-12,HS6,271019
NH,4210,NETHERLANDS,DET,57600,57600,2024-12,HS6,271019
NJ,4210,NETHERLANDS,DET,538192246,538189029,2024-12,HS6,271019
NV,4210,NETHERLANDS,DET,3440,0,2024-12,HS6,271019
NY,4210,NETHERLANDS,DET,869956,690054,2024-12,HS6,271019
OH,4210,NETHERLANDS,DET,296391,289749,2024-12,HS6,271019
OK,4210,NETHERLANDS,DET,180945,158125,2024-12,HS6,271019
PA,4210,NETHERLANDS,DET,12365039,12326330,2024-12,HS6,271019
SC,4210,NETHERLANDS,DET,162558,159630,2024-12,HS6,271019
TX,4210,NETHERLANDS,DET,1769988617,1769686646,2024-12,HS6,271019
UT,4210,NETHERLANDS,DET,2990,0,2024-12,HS6,271019
VA,4210,NETHERLANDS,DET,3236,0,2024-12,HS6,271019
WA,4210,NETHERLANDS,DET,32968040,32968040,2024-12,HS6,271019
WI,4210,NETHERLANDS,DET,498475,391072,2024-12,HS6,271019
-,7610,BENIN,DET,29469,29469,2024-12,HS6,271019
GA,7610,BENIN,DET,29469,29469,2024-12,HS6,271019
-,6810,MARSHALL ISLANDS,DET,21474,21474,2024-12,HS6,271019
CA,6810,MARSHALL ISLANDS,DET,18706,18706,2024-12,HS6,271019
OR,6810,MARSHALL ISLANDS,DET,2768,2768,2024-12,HS6,271019
-,2360,BAHAMAS,DET,1133746667,1133680520,2024-12,HS6,271019
AL,2360,BAHAMAS,DET,3753574,3753574,2024-12,HS6,271019
CA,2360,BAHAMAS,DET,89665,89665,2024-12,HS6,271019
DE,2360,BAHAMAS,DET,13260898,13260898,2024-12,HS6,271019
FL,2360,BAHAMAS,DET,19505133,19444385,2024-12,HS6,271019
GA,2360,BAHAMAS,DET,6078,6078,2024-12,HS6,271019
IN,2360,BAHAMAS,DET,19868,19868,2024-12,HS6,271019
KY,2360,BAHAMAS,DET,1385168,1385168,2024-12,HS6,271019
LA,2360,BAHAMAS,DET,346183877,346183877,2024-12,HS6,271019
MI,2360,BAHAMAS,DET,67400,67400,2024-12,HS6,271019
MO,2360,BAHAMAS,DET,29197,29197,2024-12,HS6,271019
MS,2360,BAHAMAS,DET,2218088,2218088,2024-12,HS6,271019
NC,2360,BAHAMAS,DET,1903460,1898061,2024-12,HS6,271019
NE,2360,BAHAMAS,DET,4121,4121,2024-12,HS6,271019
NH,2360,BAHAMAS,DET,21160,21160,2024-12,HS6,271019
NJ,2360,BAHAMAS,DET,54060680,54060680,2024-12,HS6,271019
NY,2360,BAHAMAS,DET,68917,68917,2024-12,HS6,271019
OR,2360,BAHAMAS,DET,14158,14158,2024-12,HS6,271019
PR,2360,BAHAMAS,DET,20810707,20810707,2024-12,HS6,271019
TN,2360,BAHAMAS,DET,147888,147888,2024-12,HS6,271019
TX,2360,BAHAMAS,DET,633287345,633287345,2024-12,HS6,271019
VI,2360,BAHAMAS,DET,36857768,36857768,2024-12,HS6,271019
WI,2360,BAHAMAS,DET,51517,51517,2024-12,HS6,271019
-,5050,IRAQ,DET,19762528,19635410,2024-12,HS6,271019
AZ,5050,IRAQ,DET,95000,95000,2024-12,HS6,271019
CA,5050,IRAQ,DET,362344,359596,2024-12,HS6,271019
FL,5050,IRAQ,DET,568501,537919,2024-12,HS6,271019
GA,5050,IRAQ,DET,378819,334107,2024-12,HS6,271019
IA,5050,IRAQ,DET,2382448,2382448,2024-12,HS6,271019
IL,5050,IRAQ,DET,665024,665024,2024-12,HS6,271019
IN,5050,IRAQ,DET,962264,962264,2024-12,HS6,271019
KY,5050,IRAQ,DET,5335412,5335412,2024-12,HS6,271019
LA,5050,IRAQ,DET,178060,178060,2024-12,HS6,271019
MI,5050,IRAQ,DET,1390980,1390980,2024-12,HS6,271019
MO,5050,IRAQ,DET,5515,5515,2024-12,HS6,271019
NJ,5050,IRAQ,DET,301805,301805,2024-12,HS6,271019
NY,5050,IRAQ,DET,924839,924839,2024-12,HS6,271019
PA,5050,IRAQ,DET,15469,12960,2024-12,HS6,271019
SC,5050,IRAQ,DET,135424,128849,2024-12,HS6,271019
TX,5050,IRAQ,DET,1752132,1735768,2024-12,HS6,271019
VA,5050,IRAQ,DET,23628,0,2024-12,HS6,271019
WI,5050,IRAQ,DET,4284864,4284864,2024-12,HS6,271019
-,4239,LUXEMBOURG,DET,10905,0,2024-12,HS6,271019
OH,4239,LUXEMBOURG,DET,10905,0,2024-12,HS6,271019
-,5040,LEBANON,DET,1782801,1636298,2024-12,HS6,271019
CA,5040,LEBANON,DET,18880,0,2024-12,HS6,271019
FL,5040,LEBANON,DET,48669,0,2024-12,HS6,271019
GA,5040,LEBANON,DET,37663,34577,2024-12,HS6,271019
IA,5040,LEBANON,DET,127519,127519,2024-12,HS6,271019
IL,5040,LEBANON,DET,609790,536893,2024-12,HS6,271019
KY,5040,LEBANON,DET,155522,155522,2024-12,HS6,271019
LA,5040,LEBANON,DET,510025,510025,2024-12,HS6,271019
MA,5040,LEBANON,DET,20489,20489,2024-12,HS6,271019
MI,5040,LEBANON,DET,129226,129226,2024-12,HS6,271019
NJ,5040,LEBANON,DET,23478,23478,2024-12,HS6,271019
PA,5040,LEBANON,DET,4770,4770,2024-12,HS6,271019
TX,5040,LEBANON,DET,96770,93799,2024-12,HS6,271019
-,4700,SPAIN,DET,398961863,398687624,2024-12,HS6,271019
CA,4700,SPAIN,DET,267581,263804,2024-12,HS6,271019
DE,4700,SPAIN,DET,26148151,26148151,2024-12,HS6,271019
FL,4700,SPAIN,DET,121788,93104,2024-12,HS6,271019
IL,4700,SPAIN,DET,31593,31593,2024-12,HS6,271019
IN,4700,SPAIN,DET,1187126,1187126,2024-12,HS6,271019
KS,4700,SPAIN,DET,12912,0,2024-12,HS6,271019
KY,4700,SPAIN,DET,34500,0,2024-12,HS6,271019
LA,4700,SPAIN,DET,194945844,194940376,2024-12,HS6,271019
MI,4700,SPAIN,DET,24131,14677,2024-12,HS6,271019
MO,4700,SPAIN,DET,34153,31419,2024-12,HS6,271019
NJ,4700,SPAIN,DET,26962658,26946658,2024-12,HS6,271019
NY,4700,SPAIN,DET,73706,58779,2024-12,HS6,271019
OK,4700,SPAIN,DET,34300,30870,2024-12,HS6,271019
PA,4700,SPAIN,DET,1385667,1373868,2024-12,HS6,271019
SC,4700,SPAIN,DET,16154,0,2024-12,HS6,271019
TN,4700,SPAIN,DET,10687,0,2024-12,HS6,271019
TX,4700,SPAIN,DET,115067506,115032268,2024-12,HS6,271019
VA,4700,SPAIN,DET,68475,0,2024-12,HS6,271019
VI,4700,SPAIN,DET,32516398,32516398,2024-12,HS6,271019
WI,4700,SPAIN,DET,18533,18533,2024-12,HS6,271019
-,5250,BAHRAIN,DET,1064824,995559,2024-12,HS6,271019
CA,5250,BAHRAIN,DET,43571,39576,2024-12,HS6,271019
GA,5250,BAHRAIN,DET,8325,3780,2024-12,HS6,271019
IL,5250,BAHRAIN,DET,488898,488898,2024-12,HS6,271019
IN,5250,BAHRAIN,DET,220247,220247,2024-12,HS6,271019
LA,5250,BAHRAIN,DET,49895,49895,2024-12,HS6,271019
NY,5250,BAHRAIN,DET,2672,0,2024-12,HS6,271019
OH,5250,BAHRAIN,DET,13726,13726,2024-12,HS6,271019
TX,5250,BAHRAIN,DET,188434,179437,2024-12,HS6,271019
VA,5250,BAHRAIN,DET,49056,0,2024-12,HS6,271019
-,7210,ALGERIA,DET,11153597,11134241,2024-12,HS6,271019
FL,7210,ALGERIA,DET,3891,0,2024-12,HS6,271019
MA,7210,ALGERIA,DET,3000,0,2024-12,HS6,271019
TX,7210,ALGERIA,DET,11146706,11134241,2024-12,HS6,271019
-,7940,ZAMBIA,DET,301000,301000,2024-12,HS6,271019
TX,7940,ZAMBIA,DET,301000,301000,2024-12,HS6,271019
-,4633,GEORGIA,DET,1649648,1602016,2024-12,HS6,271019
FL,4633,GEORGIA,DET,88711,88711,2024-12,HS6,271019
GA,4633,GEORGIA,DET,63372,63372,2024-12,HS6,271019
IL,4633,GEORGIA,DET,555879,555879,2024-12,HS6,271019
LA,4633,GEORGIA,DET,100851,100851,2024-12,HS6,271019
MI,4633,GEORGIA,DET,47632,0,2024-12,HS6,271019
WI,4633,GEORGIA,DET,793203,793203,2024-12,HS6,271019
-,4634,KAZAKHSTAN,DET,3238474,3132961,2024-12,HS6,271019
CA,4634,KAZAKHSTAN,DET,4320,0,2024-12,HS6,271019
IN,4634,KAZAKHSTAN,DET,11259,2747,2024-12,HS6,271019
LA,4634,KAZAKHSTAN,DET,73824,73824,2024-12,HS6,271019
MA,4634,KAZAKHSTAN,DET,4338,4338,2024-12,HS6,271019
MN,4634,KAZAKHSTAN,DET,3001,0,2024-12,HS6,271019
MO,4634,KAZAKHSTAN,DET,24775,17608,2024-12,HS6,271019
NY,4634,KAZAKHSTAN,DET,405500,405500,2024-12,HS6,271019
OR,4634,KAZAKHSTAN,DET,6343,0,2024-12,HS6,271019
PR,4634,KAZAKHSTAN,DET,6436,6436,2024-12,HS6,271019
TX,4634,KAZAKHSTAN,DET,2698678,2622508,2024-12,HS6,271019
-,5180,QATAR,DET,943859,813362,2024-12,HS6,271019
CA,5180,QATAR,DET,455743,443401,2024-12,HS6,271019
GA,5180,QATAR,DET,66657,42807,2024-12,HS6,271019
IL,5180,QATAR,DET,16691,16691,2024-12,HS6,271019
IN,5180,QATAR,DET,39814,39814,2024-12,HS6,271019
MI,5180,QATAR,DET,14529,14529,2024-12,HS6,271019
MO,5180,QATAR,DET,8401,0,2024-12,HS6,271019
MS,5180,QATAR,DET,28223,28223,2024-12,HS6,271019
NJ,5180,QATAR,DET,29952,29952,2024-12,HS6,271019
NY,5180,QATAR,DET,42221,42221,2024-12,HS6,271019
OK,5180,QATAR,DET,10608,0,2024-12,HS6,271019
PA,5180,QATAR,DET,5120,0,2024-12,HS6,271019
TX,5180,QATAR,DET,163502,93326,2024-12,HS6,271019
WI,5180,QATAR,DET,62398,62398,2024-12,HS6,271019
-,2190,NICARAGUA,DET,373592351,373580873,2024-12,HS6,271019
CA,2190,NICARAGUA,DET,303481,303481,2024-12,HS6,271019
FL,2190,NICARAGUA,DET,4203680,4194990,2024-12,HS6,271019
GA,2190,NICARAGUA,DET,29679,29679,2024-12,HS6,271019
IL,2190,NICARAGUA,DET,932868,932868,2024-12,HS6,271019
IN,2190,NICARAGUA,DET,1631409,1631409,2024-12,HS6,271019
KS,2190,NICARAGUA,DET,91764,88976,2024-12,HS6,271019
KY,2190,NICARAGUA,DET,1772559,1772559,2024-12,HS6,271019
LA,2190,NICARAGUA,DET,168428886,168428886,2024-12,HS6,271019
MO,2190,NICARAGUA,DET,5435,5435,2024-12,HS6,271019
MS,2190,NICARAGUA,DET,199077,199077,2024-12,HS6,271019
NJ,2190,NICARAGUA,DET,10200,10200,2024-12,HS6,271019
OH,2190,NICARAGUA,DET,945107,945107,2024-12,HS6,271019
OK,2190,NICARAGUA,DET,21961,21961,2024-12,HS6,271019
PA,2190,NICARAGUA,DET,5044,5044,2024-12,HS6,271019
PR,2190,NICARAGUA,DET,457668,457668,2024-12,HS6,271019
TN,2190,NICARAGUA,DET,3186,3186,2024-12,HS6,271019
TX,2190,NICARAGUA,DET,172780137,172780137,2024-12,HS6,271019
VI,2190,NICARAGUA,DET,21672000,21672000,2024-12,HS6,271019
WI,2190,NICARAGUA,DET,98210,98210,2024-12,HS6,271019
-,2779,ARUBA,DET,128700183,128700183,2024-12,HS6,271019
CA,2779,ARUBA,DET,79842,79842,2024-12,HS6,271019
FL,2779,ARUBA,DET,700129,700129,2024-12,HS6,271019
GA,2779,ARUBA,DET,75745,75745,2024-12,HS6,271019
IL,2779,ARUBA,DET,33262,33262,2024-12,HS6,271019
KY,2779,ARUBA,DET,296984,296984,2024-12,HS6,271019
LA,2779,ARUBA,DET,100897735,100897735,2024-12,HS6,271019
MI,2779,ARUBA,DET,58521,58521,2024-12,HS6,271019
TX,2779,ARUBA,DET,2006128,2006128,2024-12,HS6,271019
VI,2779,ARUBA,DET,24551837,24551837,2024-12,HS6,271019
-,3330,PERU,DET,2407580672,2406995887,2024-12,HS6,271019
AL,3330,PERU,DET,24319,24319,2024-12,HS6,271019
AR,3330,PERU,DET,201704,201704,2024-12,HS6,271019
CA,3330,PERU,DET,125195654,125128937,2024-12,HS6,271019
CT,3330,PERU,DET,37263,0,2024-12,HS6,271019
DE,3330,PERU,DET,46406,31990,2024-12,HS6,271019
FL,3330,PERU,DET,4132349,4001056,2024-12,HS6,271019
GA,3330,PERU,DET,626106,626106,2024-12,HS6,271019
IA,3330,PERU,DET,7124,7124,2024-12,HS6,271019
IL,3330,PERU,DET,1561311,1549809,2024-12,HS6,271019
IN,3330,PERU,DET,337795,155240,2024-12,HS6,271019
KS,3330,PERU,DET,10402,7274,2024-12,HS6,271019
KY,3330,PERU,DET,994611,985169,2024-12,HS6,271019
LA,3330,PERU,DET,449954062,449954062,2024-12,HS6,271019
MA,3330,PERU,DET,94218,94218,2024-12,HS6,271019
MI,3330,PERU,DET,128709,128709,2024-12,HS6,271019
MN,3330,PERU,DET,11234,5454,2024-12,HS6,271019
MO,3330,PERU,DET,9836,7238,2024-12,HS6,271019
MS,3330,PERU,DET,37544861,37544861,2024-12,HS6,271019
NC,3330,PERU,DET,44707,40696,2024-12,HS6,271019
ND,3330,PERU,DET,40173,40173,2024-12,HS6,271019
NJ,3330,PERU,DET,1416584,1416584,2024-12,HS6,271019
NY,3330,PERU,DET,158343,147949,2024-12,HS6,271019
OH,3330,PERU,DET,1021386,1021386,2024-12,HS6,271019
OR,3330,PERU,DET,9352,9352,2024-12,HS6,271019
PA,3330,PERU,DET,252398,252398,2024-12,HS6,271019
SC,3330,PERU,DET,200094,200094,2024-12,HS6,271019
SD,3330,PERU,DET,3478,3478,2024-12,HS6,271019
TN,3330,PERU,DET,76234,76234,2024-12,HS6,271019
TX,3330,PERU,DET,1742648829,1742543143,2024-12,HS6,271019
WA,3330,PERU,DET,40019635,40019635,2024-12,HS6,271019
WI,3330,PERU,DET,96869,96869,2024-12,HS6,271019
WV,3330,PERU,DET,674626,674626,2024-12,HS6,271019
-,7650,LIBERIA,DET,34081661,34081661,2024-12,HS6,271019
LA,7650,LIBERIA,DET,92138,92138,2024-12,HS6,271019
TX,7650,LIBERIA,DET,33787114,33787114,2024-12,HS6,271019
VA,7650,LIBERIA,DET,202409,202409,2024-12,HS6,271019
-,2440,CAYMAN ISLANDS,DET,135792992,135792992,2024-12,HS6,271019
AR,2440,CAYMAN ISLANDS,DET,144016,144016,2024-12,HS6,271019
CA,2440,CAYMAN ISLANDS,DET,52565,52565,2024-12,HS6,271019
FL,2440,CAYMAN ISLANDS,DET,2499103,2499103,2024-12,HS6,271019
GA,2440,CAYMAN ISLANDS,DET,48669,48669,2024-12,HS6,271019
KY,2440,CAYMAN ISLANDS,DET,648102,648102,2024-12,HS6,271019
LA,2440,CAYMAN ISLANDS,DET,72568425,72568425,2024-12,HS6,271019
MI,2440,CAYMAN ISLANDS,DET,82575,82575,2024-12,HS6,271019
TX,2440,CAYMAN ISLANDS,DET,32544196,32544196,2024-12,HS6,271019
VI,2440,CAYMAN ISLANDS,DET,27184444,27184444,2024-12,HS6,271019
WA,2440,CAYMAN ISLANDS,DET,6221,6221,2024-12,HS6,271019
WI,2440,CAYMAN ISLANDS,DET,14676,14676,2024-12,HS6,271019
-,7810,BRITISH INDIAN OCEAN TERRITORIES,DET,3423,3423,2024-12,HS6,271019
IN,7810,BRITISH INDIAN OCEAN TERRITORIES,DET,3423,3423,2024-12,HS6,271019
-,5700,CHINA,DET,59667345,57238255,2024-12,HS6,271019
AR,5700,CHINA,DET,3200,0,2024-12,HS6,271019
AZ,5700,CHINA,DET,138865,138865,2024-12,HS6,271019
CA,5700,CHINA,DET,11013113,10773775,2024-12,HS6,271019
CO,5700,CHINA,DET,70087,67200,2024-12,HS6,271019
DE,5700,CHINA,DET,9294,9294,2024-12,HS6,271019
FL,5700,CHINA,DET,49695,49695,2024-12,HS6,271019
GA,5700,CHINA,DET,93610,82853,2024-12,HS6,271019
IA,5700,CHINA,DET,109980,109980,2024-12,HS6,271019
IL,5700,CHINA,DET,1333726,1060500,2024-12,HS6,271019
IN,5700,CHINA,DET,4178603,4064957,2024-12,HS6,271019
KS,5700,CHINA,DET,342469,339710,2024-12,HS6,271019
KY,5700,CHINA,DET,50350,3790,2024-12,HS6,271019
LA,5700,CHINA,DET,4159063,4138810,2024-12,HS6,271019
MA,5700,CHINA,DET,140142,105619,2024-12,HS6,271019
MD,5700,CHINA,DET,10082,0,2024-12,HS6,271019
MI,5700,CHINA,DET,1790633,1494258,2024-12,HS6,271019
MN,5700,CHINA,DET,120300,86569,2024-12,HS6,271019
MO,5700,CHINA,DET,1012045,995688,2024-12,HS6,271019
MS,5700,CHINA,DET,734378,734378,2024-12,HS6,271019
NC,5700,CHINA,DET,1991896,1989052,2024-12,HS6,271019
ND,5700,CHINA,DET,67460,67460,2024-12,HS6,271019
NJ,5700,CHINA,DET,1288037,1179990,2024-12,HS6,271019
NV,5700,CHINA,DET,3944,0,2024-12,HS6,271019
NY,5700,CHINA,DET,2022800,1303384,2024-12,HS6,271019
OH,5700,CHINA,DET,650502,621878,2024-12,HS6,271019
OK,5700,CHINA,DET,122946,111239,2024-12,HS6,271019
PA,5700,CHINA,DET,4860561,4779785,2024-12,HS6,271019
SC,5700,CHINA,DET,957046,938686,2024-12,HS6,271019
SD,5700,CHINA,DET,68779,68779,2024-12,HS6,271019
TN,5700,CHINA,DET,1827697,1727633,2024-12,HS6,271019
TX,5700,CHINA,DET,19019581,18830445,2024-12,HS6,271019
UT,5700,CHINA,DET,15301,0,2024-12,HS6,271019
VA,5700,CHINA,DET,15134,15134,2024-12,HS6,271019
WI,5700,CHINA,DET,1396026,1348849,2024-12,HS6,271019
-,6224,VANUATU,DET,8196,8196,2024-12,HS6,271019
WI,6224,VANUATU,DET,8196,8196,2024-12,HS6,271019
-,4099,DENMARK,DET,154778478,154699909,2024-12,HS6,271019
AR,4099,DENMARK,DET,17220,17220,2024-12,HS6,271019
FL,4099,DENMARK,DET,4500,0,2024-12,HS6,271019
IL,4099,DENMARK,DET,3076,0,2024-12,HS6,271019
KS,4099,DENMARK,DET,14481,14481,2024-12,HS6,271019
LA,4099,DENMARK,DET,76301975,76301975,2024-12,HS6,271019
NJ,4099,DENMARK,DET,29771500,29771500,2024-12,HS6,271019
NY,4099,DENMARK,DET,3432,3432,2024-12,HS6,271019
PA,4099,DENMARK,DET,2922,2922,2024-12,HS6,271019
TX,4099,DENMARK,DET,48612526,48588379,2024-12,HS6,271019
VA,4099,DENMARK,DET,28448,0,2024-12,HS6,271019
WA,4099,DENMARK,DET,18398,0,2024-12,HS6,271019
-,5110,JORDAN,DET,3682293,3572560,2024-12,HS6,271019
CA,5110,JORDAN,DET,271380,271380,2024-12,HS6,271019
DC,5110,JORDAN,DET,235845,235845,2024-12,HS6,271019
FL,5110,JORDAN,DET,18544,0,2024-12,HS6,271019
GA,5110,JORDAN,DET,29177,29177,2024-12,HS6,271019
IL,5110,JORDAN,DET,837647,837647,2024-12,HS6,271019
IN,5110,JORDAN,DET,5032,5032,2024-12,HS6,271019
KS,5110,JORDAN,DET,8241,0,2024-12,HS6,271019
KY,5110,JORDAN,DET,1193603,1193603,2024-12,HS6,271019
LA,5110,JORDAN,DET,644850,644850,2024-12,HS6,271019
MO,5110,JORDAN,DET,19205,19205,2024-12,HS6,271019
TX,5110,JORDAN,DET,418769,335821,2024-12,HS6,271019
-,6412,NEW CALEDONIA,DET,31197,31197,2024-12,HS6,271019
IN,6412,NEW CALEDONIA,DET,17791,17791,2024-12,HS6,271019
WI,6412,NEW CALEDONIA,DET,13406,13406,2024-12,HS6,271019
-,7290,EGYPT,DET,214597013,214415842,2024-12,HS6,271019
AL,7290,EGYPT,DET,72105,72105,2024-12,HS6,271019
CA,7290,EGYPT,DET,52844,52844,2024-12,HS6,271019
FL,7290,EGYPT,DET,8834,8834,2024-12,HS6,271019
GA,7290,EGYPT,DET,77880,77880,2024-12,HS6,271019
IL,7290,EGYPT,DET,62090,62090,2024-12,HS6,271019
IN,7290,EGYPT,DET,136653,136653,2024-12,HS6,271019
KS,7290,EGYPT,DET,7390,7390,2024-12,HS6,271019
LA,7290,EGYPT,DET,106744158,106744158,2024-12,HS6,271019
MA,7290,EGYPT,DET,17647,17647,2024-12,HS6,271019
MI,7290,EGYPT,DET,144901,136226,2024-12,HS6,271019
MO,7290,EGYPT,DET,158860,96622,2024-12,HS6,271019
MS,7290,EGYPT,DET,16691458,16691458,2024-12,HS6,271019
NJ,7290,EGYPT,DET,162156,159146,2024-12,HS6,271019
NY,7290,EGYPT,DET,62241,54462,2024-12,HS6,271019
OK,7290,EGYPT,DET,4412,4412,2024-12,HS6,271019
TX,7290,EGYPT,DET,90193384,90093915,2024-12,HS6,271019
-,5490,THAILAND,DET,192220917,191850379,2024-12,HS6,271019
AL,5490,THAILAND,DET,5037292,5037292,2024-12,HS6,271019
CA,5490,THAILAND,DET,1640669,1640669,2024-12,HS6,271019
FL,5490,THAILAND,DET,45911,5893,2024-12,HS6,271019
IL,5490,THAILAND,DET,935361,929332,2024-12,HS6,271019
IN,5490,THAILAND,DET,82187,78444,2024-12,HS6,271019
KY,5490,THAILAND,DET,122652,119606,2024-12,HS6,271019
LA,5490,THAILAND,DET,167014566,167014566,2024-12,HS6,271019
MA,5490,THAILAND,DET,33968,33968,2024-12,HS6,271019
MI,5490,THAILAND,DET,484759,377081,2024-12,HS6,271019
MN,5490,THAILAND,DET,2700,2700,2024-12,HS6,271019
MO,5490,THAILAND,DET,219474,210057,2024-12,HS6,271019
MS,5490,THAILAND,DET,3127018,3127018,2024-12,HS6,271019
NC,5490,THAILAND,DET,5716,5716,2024-12,HS6,271019
NH,5490,THAILAND,DET,108269,108269,2024-12,HS6,271019
NJ,5490,THAILAND,DET,5601512,5594355,2024-12,HS6,271019
NY,5490,THAILAND,DET,248738,222946,2024-12,HS6,271019
OH,5490,THAILAND,DET,117569,117569,2024-12,HS6,271019
OK,5490,THAILAND,DET,393133,393133,2024-12,HS6,271019
OR,5490,THAILAND,DET,42079,0,2024-12,HS6,271019
PA,5490,THAILAND,DET,1293127,1287358,2024-12,HS6,271019
RI,5490,THAILAND,DET,69625,69625,2024-12,HS6,271019
SC,5490,THAILAND,DET,119904,119904,2024-12,HS6,271019
TN,5490,THAILAND,DET,23337,0,2024-12,HS6,271019
TX,5490,THAILAND,DET,5024543,4939948,2024-12,HS6,271019
VA,5490,THAILAND,DET,30015,22806,2024-12,HS6,271019
WI,5490,THAILAND,DET,396793,392124,2024-12,HS6,271019
-,2485,MONTSERRAT,DET,116810,116810,2024-12,HS6,271019
FL,2485,MONTSERRAT,DET,54029,54029,2024-12,HS6,271019
PR,2485,MONTSERRAT,DET,62781,62781,2024-12,HS6,271019
-,7250,LIBYA,DET,4435572,4435572,2024-12,HS6,271019
CA,7250,LIBYA,DET,252086,252086,2024-12,HS6,271019
FL,7250,LIBYA,DET,173777,173777,2024-12,HS6,271019
GA,7250,LIBYA,DET,38685,38685,2024-12,HS6,271019
IL,7250,LIBYA,DET,1711544,1711544,2024-12,HS6,271019
IN,7250,LIBYA,DET,103652,103652,2024-12,HS6,271019
KY,7250,LIBYA,DET,311353,311353,2024-12,HS6,271019
LA,7250,LIBYA,DET,165274,165274,2024-12,HS6,271019
NJ,7250,LIBYA,DET,205840,205840,2024-12,HS6,271019
TX,7250,LIBYA,DET,924379,924379,2024-12,HS6,271019
WI,7250,LIBYA,DET,548982,548982,2024-12,HS6,271019
-,2470,DOMINICAN REPUBLIC,DET,1311449237,1311379813,2024-12,HS6,271019
AL,2470,DOMINICAN REPUBLIC,DET,107733914,107733914,2024-12,HS6,271019
AR,2470,DOMINICAN REPUBLIC,DET,976363,976363,2024-12,HS6,271019
CA,2470,DOMINICAN REPUBLIC,DET,2470885,2466826,2024-12,HS6,271019
CT,2470,DOMINICAN REPUBLIC,DET,44100,44100,2024-12,HS6,271019
FL,2470,DOMINICAN REPUBLIC,DET,9499501,9434136,2024-12,HS6,271019
GA,2470,DOMINICAN REPUBLIC,DET,12001848,12001848,2024-12,HS6,271019
IA,2470,DOMINICAN REPUBLIC,DET,73338,73338,2024-12,HS6,271019
IL,2470,DOMINICAN REPUBLIC,DET,1250485,1250485,2024-12,HS6,271019
IN,2470,DOMINICAN REPUBLIC,DET,73340,73340,2024-12,HS6,271019
KS,2470,DOMINICAN REPUBLIC,DET,22971,22971,2024-12,HS6,271019
KY,2470,DOMINICAN REPUBLIC,DET,3681490,3681490,2024-12,HS6,271019
LA,2470,DOMINICAN REPUBLIC,DET,290699837,290699837,2024-12,HS6,271019
MA,2470,DOMINICAN REPUBLIC,DET,16968,16968,2024-12,HS6,271019
MI,2470,DOMINICAN REPUBLIC,DET,599258,599258,2024-12,HS6,271019
MO,2470,DOMINICAN REPUBLIC,DET,30210,30210,2024-12,HS6,271019
MS,2470,DOMINICAN REPUBLIC,DET,28933103,28933103,2024-12,HS6,271019
NC,2470,DOMINICAN REPUBLIC,DET,2115062,2115062,2024-12,HS6,271019
NJ,2470,DOMINICAN REPUBLIC,DET,467421,467421,2024-12,HS6,271019
NY,2470,DOMINICAN REPUBLIC,DET,316019,316019,2024-12,HS6,271019
OH,2470,DOMINICAN REPUBLIC,DET,227192,227192,2024-12,HS6,271019
OK,2470,DOMINICAN REPUBLIC,DET,49103,49103,2024-12,HS6,271019
PA,2470,DOMINICAN REPUBLIC,DET,65977,65977,2024-12,HS6,271019
PR,2470,DOMINICAN REPUBLIC,DET,8249356,8249356,2024-12,HS6,271019
SC,2470,DOMINICAN REPUBLIC,DET,31638,31638,2024-12,HS6,271019
TN,2470,DOMINICAN REPUBLIC,DET,84354,84354,2024-12,HS6,271019
TX,2470,DOMINICAN REPUBLIC,DET,663592533,663592533,2024-12,HS6,271019
VA,2470,DOMINICAN REPUBLIC,DET,3480,3480,2024-12,HS6,271019
VI,2470,DOMINICAN REPUBLIC,DET,178078102,178078102,2024-12,HS6,271019
WI,2470,DOMINICAN REPUBLIC,DET,61389,61389,2024-12,HS6,271019
-,0017,CAFTA-DR,CGP,6445914376,6445227039,2024-12,HS6,271019
AL,0017,CAFTA-DR,CGP,108345501,108345501,2024-12,HS6,271019
AR,0017,CAFTA-DR,CGP,2688087,2688087,2024-12,HS6,271019
CA,0017,CAFTA-DR,CGP,113557015,113552956,2024-12,HS6,271019
CT,0017,CAFTA-DR,CGP,67084,67084,2024-12,HS6,271019
DE,0017,CAFTA-DR,CGP,66736,66736,2024-12,HS6,271019
FL,0017,CAFTA-DR,CGP,35768874,35386780,2024-12,HS6,271019
GA,0017,CAFTA-DR,CGP,24179699,24165121,2024-12,HS6,271019
IA,0017,CAFTA-DR,CGP,1428058,1428058,2024-12,HS6,271019
IL,0017,CAFTA-DR,CGP,8992678,8962151,2024-12,HS6,271019
IN,0017,CAFTA-DR,CGP,12339517,12240289,2024-12,HS6,271019
KS,0017,CAFTA-DR,CGP,321249,318461,2024-12,HS6,271019
KY,0017,CAFTA-DR,CGP,30237783,30234939,2024-12,HS6,271019
LA,0017,CAFTA-DR,CGP,2143474306,2143469885,2024-12,HS6,271019
MA,0017,CAFTA-DR,CGP,20071,20071,2024-12,HS6,271019
MD,0017,CAFTA-DR,CGP,51201,51201,2024-12,HS6,271019
MI,0017,CAFTA-DR,CGP,2013737,2013737,2024-12,HS6,271019
MN,0017,CAFTA-DR,CGP,7660,7660,2024-12,HS6,271019
MO,0017,CAFTA-DR,CGP,69032,69032,2024-12,HS6,271019
MS,0017,CAFTA-DR,CGP,732954443,732954443,2024-12,HS6,271019
NC,0017,CAFTA-DR,CGP,2596153,2585193,2024-12,HS6,271019
ND,0017,CAFTA-DR,CGP,2766,2766,2024-12,HS6,271019
NH,0017,CAFTA-DR,CGP,112405,107531,2024-12,HS6,271019
NJ,0017,CAFTA-DR,CGP,2326857,2322757,2024-12,HS6,271019
NV,0017,CAFTA-DR,CGP,106741,106741,2024-12,HS6,271019
NY,0017,CAFTA-DR,CGP,1545003,1545003,2024-12,HS6,271019
OH,0017,CAFTA-DR,CGP,10922325,10901286,2024-12,HS6,271019
OK,0017,CAFTA-DR,CGP,140405,140405,2024-12,HS6,271019
OR,0017,CAFTA-DR,CGP,7770,7770,2024-12,HS6,271019
PA,0017,CAFTA-DR,CGP,1236405,1236405,2024-12,HS6,271019
PR,0017,CAFTA-DR,CGP,10816686,10816686,2024-12,HS6,271019
SC,0017,CAFTA-DR,CGP,172050,172050,2024-12,HS6,271019
TN,0017,CAFTA-DR,CGP,226762,226762,2024-12,HS6,271019
TX,0017,CAFTA-DR,CGP,2976146181,2976040356,2024-12,HS6,271019
VA,0017,CAFTA-DR,CGP,3480,3480,2024-12,HS6,271019
VI,0017,CAFTA-DR,CGP,221823969,221823969,2024-12,HS6,271019
WA,0017,CAFTA-DR,CGP,343613,343613,2024-12,HS6,271019
WI,0017,CAFTA-DR,CGP,802074,802074,2024-12,HS6,271019
-,4120,UNITED KINGDOM,DET,3551251962,3549020298,2024-12,HS6,271019
AL,4120,UNITED KINGDOM,DET,134536,134536,2024-12,HS6,271019
AZ,4120,UNITED KINGDOM,DET,6171,6171,2024-12,HS6,271019
CA,4120,UNITED KINGDOM,DET,264165,102942,2024-12,HS6,271019
CO,4120,UNITED KINGDOM,DET,7795,0,2024-12,HS6,271019
CT,4120,UNITED KINGDOM,DET,10129,0,2024-12,HS6,271019
FL,4120,UNITED KINGDOM,DET,19968,7269,2024-12,HS6,271019
GA,4120,UNITED KINGDOM,DET,36664,2658,2024-12,HS6,271019
IL,4120,UNITED KINGDOM,DET,654428,224056,2024-12,HS6,271019
IN,4120,UNITED KINGDOM,DET,400660,285520,2024-12,HS6,271019
KS,4120,UNITED KINGDOM,DET,34844,27020,2024-12,HS6,271019
KY,4120,UNITED KINGDOM,DET,392146,323316,2024-12,HS6,271019
LA,4120,UNITED KINGDOM,DET,1868663576,1868654435,2024-12,HS6,271019
MI,4120,UNITED KINGDOM,DET,167027,68198,2024-12,HS6,271019
MN,4120,UNITED KINGDOM,DET,120119,5932,2024-12,HS6,271019
MO,4120,UNITED KINGDOM,DET,21197,11076,2024-12,HS6,271019
NC,4120,UNITED KINGDOM,DET,12065,9167,2024-12,HS6,271019
NJ,4120,UNITED KINGDOM,DET,182479639,182463104,2024-12,HS6,271019
NV,4120,UNITED KINGDOM,DET,2974,2974,2024-12,HS6,271019
NY,4120,UNITED KINGDOM,DET,237817,207458,2024-12,HS6,271019
OH,4120,UNITED KINGDOM,DET,288318,109080,2024-12,HS6,271019
OK,4120,UNITED KINGDOM,DET,8928,8928,2024-12,HS6,271019
PA,4120,UNITED KINGDOM,DET,937742,218216,2024-12,HS6,271019
RI,4120,UNITED KINGDOM,DET,5070,0,2024-12,HS6,271019
SC,4120,UNITED KINGDOM,DET,19797,2877,2024-12,HS6,271019
TN,4120,UNITED KINGDOM,DET,504024,493900,2024-12,HS6,271019
TX,4120,UNITED KINGDOM,DET,1495741848,1495618490,2024-12,HS6,271019
UT,4120,UNITED KINGDOM,DET,19840,19840,2024-12,HS6,271019
WA,4120,UNITED KINGDOM,DET,36895,0,2024-12,HS6,271019
WI,4120,UNITED KINGDOM,DET,23580,13135,2024-12,HS6,271019
-,0028,CACM,CGP,5134465139,5133847226,2024-12,HS6,271019
AL,0028,CACM,CGP,611587,611587,2024-12,HS6,271019
AR,0028,CACM,CGP,1711724,1711724,2024-12,HS6,271019
CA,0028,CACM,CGP,111086130,111086130,2024-12,HS6,271019
CT,0028,CACM,CGP,22984,22984,2024-12,HS6,271019
DE,0028,CACM,CGP,66736,66736,2024-12,HS6,271019
FL,0028,CACM,CGP,26269373,25952644,2024-12,HS6,271019
GA,0028,CACM,CGP,12177851,12163273,2024-12,HS6,271019
IA,0028,CACM,CGP,1354720,1354720,2024-12,HS6,271019
IL,0028,CACM,CGP,7742193,7711666,2024-12,HS6,271019
IN,0028,CACM,CGP,12266177,12166949,2024-12,HS6,271019
KS,0028,CACM,CGP,298278,295490,2024-12,HS6,271019
KY,0028,CACM,CGP,26556293,26553449,2024-12,HS6,271019
LA,0028,CACM,CGP,1852774469,1852770048,2024-12,HS6,271019
MA,0028,CACM,CGP,3103,3103,2024-12,HS6,271019
MD,0028,CACM,CGP,51201,51201,2024-12,HS6,271019
MI,0028,CACM,CGP,1414479,1414479,2024-12,HS6,271019
MN,0028,CACM,CGP,7660,7660,2024-12,HS6,271019
MO,0028,CACM,CGP,38822,38822,2024-12,HS6,271019
MS,0028,CACM,CGP,704021340,704021340,2024-12,HS6,271019
NC,0028,CACM,CGP,481091,470131,2024-12,HS6,271019
ND,0028,CACM,CGP,2766,2766,2024-12,HS6,271019
NH,0028,CACM,CGP,112405,107531,2024-12,HS6,271019
NJ,0028,CACM,CGP,1859436,1855336,2024-12,HS6,271019
NV,0028,CACM,CGP,106741,106741,2024-12,HS6,271019
NY,0028,CACM,CGP,1228984,1228984,2024-12,HS6,271019
OH,0028,CACM,CGP,10695133,10674094,2024-12,HS6,271019
OK,0028,CACM,CGP,91302,91302,2024-12,HS6,271019
OR,0028,CACM,CGP,7770,7770,2024-12,HS6,271019
PA,0028,CACM,CGP,1170428,1170428,2024-12,HS6,271019
PR,0028,CACM,CGP,2567330,2567330,2024-12,HS6,271019
SC,0028,CACM,CGP,140412,140412,2024-12,HS6,271019
TN,0028,CACM,CGP,142408,142408,2024-12,HS6,271019
TX,0028,CACM,CGP,2312553648,2312447823,2024-12,HS6,271019
VI,0028,CACM,CGP,43745867,43745867,2024-12,HS6,271019
WA,0028,CACM,CGP,343613,343613,2024-12,HS6,271019
WI,0028,CACM,CGP,740685,740685,2024-12,HS6,271019
-,7560,CHAD,DET,52582,47279,2024-12,HS6,271019
OK,7560,CHAD,DET,42308,42308,2024-12,HS6,271019
TX,7560,CHAD,DET,10274,4971,2024-12,HS6,271019
-,4280,GERMANY,DET,380577696,377761355,2024-12,HS6,271019
AZ,4280,GERMANY,DET,79710,0,2024-12,HS6,271019
CA,4280,GERMANY,DET,736145,730198,2024-12,HS6,271019
FL,4280,GERMANY,DET,2254643,2238008,2024-12,HS6,271019
GA,4280,GERMANY,DET,70615,66177,2024-12,HS6,271019
IL,4280,GERMANY,DET,958167,102108,2024-12,HS6,271019
IN,4280,GERMANY,DET,7287150,6967636,2024-12,HS6,271019
KS,4280,GERMANY,DET,27835,0,2024-12,HS6,271019
LA,4280,GERMANY,DET,126885187,126874416,2024-12,HS6,271019
MA,4280,GERMANY,DET,581784,158614,2024-12,HS6,271019
MI,4280,GERMANY,DET,198229,58132,2024-12,HS6,271019
MN,4280,GERMANY,DET,9090,0,2024-12,HS6,271019
MO,4280,GERMANY,DET,53794,53794,2024-12,HS6,271019
MS,4280,GERMANY,DET,19430413,19430413,2024-12,HS6,271019
NC,4280,GERMANY,DET,71475,29514,2024-12,HS6,271019
ND,4280,GERMANY,DET,7873,7873,2024-12,HS6,271019
NJ,4280,GERMANY,DET,23434398,23237778,2024-12,HS6,271019
NY,4280,GERMANY,DET,789250,589860,2024-12,HS6,271019
OH,4280,GERMANY,DET,589042,507109,2024-12,HS6,271019
OK,4280,GERMANY,DET,39044,39044,2024-12,HS6,271019
PA,4280,GERMANY,DET,810840,723062,2024-12,HS6,271019
PR,4280,GERMANY,DET,3980,0,2024-12,HS6,271019
SC,4280,GERMANY,DET,29775,29775,2024-12,HS6,271019
TN,4280,GERMANY,DET,145886,0,2024-12,HS6,271019
TX,4280,GERMANY,DET,195937263,195816074,2024-12,HS6,271019
VA,4280,GERMANY,DET,60195,49125,2024-12,HS6,271019
WA,4280,GERMANY,DET,4448,0,2024-12,HS6,271019
WI,4280,GERMANY,DET,81465,52645,2024-12,HS6,271019
-,3XXX,SOUTH AMERICA,CGP,15030971468,15023036054,2024-12,HS6,271019
AK,3XXX,SOUTH AMERICA,CGP,108477,108477,2024-12,HS6,271019
AL,3XXX,SOUTH AMERICA,CGP,10538422,10522368,2024-12,HS6,271019
AR,3XXX,SOUTH AMERICA,CGP,2025733,2020972,2024-12,HS6,271019
AZ,3XXX,SOUTH AMERICA,CGP,3975,3975,2024-12,HS6,271019
CA,3XXX,SOUTH AMERICA,CGP,1517159234,1516800725,2024-12,HS6,271019
CO,3XXX,SOUTH AMERICA,CGP,3008,0,2024-12,HS6,271019
CT,3XXX,SOUTH AMERICA,CGP,217770,67608,2024-12,HS6,271019
DC,3XXX,SOUTH AMERICA,CGP,87694,79378,2024-12,HS6,271019
DE,3XXX,SOUTH AMERICA,CGP,644433,630017,2024-12,HS6,271019
FL,3XXX,SOUTH AMERICA,CGP,63415891,60071969,2024-12,HS6,271019
GA,3XXX,SOUTH AMERICA,CGP,18911807,18905013,2024-12,HS6,271019
IA,3XXX,SOUTH AMERICA,CGP,590571,587739,2024-12,HS6,271019
IL,3XXX,SOUTH AMERICA,CGP,8662315,8496575,2024-12,HS6,271019
IN,3XXX,SOUTH AMERICA,CGP,5901579,5292634,2024-12,HS6,271019
KS,3XXX,SOUTH AMERICA,CGP,770675,722569,2024-12,HS6,271019
KY,3XXX,SOUTH AMERICA,CGP,4297266,4284895,2024-12,HS6,271019
LA,3XXX,SOUTH AMERICA,CGP,3225298942,3225192202,2024-12,HS6,271019
MA,3XXX,SOUTH AMERICA,CGP,558640,477976,2024-12,HS6,271019
MD,3XXX,SOUTH AMERICA,CGP,73424,73424,2024-12,HS6,271019
MI,3XXX,SOUTH AMERICA,CGP,7140123,6992389,2024-12,HS6,271019
MN,3XXX,SOUTH AMERICA,CGP,610804,581110,2024-12,HS6,271019
MO,3XXX,SOUTH AMERICA,CGP,365427,288272,2024-12,HS6,271019
MS,3XXX,SOUTH AMERICA,CGP,203283074,203232478,2024-12,HS6,271019
MT,3XXX,SOUTH AMERICA,CGP,4092,0,2024-12,HS6,271019
NC,3XXX,SOUTH AMERICA,CGP,609053,584162,2024-12,HS6,271019
ND,3XXX,SOUTH AMERICA,CGP,85479,85479,2024-12,HS6,271019
NE,3XXX,SOUTH AMERICA,CGP,255295,60753,2024-12,HS6,271019
NH,3XXX,SOUTH AMERICA,CGP,32529,0,2024-12,HS6,271019
NJ,3XXX,SOUTH AMERICA,CGP,4754987,4508965,2024-12,HS6,271019
NV,3XXX,SOUTH AMERICA,CGP,12618,0,2024-12,HS6,271019
NY,3XXX,SOUTH AMERICA,CGP,25970354,25746763,2024-12,HS6,271019
OH,3XXX,SOUTH AMERICA,CGP,5887849,5828830,2024-12,HS6,271019
OK,3XXX,SOUTH AMERICA,CGP,156922,148972,2024-12,HS6,271019
OR,3XXX,SOUTH AMERICA,CGP,9352,9352,2024-12,HS6,271019
PA,3XXX,SOUTH AMERICA,CGP,10912157,10826247,2024-12,HS6,271019
PR,3XXX,SOUTH AMERICA,CGP,13407618,13407618,2024-12,HS6,271019
SC,3XXX,SOUTH AMERICA,CGP,12743630,12715791,2024-12,HS6,271019
SD,3XXX,SOUTH AMERICA,CGP,29696,29696,2024-12,HS6,271019
TN,3XXX,SOUTH AMERICA,CGP,13986080,13949535,2024-12,HS6,271019
TX,3XXX,SOUTH AMERICA,CGP,9003423081,9001770409,2024-12,HS6,271019
UT,3XXX,SOUTH AMERICA,CGP,6350,6350,2024-12,HS6,271019
VA,3XXX,SOUTH AMERICA,CGP,157055,157055,2024-12,HS6,271019
VI,3XXX,SOUTH AMERICA,CGP,106316528,106316528,2024-12,HS6,271019
WA,3XXX,SOUTH AMERICA,CGP,745631734,745611874,2024-12,HS6,271019
WI,3XXX,SOUTH AMERICA,CGP,1471921,1401106,2024-12,HS6,271019
WV,3XXX,SOUTH AMERICA,CGP,14437804,14437804,2024-12,HS6,271019
-,1XXX,NORTH AMERICA,CGP,20344415849,10834048858,2024-12,HS6,271019
AK,1XXX,NORTH AMERICA,CGP,72457802,0,2024-12,HS6,271019
AL,1XXX,NORTH AMERICA,CGP,94308674,78063993,2024-12,HS6,271019
AR,1XXX,NORTH AMERICA,CGP,74374144,0,2024-12,HS6,271019
AZ,1XXX,NORTH AMERICA,CGP,204432693,0,2024-12,HS6,271019
CA,1XXX,NORTH AMERICA,CGP,671299016,577492846,2024-12,HS6,271019
CO,1XXX,NORTH AMERICA,CGP,660795,0,2024-12,HS6,271019
CT,1XXX,NORTH AMERICA,CGP,532285,0,2024-12,HS6,271019
DE,1XXX,NORTH AMERICA,CGP,37110003,35205932,2024-12,HS6,271019
FL,1XXX,NORTH AMERICA,CGP,4655050,0,2024-12,HS6,271019
GA,1XXX,NORTH AMERICA,CGP,23034662,0,2024-12,HS6,271019
IA,1XXX,NORTH AMERICA,CGP,48310810,0,2024-12,HS6,271019
ID,1XXX,NORTH AMERICA,CGP,3027406,0,2024-12,HS6,271019
IL,1XXX,NORTH AMERICA,CGP,255833081,11867369,2024-12,HS6,271019
IN,1XXX,NORTH AMERICA,CGP,94368689,0,2024-12,HS6,271019
KS,1XXX,NORTH AMERICA,CGP,38436609,8576710,2024-12,HS6,271019
KY,1XXX,NORTH AMERICA,CGP,36787342,0,2024-12,HS6,271019
LA,1XXX,NORTH AMERICA,CGP,2509767147,1870447463,2024-12,HS6,271019
MA,1XXX,NORTH AMERICA,CGP,2034212,0,2024-12,HS6,271019
MD,1XXX,NORTH AMERICA,CGP,333312,0,2024-12,HS6,271019
ME,1XXX,NORTH AMERICA,CGP,476818,0,2024-12,HS6,271019
MI,1XXX,NORTH AMERICA,CGP,168639862,2839720,2024-12,HS6,271019
MN,1XXX,NORTH AMERICA,CGP,27826893,11062,2024-12,HS6,271019
MO,1XXX,NORTH AMERICA,CGP,6754912,0,2024-12,HS6,271019
MS,1XXX,NORTH AMERICA,CGP,131667822,32414873,2024-12,HS6,271019
MT,1XXX,NORTH AMERICA,CGP,15008971,0,2024-12,HS6,271019
NC,1XXX,NORTH AMERICA,CGP,3518148,160943,2024-12,HS6,271019
ND,1XXX,NORTH AMERICA,CGP,511978,0,2024-12,HS6,271019
NE,1XXX,NORTH AMERICA,CGP,20536690,0,2024-12,HS6,271019
NH,1XXX,NORTH AMERICA,CGP,2252913,0,2024-12,HS6,271019
NJ,1XXX,NORTH AMERICA,CGP,387994077,43904902,2024-12,HS6,271019
NM,1XXX,NORTH AMERICA,CGP,9657751,0,2024-12,HS6,271019
NV,1XXX,NORTH AMERICA,CGP,1488698,0,2024-12,HS6,271019
NY,1XXX,NORTH AMERICA,CGP,173060730,133159083,2024-12,HS6,271019
OH,1XXX,NORTH AMERICA,CGP,65551594,4281632,2024-12,HS6,271019
OK,1XXX,NORTH AMERICA,CGP,71169461,0,2024-12,HS6,271019
OR,1XXX,NORTH AMERICA,CGP,85843762,6389440,2024-12,HS6,271019
PA,1XXX,NORTH AMERICA,CGP,147277030,28304929,2024-12,HS6,271019
PR,1XXX,NORTH AMERICA,CGP,10840,0,2024-12,HS6,271019
RI,1XXX,NORTH AMERICA,CGP,122487,0,2024-12,HS6,271019
SC,1XXX,NORTH AMERICA,CGP,1209464,0,2024-12,HS6,271019
SD,1XXX,NORTH AMERICA,CGP,61445,0,2024-12,HS6,271019
TN,1XXX,NORTH AMERICA,CGP,50216346,41252,2024-12,HS6,271019
TX,1XXX,NORTH AMERICA,CGP,12757481736,6393389719,2024-12,HS6,271019
UT,1XXX,NORTH AMERICA,CGP,8549853,0,2024-12,HS6,271019
VA,1XXX,NORTH AMERICA,CGP,1748190,0,2024-12,HS6,271019
VT,1XXX,NORTH AMERICA,CGP,2630,0,2024-12,HS6,271019
WA,1XXX,NORTH AMERICA,CGP,1829903771,1607483083,2024-12,HS6,271019
WI,1XXX,NORTH AMERICA,CGP,18205872,13907,2024-12,HS6,271019
WV,1XXX,NORTH AMERICA,CGP,49565779,0,2024-12,HS6,271019
WY,1XXX,NORTH AMERICA,CGP,77527977,0,2024-12,HS6,271019
XX,1XXX,NORTH AMERICA,CGP,58807617,0,2024-12,HS6,271019
-,5683,MALDIVES,DET,70870,67871,2024-12,HS6,271019
IN,5683,MALDIVES,DET,67871,67871,2024-12,HS6,271019
TX,5683,MALDIVES,DET,2999,0,2024-12,HS6,271019
-,4632,AZERBAIJAN,DET,242552,225827,2024-12,HS6,271019
LA,4632,AZERBAIJAN,DET,49893,49893,2024-12,HS6,271019
TX,4632,AZERBAIJAN,DET,16725,0,2024-12,HS6,271019
WI,4632,AZERBAIJAN,DET,175934,175934,2024-12,HS6,271019
-,4000,ICELAND,DET,81561881,81561881,2024-12,HS6,271019
AL,4000,ICELAND,DET,25074355,25074355,2024-12,HS6,271019
CA,4000,ICELAND,DET,58800,58800,2024-12,HS6,271019
CT,4000,ICELAND,DET,114180,114180,2024-12,HS6,271019
FL,4000,ICELAND,DET,3700,3700,2024-12,HS6,271019
LA,4000,ICELAND,DET,5430,5430,2024-12,HS6,271019
MA,4000,ICELAND,DET,11200,11200,2024-12,HS6,271019
NY,4000,ICELAND,DET,44028,44028,2024-12,HS6,271019
TX,4000,ICELAND,DET,56250188,56250188,2024-12,HS6,271019
-,7440,SENEGAL,DET,52754841,52744092,2024-12,HS6,271019
GA,7440,SENEGAL,DET,4500,4500,2024-12,HS6,271019
LA,7440,SENEGAL,DET,25451768,25451768,2024-12,HS6,271019
NY,7440,SENEGAL,DET,34000,34000,2024-12,HS6,271019
TX,7440,SENEGAL,DET,27264573,27253824,2024-12,HS6,271019
-,7500,GAMBIA,DET,16800,16800,2024-12,HS6,271019
GA,7500,GAMBIA,DET,8000,8000,2024-12,HS6,271019
SC,7500,GAMBIA,DET,4000,4000,2024-12,HS6,271019
WI,7500,GAMBIA,DET,4800,4800,2024-12,HS6,271019
-,4623,UKRAINE,DET,2224407,2211451,2024-12,HS6,271019
CA,4623,UKRAINE,DET,16528,16528,2024-12,HS6,271019
IL,4623,UKRAINE,DET,56000,56000,2024-12,HS6,271019
ND,4623,UKRAINE,DET,398260,398260,2024-12,HS6,271019
NY,4623,UKRAINE,DET,1180357,1180357,2024-12,HS6,271019
PA,4623,UKRAINE,DET,296296,296296,2024-12,HS6,271019
TX,4623,UKRAINE,DET,276966,264010,2024-12,HS6,271019
-,7660,DEMOCRATIC REPUBLIC OF THE CONGO,DET,37394,37394,2024-12,HS6,271019
TX,7660,DEMOCRATIC REPUBLIC OF THE CONGO,DET,37394,37394,2024-12,HS6,271019
-,4710,PORTUGAL,DET,3552445,3549850,2024-12,HS6,271019
CA,4710,PORTUGAL,DET,4181,4181,2024-12,HS6,271019
KS,4710,PORTUGAL,DET,61712,61712,2024-12,HS6,271019
NJ,4710,PORTUGAL,DET,90039,90039,2024-12,HS6,271019
TX,4710,PORTUGAL,DET,3380510,3377915,2024-12,HS6,271019
WI,4710,PORTUGAL,DET,16003,16003,2024-12,HS6,271019
-,7770,DJIBOUTI,DET,24493,0,2024-12,HS6,271019
CA,7770,DJIBOUTI,DET,12852,0,2024-12,HS6,271019
KS,7770,DJIBOUTI,DET,3841,0,2024-12,HS6,271019
OK,7770,DJIBOUTI,DET,2640,0,2024-12,HS6,271019
TX,7770,DJIBOUTI,DET,5160,0,2024-12,HS6,271019
-,6223,SOLOMON ISLANDS,DET,23777,23777,2024-12,HS6,271019
PA,6223,SOLOMON ISLANDS,DET,23777,23777,2024-12,HS6,271019
-,6414,FRENCH POLYNESIA,DET,363264,363264,2024-12,HS6,271019
CA,6414,FRENCH POLYNESIA,DET,9370,9370,2024-12,HS6,271019
GA,6414,FRENCH POLYNESIA,DET,16748,16748,2024-12,HS6,271019
IL,6414,FRENCH POLYNESIA,DET,12864,12864,2024-12,HS6,271019
IN,6414,FRENCH POLYNESIA,DET,97300,97300,2024-12,HS6,271019
TN,6414,FRENCH POLYNESIA,DET,158437,158437,2024-12,HS6,271019
WI,6414,FRENCH POLYNESIA,DET,68545,68545,2024-12,HS6,271019
-,5130,KUWAIT,DET,3439271,2992499,2024-12,HS6,271019
CA,5130,KUWAIT,DET,5669,0,2024-12,HS6,271019
FL,5130,KUWAIT,DET,66970,37933,2024-12,HS6,271019
GA,5130,KUWAIT,DET,27574,27574,2024-12,HS6,271019
IA,5130,KUWAIT,DET,680605,680605,2024-12,HS6,271019
IL,5130,KUWAIT,DET,252595,216820,2024-12,HS6,271019
LA,5130,KUWAIT,DET,1166145,1166145,2024-12,HS6,271019
MO,5130,KUWAIT,DET,2609,0,2024-12,HS6,271019
MS,5130,KUWAIT,DET,111854,111854,2024-12,HS6,271019
NC,5130,KUWAIT,DET,5739,0,2024-12,HS6,271019
NJ,5130,KUWAIT,DET,31151,31151,2024-12,HS6,271019
NV,5130,KUWAIT,DET,51840,51840,2024-12,HS6,271019
NY,5130,KUWAIT,DET,89076,78793,2024-12,HS6,271019
OH,5130,KUWAIT,DET,11448,11448,2024-12,HS6,271019
OK,5130,KUWAIT,DET,16330,16330,2024-12,HS6,271019
OR,5130,KUWAIT,DET,116937,0,2024-12,HS6,271019
PA,5130,KUWAIT,DET,59891,13458,2024-12,HS6,271019
TN,5130,KUWAIT,DET,141527,141527,2024-12,HS6,271019
TX,5130,KUWAIT,DET,255776,221643,2024-12,HS6,271019
VA,5130,KUWAIT,DET,160157,0,2024-12,HS6,271019
WI,5130,KUWAIT,DET,185378,185378,2024-12,HS6,271019
-,4635,KYRGYZSTAN,DET,2136165,2089599,2024-12,HS6,271019
NY,4635,KYRGYZSTAN,DET,1519075,1472509,2024-12,HS6,271019
OK,4635,KYRGYZSTAN,DET,388866,388866,2024-12,HS6,271019
TX,4635,KYRGYZSTAN,DET,194432,194432,2024-12,HS6,271019
WI,4635,KYRGYZSTAN,DET,33792,33792,2024-12,HS6,271019
-,7140,MOROCCO,DET,445758653,445638353,2024-12,HS6,271019
FL,7140,MOROCCO,DET,60824,0,2024-12,HS6,271019
IL,7140,MOROCCO,DET,46925,46925,2024-12,HS6,271019
KS,7140,MOROCCO,DET,104524,104524,2024-12,HS6,271019
LA,7140,MOROCCO,DET,352159907,352159907,2024-12,HS6,271019
MO,7140,MOROCCO,DET,37096,37096,2024-12,HS6,271019
MS,7140,MOROCCO,DET,14746514,14746514,2024-12,HS6,271019
NJ,7140,MOROCCO,DET,36638412,36632570,2024-12,HS6,271019
TX,7140,MOROCCO,DET,41943650,41890016,2024-12,HS6,271019
WI,7140,MOROCCO,DET,20801,20801,2024-12,HS6,271019
-,4279,FRANCE,DET,1510408076,1509700583,2024-12,HS6,271019
AL,4279,FRANCE,DET,28596824,28596824,2024-12,HS6,271019
CA,4279,FRANCE,DET,37509496,37493817,2024-12,HS6,271019
FL,4279,FRANCE,DET,66675,19882,2024-12,HS6,271019
GA,4279,FRANCE,DET,13764,10938,2024-12,HS6,271019
IL,4279,FRANCE,DET,92706,82919,2024-12,HS6,271019
IN,4279,FRANCE,DET,118370,118370,2024-12,HS6,271019
LA,4279,FRANCE,DET,712974428,712974428,2024-12,HS6,271019
MA,4279,FRANCE,DET,3471,0,2024-12,HS6,271019
MD,4279,FRANCE,DET,7000,0,2024-12,HS6,271019
MI,4279,FRANCE,DET,123205,0,2024-12,HS6,271019
MO,4279,FRANCE,DET,138519,132927,2024-12,HS6,271019
MS,4279,FRANCE,DET,33664775,33664775,2024-12,HS6,271019
NC,4279,FRANCE,DET,3154,0,2024-12,HS6,271019
NE,4279,FRANCE,DET,12251,0,2024-12,HS6,271019
NJ,4279,FRANCE,DET,239206364,239025737,2024-12,HS6,271019
NY,4279,FRANCE,DET,96261,44602,2024-12,HS6,271019
OH,4279,FRANCE,DET,246582,194246,2024-12,HS6,271019
PA,4279,FRANCE,DET,353061,353061,2024-12,HS6,271019
SC,4279,FRANCE,DET,10666,10666,2024-12,HS6,271019
TN,4279,FRANCE,DET,142250,0,2024-12,HS6,271019
TX,4279,FRANCE,DET,456971970,456921107,2024-12,HS6,271019
WI,4279,FRANCE,DET,56284,56284,2024-12,HS6,271019
-,4890,TURKEY,DET,70114948,69285376,2024-12,HS6,271019
CA,4890,TURKEY,DET,674029,229528,2024-12,HS6,271019
DC,4890,TURKEY,DET,47296,47296,2024-12,HS6,271019
FL,4890,TURKEY,DET,579368,558936,2024-12,HS6,271019
GA,4890,TURKEY,DET,250171,237323,2024-12,HS6,271019
IL,4890,TURKEY,DET,1565654,1475873,2024-12,HS6,271019
IN,4890,TURKEY,DET,49896,49896,2024-12,HS6,271019
KS,4890,TURKEY,DET,9993,9993,2024-12,HS6,271019
KY,4890,TURKEY,DET,78131,53967,2024-12,HS6,271019
LA,4890,TURKEY,DET,1410042,1410042,2024-12,HS6,271019
MD,4890,TURKEY,DET,74121,74121,2024-12,HS6,271019
MI,4890,TURKEY,DET,353119,353119,2024-12,HS6,271019
MN,4890,TURKEY,DET,19561,0,2024-12,HS6,271019
MO,4890,TURKEY,DET,118156,118156,2024-12,HS6,271019
MS,4890,TURKEY,DET,46599022,46599022,2024-12,HS6,271019
NJ,4890,TURKEY,DET,5566629,5555192,2024-12,HS6,271019
NY,4890,TURKEY,DET,884787,781156,2024-12,HS6,271019
OH,4890,TURKEY,DET,107140,104240,2024-12,HS6,271019
OR,4890,TURKEY,DET,13283,4364,2024-12,HS6,271019
PA,4890,TURKEY,DET,560552,555349,2024-12,HS6,271019
TN,4890,TURKEY,DET,43800,43800,2024-12,HS6,271019
TX,4890,TURKEY,DET,10828893,10804698,2024-12,HS6,271019
WA,4890,TURKEY,DET,62000,0,2024-12,HS6,271019
WI,4890,TURKEY,DET,205790,205790,2024-12,HS6,271019
WY,4890,TURKEY,DET,13515,13515,2024-12,HS6,271019
-,0014,PACIFIC RIM COUNTRIES,CGP,1532186133,1518306050,2024-12,HS6,271019
AK,0014,PACIFIC RIM COUNTRIES,CGP,6288,0,2024-12,HS6,271019
AL,0014,PACIFIC RIM COUNTRIES,CGP,4296535,3941835,2024-12,HS6,271019
AR,0014,PACIFIC RIM COUNTRIES,CGP,273625,270425,2024-12,HS6,271019
AZ,0014,PACIFIC RIM COUNTRIES,CGP,233433,208332,2024-12,HS6,271019
CA,0014,PACIFIC RIM COUNTRIES,CGP,609410104,607901962,2024-12,HS6,271019
CO,0014,PACIFIC RIM COUNTRIES,CGP,793457,471015,2024-12,HS6,271019
CT,0014,PACIFIC RIM COUNTRIES,CGP,137121,137121,2024-12,HS6,271019
DE,0014,PACIFIC RIM COUNTRIES,CGP,57118,57118,2024-12,HS6,271019
FL,0014,PACIFIC RIM COUNTRIES,CGP,5976097,5723370,2024-12,HS6,271019
GA,0014,PACIFIC RIM COUNTRIES,CGP,1653683,1619384,2024-12,HS6,271019
HI,0014,PACIFIC RIM COUNTRIES,CGP,592750,592750,2024-12,HS6,271019
IA,0014,PACIFIC RIM COUNTRIES,CGP,2466465,2466465,2024-12,HS6,271019
IL,0014,PACIFIC RIM COUNTRIES,CGP,6266004,5220636,2024-12,HS6,271019
IN,0014,PACIFIC RIM COUNTRIES,CGP,8606148,7823512,2024-12,HS6,271019
KS,0014,PACIFIC RIM COUNTRIES,CGP,1770003,1655455,2024-12,HS6,271019
KY,0014,PACIFIC RIM COUNTRIES,CGP,494436,415978,2024-12,HS6,271019
LA,0014,PACIFIC RIM COUNTRIES,CGP,115848557,115793622,2024-12,HS6,271019
MA,0014,PACIFIC RIM COUNTRIES,CGP,617624,309076,2024-12,HS6,271019
MD,0014,PACIFIC RIM COUNTRIES,CGP,2453786,2384782,2024-12,HS6,271019
MI,0014,PACIFIC RIM COUNTRIES,CGP,6746849,5264021,2024-12,HS6,271019
MN,0014,PACIFIC RIM COUNTRIES,CGP,1664205,1426579,2024-12,HS6,271019
MO,0014,PACIFIC RIM COUNTRIES,CGP,1651976,1561711,2024-12,HS6,271019
MS,0014,PACIFIC RIM COUNTRIES,CGP,43555475,43555475,2024-12,HS6,271019
MT,0014,PACIFIC RIM COUNTRIES,CGP,21219,21219,2024-12,HS6,271019
NC,0014,PACIFIC RIM COUNTRIES,CGP,4594321,4533883,2024-12,HS6,271019
ND,0014,PACIFIC RIM COUNTRIES,CGP,265160,265160,2024-12,HS6,271019
NE,0014,PACIFIC RIM COUNTRIES,CGP,65309,65309,2024-12,HS6,271019
NH,0014,PACIFIC RIM COUNTRIES,CGP,97275,94275,2024-12,HS6,271019
NJ,0014,PACIFIC RIM COUNTRIES,CGP,31014418,30460672,2024-12,HS6,271019
NV,0014,PACIFIC RIM COUNTRIES,CGP,310455,245530,2024-12,HS6,271019
NY,0014,PACIFIC RIM COUNTRIES,CGP,5684528,4709723,2024-12,HS6,271019
OH,0014,PACIFIC RIM COUNTRIES,CGP,3674915,3498978,2024-12,HS6,271019
OK,0014,PACIFIC RIM COUNTRIES,CGP,422891,385485,2024-12,HS6,271019
OR,0014,PACIFIC RIM COUNTRIES,CGP,51679,11000,2024-12,HS6,271019
PA,0014,PACIFIC RIM COUNTRIES,CGP,20328084,19677277,2024-12,HS6,271019
SC,0014,PACIFIC RIM COUNTRIES,CGP,1864113,1800822,2024-12,HS6,271019
SD,0014,PACIFIC RIM COUNTRIES,CGP,703143,678612,2024-12,HS6,271019
TN,0014,PACIFIC RIM COUNTRIES,CGP,5714260,4826032,2024-12,HS6,271019
TX,0014,PACIFIC RIM COUNTRIES,CGP,529679283,527123459,2024-12,HS6,271019
UT,0014,PACIFIC RIM COUNTRIES,CGP,20792,0,2024-12,HS6,271019
VA,0014,PACIFIC RIM COUNTRIES,CGP,286346,240572,2024-12,HS6,271019
VI,0014,PACIFIC RIM COUNTRIES,CGP,5983481,5983481,2024-12,HS6,271019
WA,0014,PACIFIC RIM COUNTRIES,CGP,98645979,98284805,2024-12,HS6,271019
WI,0014,PACIFIC RIM COUNTRIES,CGP,6957855,6370244,2024-12,HS6,271019
WV,0014,PACIFIC RIM COUNTRIES,CGP,228888,228888,2024-12,HS6,271019
-,2080,BELIZE,DET,84974876,84968143,2024-12,HS6,271019
CA,2080,BELIZE,DET,3212,3212,2024-12,HS6,271019
FL,2080,BELIZE,DET,1494092,1487359,2024-12,HS6,271019
GA,2080,BELIZE,DET,19187,19187,2024-12,HS6,271019
IA,2080,BELIZE,DET,134322,134322,2024-12,HS6,271019
IL,2080,BELIZE,DET,96910,96910,2024-12,HS6,271019
KY,2080,BELIZE,DET,1095433,1095433,2024-12,HS6,271019
LA,2080,BELIZE,DET,3529813,3529813,2024-12,HS6,271019
MI,2080,BELIZE,DET,45718,45718,2024-12,HS6,271019
MO,2080,BELIZE,DET,9764,9764,2024-12,HS6,271019
TN,2080,BELIZE,DET,7246,7246,2024-12,HS6,271019
TX,2080,BELIZE,DET,78535840,78535840,2024-12,HS6,271019
WI,2080,BELIZE,DET,3339,3339,2024-12,HS6,271019
-,2320,BERMUDA,DET,29815976,29815976,2024-12,HS6,271019
CA,2320,BERMUDA,DET,10877,10877,2024-12,HS6,271019
FL,2320,BERMUDA,DET,1828045,1828045,2024-12,HS6,271019
LA,2320,BERMUDA,DET,10048,10048,2024-12,HS6,271019
NJ,2320,BERMUDA,DET,3986585,3986585,2024-12,HS6,271019
PA,2320,BERMUDA,DET,50623,50623,2024-12,HS6,271019
TX,2320,BERMUDA,DET,481268,481268,2024-12,HS6,271019
VI,2320,BERMUDA,DET,23437378,23437378,2024-12,HS6,271019
WI,2320,BERMUDA,DET,11152,11152,2024-12,HS6,271019
-,7480,COTE D'IVOIRE,DET,1212617,1200540,2024-12,HS6,271019
CA,7480,COTE D'IVOIRE,DET,2537,0,2024-12,HS6,271019
KS,7480,COTE D'IVOIRE,DET,10990,10990,2024-12,HS6,271019
OK,7480,COTE D'IVOIRE,DET,2667,0,2024-12,HS6,271019
PA,7480,COTE D'IVOIRE,DET,22751,22751,2024-12,HS6,271019
TX,7480,COTE D'IVOIRE,DET,1173672,1166799,2024-12,HS6,271019
-,2050,GUATEMALA,DET,1679598774,1679412311,2024-12,HS6,271019
AL,2050,GUATEMALA,DET,235706,235706,2024-12,HS6,271019
AR,2050,GUATEMALA,DET,1542702,1542702,2024-12,HS6,271019
CA,2050,GUATEMALA,DET,10948802,10948802,2024-12,HS6,271019
DE,2050,GUATEMALA,DET,66736,66736,2024-12,HS6,271019
FL,2050,GUATEMALA,DET,2819244,2734161,2024-12,HS6,271019
GA,2050,GUATEMALA,DET,2067331,2064342,2024-12,HS6,271019
IA,2050,GUATEMALA,DET,343555,343555,2024-12,HS6,271019
IL,2050,GUATEMALA,DET,2175719,2153531,2024-12,HS6,271019
IN,2050,GUATEMALA,DET,2140846,2080507,2024-12,HS6,271019
KS,2050,GUATEMALA,DET,12379,12379,2024-12,HS6,271019
KY,2050,GUATEMALA,DET,6998661,6998661,2024-12,HS6,271019
LA,2050,GUATEMALA,DET,806906333,806906333,2024-12,HS6,271019
MI,2050,GUATEMALA,DET,115870,115870,2024-12,HS6,271019
MN,2050,GUATEMALA,DET,3010,3010,2024-12,HS6,271019
MO,2050,GUATEMALA,DET,6777,6777,2024-12,HS6,271019
MS,2050,GUATEMALA,DET,322213526,322213526,2024-12,HS6,271019
NC,2050,GUATEMALA,DET,37261,37261,2024-12,HS6,271019
ND,2050,GUATEMALA,DET,2766,2766,2024-12,HS6,271019
NH,2050,GUATEMALA,DET,84326,79452,2024-12,HS6,271019
NJ,2050,GUATEMALA,DET,1091502,1091502,2024-12,HS6,271019
NY,2050,GUATEMALA,DET,46318,46318,2024-12,HS6,271019
OH,2050,GUATEMALA,DET,2457013,2457013,2024-12,HS6,271019
OK,2050,GUATEMALA,DET,16831,16831,2024-12,HS6,271019
OR,2050,GUATEMALA,DET,7770,7770,2024-12,HS6,271019
PA,2050,GUATEMALA,DET,403351,403351,2024-12,HS6,271019
PR,2050,GUATEMALA,DET,925608,925608,2024-12,HS6,271019
SC,2050,GUATEMALA,DET,7448,7448,2024-12,HS6,271019
TN,2050,GUATEMALA,DET,42986,42986,2024-12,HS6,271019
TX,2050,GUATEMALA,DET,493299397,493288407,2024-12,HS6,271019
VI,2050,GUATEMALA,DET,22073867,22073867,2024-12,HS6,271019
WA,2050,GUATEMALA,DET,176045,176045,2024-12,HS6,271019
WI,2050,GUATEMALA,DET,329088,329088,2024-12,HS6,271019
-,0023,NATO,CGP,19423906184,16941795313,2024-12,HS6,271019
AK,0023,NATO,CGP,72440669,0,2024-12,HS6,271019
AL,0023,NATO,CGP,106016349,103862437,2024-12,HS6,271019
AR,0023,NATO,CGP,4803227,21321,2024-12,HS6,271019
AZ,0023,NATO,CGP,1081611,6171,2024-12,HS6,271019
CA,0023,NATO,CGP,309841540,288447740,2024-12,HS6,271019
CO,0023,NATO,CGP,1461281,15277,2024-12,HS6,271019
CT,0023,NATO,CGP,619816,370856,2024-12,HS6,271019
DC,0023,NATO,CGP,47296,47296,2024-12,HS6,271019
DE,0023,NATO,CGP,73737541,73650619,2024-12,HS6,271019
FL,0023,NATO,CGP,8540652,5981675,2024-12,HS6,271019
GA,0023,NATO,CGP,24321838,1986607,2024-12,HS6,271019
IA,0023,NATO,CGP,48154411,241118,2024-12,HS6,271019
ID,0023,NATO,CGP,1601857,0,2024-12,HS6,271019
IL,0023,NATO,CGP,210090754,8292778,2024-12,HS6,271019
IN,0023,NATO,CGP,72201185,8689520,2024-12,HS6,271019
KS,0023,NATO,CGP,18384990,9686313,2024-12,HS6,271019
KY,0023,NATO,CGP,23963342,481540,2024-12,HS6,271019
LA,0023,NATO,CGP,7820343543,7398686755,2024-12,HS6,271019
MA,0023,NATO,CGP,1647965,425444,2024-12,HS6,271019
MD,0023,NATO,CGP,350752,74121,2024-12,HS6,271019
ME,0023,NATO,CGP,476818,0,2024-12,HS6,271019
MI,0023,NATO,CGP,146524108,4327876,2024-12,HS6,271019
MN,0023,NATO,CGP,30080074,2798473,2024-12,HS6,271019
MO,0023,NATO,CGP,6501486,690083,2024-12,HS6,271019
MS,0023,NATO,CGP,704330177,670475677,2024-12,HS6,271019
MT,0023,NATO,CGP,15008971,0,2024-12,HS6,271019
NC,0023,NATO,CGP,3800553,1124978,2024-12,HS6,271019
ND,0023,NATO,CGP,514551,7873,2024-12,HS6,271019
NE,0023,NATO,CGP,20508664,0,2024-12,HS6,271019
NH,0023,NATO,CGP,2280717,57600,2024-12,HS6,271019
NJ,0023,NATO,CGP,1533627115,1211184971,2024-12,HS6,271019
NM,0023,NATO,CGP,4609597,0,2024-12,HS6,271019
NV,0023,NATO,CGP,48666,2974,2024-12,HS6,271019
NY,0023,NATO,CGP,162294464,137423690,2024-12,HS6,271019
OH,0023,NATO,CGP,59714835,6748321,2024-12,HS6,271019
OK,0023,NATO,CGP,52720722,278891,2024-12,HS6,271019
OR,0023,NATO,CGP,85891628,6431216,2024-12,HS6,271019
PA,0023,NATO,CGP,155568129,45994662,2024-12,HS6,271019
PR,0023,NATO,CGP,3980,0,2024-12,HS6,271019
RI,0023,NATO,CGP,373707,72088,2024-12,HS6,271019
SC,0023,NATO,CGP,1074539,536758,2024-12,HS6,271019
SD,0023,NATO,CGP,13760,0,2024-12,HS6,271019
TN,0023,NATO,CGP,10857410,4216962,2024-12,HS6,271019
TX,0023,NATO,CGP,7003096335,6727520203,2024-12,HS6,271019
UT,0023,NATO,CGP,8243746,19840,2024-12,HS6,271019
VA,0023,NATO,CGP,1745888,371252,2024-12,HS6,271019
VI,0023,NATO,CGP,61300243,61300243,2024-12,HS6,271019
VT,0023,NATO,CGP,2630,0,2024-12,HS6,271019
WA,0023,NATO,CGP,370828312,156982668,2024-12,HS6,271019
WI,0023,NATO,CGP,16832307,1883421,2024-12,HS6,271019
WV,0023,NATO,CGP,29032324,363490,2024-12,HS6,271019
WY,0023,NATO,CGP,77541492,13515,2024-12,HS6,271019
XX,0023,NATO,CGP,58807617,0,2024-12,HS6,271019
-,2110,EL SALVADOR,DET,735246346,735032990,2024-12,HS6,271019
AL,2110,EL SALVADOR,DET,72787,72787,2024-12,HS6,271019
CA,2110,EL SALVADOR,DET,97799796,97799796,2024-12,HS6,271019
FL,2110,EL SALVADOR,DET,2867712,2712274,2024-12,HS6,271019
GA,2110,EL SALVADOR,DET,98972,87383,2024-12,HS6,271019
IA,2110,EL SALVADOR,DET,94643,94643,2024-12,HS6,271019
IL,2110,EL SALVADOR,DET,2664211,2664211,2024-12,HS6,271019
IN,2110,EL SALVADOR,DET,491006,452117,2024-12,HS6,271019
KS,2110,EL SALVADOR,DET,119834,119834,2024-12,HS6,271019
KY,2110,EL SALVADOR,DET,11808098,11808098,2024-12,HS6,271019
LA,2110,EL SALVADOR,DET,433483800,433483800,2024-12,HS6,271019
MI,2110,EL SALVADOR,DET,24007,24007,2024-12,HS6,271019
MO,2110,EL SALVADOR,DET,3570,3570,2024-12,HS6,271019
MS,2110,EL SALVADOR,DET,62895701,62895701,2024-12,HS6,271019
NC,2110,EL SALVADOR,DET,102398,102398,2024-12,HS6,271019
NH,2110,EL SALVADOR,DET,5984,5984,2024-12,HS6,271019
NJ,2110,EL SALVADOR,DET,261483,261483,2024-12,HS6,271019
NY,2110,EL SALVADOR,DET,52932,52932,2024-12,HS6,271019
OH,2110,EL SALVADOR,DET,4469716,4462276,2024-12,HS6,271019
PA,2110,EL SALVADOR,DET,182369,182369,2024-12,HS6,271019
PR,2110,EL SALVADOR,DET,595844,595844,2024-12,HS6,271019
SC,2110,EL SALVADOR,DET,24430,24430,2024-12,HS6,271019
TN,2110,EL SALVADOR,DET,19959,19959,2024-12,HS6,271019
TX,2110,EL SALVADOR,DET,117107094,117107094,2024-12,HS6,271019
-,4840,GREECE,DET,1784150,1661530,2024-12,HS6,271019
CA,4840,GREECE,DET,5000,5000,2024-12,HS6,271019
CT,4840,GREECE,DET,71315,71315,2024-12,HS6,271019
FL,4840,GREECE,DET,55089,16493,2024-12,HS6,271019
GA,4840,GREECE,DET,346255,343222,2024-12,HS6,271019
IA,4840,GREECE,DET,119093,119093,2024-12,HS6,271019
IL,4840,GREECE,DET,32962,32962,2024-12,HS6,271019
KS,4840,GREECE,DET,7235,0,2024-12,HS6,271019
MO,4840,GREECE,DET,103156,103156,2024-12,HS6,271019
NY,4840,GREECE,DET,43529,0,2024-12,HS6,271019
OH,4840,GREECE,DET,3122,0,2024-12,HS6,271019
OR,4840,GREECE,DET,37412,37412,2024-12,HS6,271019
TN,4840,GREECE,DET,226920,226920,2024-12,HS6,271019
TX,4840,GREECE,DET,707022,691249,2024-12,HS6,271019
VA,4840,GREECE,DET,7125,0,2024-12,HS6,271019
WI,4840,GREECE,DET,18915,14708,2024-12,HS6,271019
-,4720,GIBRALTAR,DET,359742790,359742790,2024-12,HS6,271019
DE,4720,GIBRALTAR,DET,72178530,72178530,2024-12,HS6,271019
LA,4720,GIBRALTAR,DET,96499157,96499157,2024-12,HS6,271019
NJ,4720,GIBRALTAR,DET,49245823,49245823,2024-12,HS6,271019
TX,4720,GIBRALTAR,DET,141819280,141819280,2024-12,HS6,271019
-,-,TOTAL FOR ALL COUNTRIES,DET,68606659277,59049279021,2024-12,HS6,271019
AK,-,TOTAL FOR ALL COUNTRIES,DET,72572567,108477,2024-12,HS6,271019
AL,-,TOTAL FOR ALL COUNTRIES,DET,329249136,312628064,2024-12,HS6,271019
AR,-,TOTAL FOR ALL COUNTRIES,DET,80216237,5829772,2024-12,HS6,271019
AZ,-,TOTAL FOR ALL COUNTRIES,DET,204937227,360607,2024-12,HS6,271019
CA,-,TOTAL FOR ALL COUNTRIES,DET,3350480202,3252777715,2024-12,HS6,271019
CO,-,TOTAL FOR ALL COUNTRIES,DET,2537341,552042,2024-12,HS6,271019
CT,-,TOTAL FOR ALL COUNTRIES,DET,1468971,672879,2024-12,HS6,271019
DC,-,TOTAL FOR ALL COUNTRIES,DET,409598,397566,2024-12,HS6,271019
DE,-,TOTAL FOR ALL COUNTRIES,DET,181780991,179851275,2024-12,HS6,271019
FL,-,TOTAL FOR ALL COUNTRIES,DET,186599849,177032653,2024-12,HS6,271019
GA,-,TOTAL FOR ALL COUNTRIES,DET,73827117,50442952,2024-12,HS6,271019
HI,-,TOTAL FOR ALL COUNTRIES,DET,15226952,15226952,2024-12,HS6,271019
IA,-,TOTAL FOR ALL COUNTRIES,DET,57255524,8875523,2024-12,HS6,271019
ID,-,TOTAL FOR ALL COUNTRIES,DET,3030220,2814,2024-12,HS6,271019
IL,-,TOTAL FOR ALL COUNTRIES,DET,302811340,55561126,2024-12,HS6,271019
IN,-,TOTAL FOR ALL COUNTRIES,DET,138543261,41445652,2024-12,HS6,271019
KS,-,TOTAL FOR ALL COUNTRIES,DET,44450324,14225285,2024-12,HS6,271019
KY,-,TOTAL FOR ALL COUNTRIES,DET,100867639,63443403,2024-12,HS6,271019
LA,-,TOTAL FOR ALL COUNTRIES,DET,17950428697,17310797130,2024-12,HS6,271019
MA,-,TOTAL FOR ALL COUNTRIES,DET,4602583,1620385,2024-12,HS6,271019
MD,-,TOTAL FOR ALL COUNTRIES,DET,3256728,2823693,2024-12,HS6,271019
ME,-,TOTAL FOR ALL COUNTRIES,DET,476818,0,2024-12,HS6,271019
MI,-,TOTAL FOR ALL COUNTRIES,DET,197809923,28692658,2024-12,HS6,271019
MN,-,TOTAL FOR ALL COUNTRIES,DET,33749346,5212296,2024-12,HS6,271019
MO,-,TOTAL FOR ALL COUNTRIES,DET,10734387,3534383,2024-12,HS6,271019
MS,-,TOTAL FOR ALL COUNTRIES,DET,3151790510,3052431449,2024-12,HS6,271019
MT,-,TOTAL FOR ALL COUNTRIES,DET,15034282,21219,2024-12,HS6,271019
NC,-,TOTAL FOR ALL COUNTRIES,DET,15891806,12082998,2024-12,HS6,271019
ND,-,TOTAL FOR ALL COUNTRIES,DET,1297183,776835,2024-12,HS6,271019
NE,-,TOTAL FOR ALL COUNTRIES,DET,20885877,142394,2024-12,HS6,271019
NH,-,TOTAL FOR ALL COUNTRIES,DET,2769882,462851,2024-12,HS6,271019
NJ,-,TOTAL FOR ALL COUNTRIES,DET,1939235130,1592971878,2024-12,HS6,271019
NM,-,TOTAL FOR ALL COUNTRIES,DET,9657751,0,2024-12,HS6,271019
NV,-,TOTAL FOR ALL COUNTRIES,DET,1986146,416465,2024-12,HS6,271019
NY,-,TOTAL FOR ALL COUNTRIES,DET,450054795,406547599,2024-12,HS6,271019
OH,-,TOTAL FOR ALL COUNTRIES,DET,92875636,30611273,2024-12,HS6,271019
OK,-,TOTAL FOR ALL COUNTRIES,DET,73471656,2161335,2024-12,HS6,271019
OR,-,TOTAL FOR ALL COUNTRIES,DET,86208955,6488324,2024-12,HS6,271019
PA,-,TOTAL FOR ALL COUNTRIES,DET,208315805,87482084,2024-12,HS6,271019
PR,-,TOTAL FOR ALL COUNTRIES,DET,101410031,101395211,2024-12,HS6,271019
RI,-,TOTAL FOR ALL COUNTRIES,DET,443332,141713,2024-12,HS6,271019
SC,-,TOTAL FOR ALL COUNTRIES,DET,17831061,16478424,2024-12,HS6,271019
SD,-,TOTAL FOR ALL COUNTRIES,DET,794284,708308,2024-12,HS6,271019
TN,-,TOTAL FOR ALL COUNTRIES,DET,75745109,24104113,2024-12,HS6,271019
TX,-,TOTAL FOR ALL COUNTRIES,DET,34705365283,28332606655,2024-12,HS6,271019
UT,-,TOTAL FOR ALL COUNTRIES,DET,8618965,31590,2024-12,HS6,271019
VA,-,TOTAL FOR ALL COUNTRIES,DET,6512692,4287934,2024-12,HS6,271019
VI,-,TOTAL FOR ALL COUNTRIES,DET,1308099362,1308099362,2024-12,HS6,271019
VT,-,TOTAL FOR ALL COUNTRIES,DET,2630,0,2024-12,HS6,271019
WA,-,TOTAL FOR ALL COUNTRIES,DET,2723193188,2500269725,2024-12,HS6,271019
WI,-,TOTAL FOR ALL COUNTRIES,DET,40861744,21362149,2024-12,HS6,271019
WV,-,TOTAL FOR ALL COUNTRIES,DET,64630494,15064715,2024-12,HS6,271019
WY,-,TOTAL FOR ALL COUNTRIES,DET,77545093,17116,2024-12,HS6,271019
XX,-,TOTAL FOR ALL COUNTRIES,DET,58807617,0,2024-12,HS6,271019
-,4490,LATVIA,DET,35109078,35078552,2024-12,HS6,271019
FL,4490,LATVIA,DET,139139,139139,2024-12,HS6,271019
IL,4490,LATVIA,DET,153805,153805,2024-12,HS6,271019
LA,4490,LATVIA,DET,34185576,34185576,2024-12,HS6,271019
NY,4490,LATVIA,DET,117493,117493,2024-12,HS6,271019
TX,4490,LATVIA,DET,513065,482539,2024-12,HS6,271019
-,7600,BURKINA FASO,DET,79469,42851,2024-12,HS6,271019
NY,7600,BURKINA FASO,DET,25000,25000,2024-12,HS6,271019
OR,7600,BURKINA FASO,DET,36618,0,2024-12,HS6,271019
TX,7600,BURKINA FASO,DET,17851,17851,2024-12,HS6,271019
-,4792,SLOVENIA,DET,30065877,30045495,2024-12,HS6,271019
MA,4792,SLOVENIA,DET,117371,117371,2024-12,HS6,271019
PA,4792,SLOVENIA,DET,3297,0,2024-12,HS6,271019
TX,4792,SLOVENIA,DET,29928124,29928124,2024-12,HS6,271019
VA,4792,SLOVENIA,DET,17085,0,2024-12,HS6,271019
-,5880,JAPAN,DET,37502324,34504552,2024-12,HS6,271019
AL,5880,JAPAN,DET,2678,0,2024-12,HS6,271019
CA,5880,JAPAN,DET,6086416,5765687,2024-12,HS6,271019
CO,5880,JAPAN,DET,158893,0,2024-12,HS6,271019
CT,5880,JAPAN,DET,63612,63612,2024-12,HS6,271019
FL,5880,JAPAN,DET,1349612,1321874,2024-12,HS6,271019
GA,5880,JAPAN,DET,776728,776728,2024-12,HS6,271019
IL,5880,JAPAN,DET,1249713,717170,2024-12,HS6,271019
IN,5880,JAPAN,DET,1255240,842795,2024-12,HS6,271019
KS,5880,JAPAN,DET,125105,110941,2024-12,HS6,271019
KY,5880,JAPAN,DET,5883,0,2024-12,HS6,271019
LA,5880,JAPAN,DET,173799,173799,2024-12,HS6,271019
MA,5880,JAPAN,DET,217807,26836,2024-12,HS6,271019
MD,5880,JAPAN,DET,2872,0,2024-12,HS6,271019
MI,5880,JAPAN,DET,666028,367569,2024-12,HS6,271019
MN,5880,JAPAN,DET,443177,400701,2024-12,HS6,271019
MO,5880,JAPAN,DET,38752,35015,2024-12,HS6,271019
MS,5880,JAPAN,DET,9551572,9551572,2024-12,HS6,271019
MT,5880,JAPAN,DET,5112,5112,2024-12,HS6,271019
NC,5880,JAPAN,DET,32663,32663,2024-12,HS6,271019
ND,5880,JAPAN,DET,10494,10494,2024-12,HS6,271019
NJ,5880,JAPAN,DET,978125,908907,2024-12,HS6,271019
NY,5880,JAPAN,DET,667056,601735,2024-12,HS6,271019
OH,5880,JAPAN,DET,106234,95876,2024-12,HS6,271019
OK,5880,JAPAN,DET,4407,4407,2024-12,HS6,271019
OR,5880,JAPAN,DET,37781,0,2024-12,HS6,271019
PA,5880,JAPAN,DET,9349837,8912623,2024-12,HS6,271019
SC,5880,JAPAN,DET,75761,75761,2024-12,HS6,271019
SD,5880,JAPAN,DET,20354,20354,2024-12,HS6,271019
TN,5880,JAPAN,DET,441670,233554,2024-12,HS6,271019
TX,5880,JAPAN,DET,3561581,3436221,2024-12,HS6,271019
VA,5880,JAPAN,DET,14192,0,2024-12,HS6,271019
WI,5880,JAPAN,DET,29170,12546,2024-12,HS6,271019
-,5081,ISRAEL,DET,239674261,238037891,2024-12,HS6,271019
CA,5081,ISRAEL,DET,277880,188558,2024-12,HS6,271019
FL,5081,ISRAEL,DET,323377,318097,2024-12,HS6,271019
GA,5081,ISRAEL,DET,50175,50175,2024-12,HS6,271019
IL,5081,ISRAEL,DET,854329,808881,2024-12,HS6,271019
IN,5081,ISRAEL,DET,12720,12720,2024-12,HS6,271019
KS,5081,ISRAEL,DET,35686,35686,2024-12,HS6,271019
KY,5081,ISRAEL,DET,95576,95576,2024-12,HS6,271019
LA,5081,ISRAEL,DET,701885,701885,2024-12,HS6,271019
MA,5081,ISRAEL,DET,56208,6967,2024-12,HS6,271019
MD,5081,ISRAEL,DET,43534,43534,2024-12,HS6,271019
MI,5081,ISRAEL,DET,431406,398010,2024-12,HS6,271019
MN,5081,ISRAEL,DET,49939,49939,2024-12,HS6,271019
MO,5081,ISRAEL,DET,85267,85267,2024-12,HS6,271019
NH,5081,ISRAEL,DET,3949,0,2024-12,HS6,271019
NJ,5081,ISRAEL,DET,136186,76063,2024-12,HS6,271019
NY,5081,ISRAEL,DET,232437753,231199504,2024-12,HS6,271019
OH,5081,ISRAEL,DET,27350,27350,2024-12,HS6,271019
OK,5081,ISRAEL,DET,124724,119750,2024-12,HS6,271019
PA,5081,ISRAEL,DET,855592,855592,2024-12,HS6,271019
PR,5081,ISRAEL,DET,56595,56595,2024-12,HS6,271019
SC,5081,ISRAEL,DET,401041,395281,2024-12,HS6,271019
TN,5081,ISRAEL,DET,2700,2700,2024-12,HS6,271019
TX,5081,ISRAEL,DET,2522647,2422019,2024-12,HS6,271019
WI,5081,ISRAEL,DET,87742,87742,2024-12,HS6,271019
-,2450,HAITI,DET,236407226,236400136,2024-12,HS6,271019
CA,2450,HAITI,DET,82427,82427,2024-12,HS6,271019
FL,2450,HAITI,DET,1213031,1209647,2024-12,HS6,271019
IA,2450,HAITI,DET,42576,42576,2024-12,HS6,271019
KY,2450,HAITI,DET,3107402,3107402,2024-12,HS6,271019
LA,2450,HAITI,DET,3508384,3508384,2024-12,HS6,271019
OH,2450,HAITI,DET,3410,3410,2024-12,HS6,271019
SC,2450,HAITI,DET,3706,0,2024-12,HS6,271019
TN,2450,HAITI,DET,10201,10201,2024-12,HS6,271019
TX,2450,HAITI,DET,73163521,73163521,2024-12,HS6,271019
VI,2450,HAITI,DET,155272568,155272568,2024-12,HS6,271019
-,7749,ETHIOPIA,DET,676034,191568,2024-12,HS6,271019
FL,7749,ETHIOPIA,DET,9561,0,2024-12,HS6,271019
GA,7749,ETHIOPIA,DET,71999,71999,2024-12,HS6,271019
NJ,7749,ETHIOPIA,DET,464432,0,2024-12,HS6,271019
TX,7749,ETHIOPIA,DET,130042,119569,2024-12,HS6,271019
-,4791,CROATIA,DET,154466,154466,2024-12,HS6,271019
IL,4791,CROATIA,DET,27054,27054,2024-12,HS6,271019
NY,4791,CROATIA,DET,18900,18900,2024-12,HS6,271019
SC,4791,CROATIA,DET,70154,70154,2024-12,HS6,271019
TN,4791,CROATIA,DET,38358,38358,2024-12,HS6,271019
-,5590,SINGAPORE,DET,948396938,947290781,2024-12,HS6,271019
AK,5590,SINGAPORE,DET,6288,0,2024-12,HS6,271019
AL,5590,SINGAPORE,DET,2585,2585,2024-12,HS6,271019
AR,5590,SINGAPORE,DET,3255,3255,2024-12,HS6,271019
CA,5590,SINGAPORE,DET,564265543,564153303,2024-12,HS6,271019
CO,5590,SINGAPORE,DET,15160,0,2024-12,HS6,271019
FL,5590,SINGAPORE,DET,204944,141357,2024-12,HS6,271019
GA,5590,SINGAPORE,DET,112580,112580,2024-12,HS6,271019
IA,5590,SINGAPORE,DET,134686,134686,2024-12,HS6,271019
IL,5590,SINGAPORE,DET,43681,34713,2024-12,HS6,271019
IN,5590,SINGAPORE,DET,62377,23863,2024-12,HS6,271019
KS,5590,SINGAPORE,DET,7285,4752,2024-12,HS6,271019
KY,5590,SINGAPORE,DET,87449,87449,2024-12,HS6,271019
LA,5590,SINGAPORE,DET,43236693,43236693,2024-12,HS6,271019
MA,5590,SINGAPORE,DET,3380,3380,2024-12,HS6,271019
MD,5590,SINGAPORE,DET,20954,9229,2024-12,HS6,271019
MI,5590,SINGAPORE,DET,2051143,1975709,2024-12,HS6,271019
MN,5590,SINGAPORE,DET,5706,0,2024-12,HS6,271019
MO,5590,SINGAPORE,DET,7776,7776,2024-12,HS6,271019
MS,5590,SINGAPORE,DET,19293421,19293421,2024-12,HS6,271019
NC,5590,SINGAPORE,DET,1847799,1822016,2024-12,HS6,271019
NH,5590,SINGAPORE,DET,40195,37195,2024-12,HS6,271019
NJ,5590,SINGAPORE,DET,26406849,26397697,2024-12,HS6,271019
NV,5590,SINGAPORE,DET,67574,12616,2024-12,HS6,271019
NY,5590,SINGAPORE,DET,39489,22455,2024-12,HS6,271019
OH,5590,SINGAPORE,DET,142469,139811,2024-12,HS6,271019
OK,5590,SINGAPORE,DET,50497,37880,2024-12,HS6,271019
PA,5590,SINGAPORE,DET,539171,526373,2024-12,HS6,271019
SC,5590,SINGAPORE,DET,63737,53761,2024-12,HS6,271019
TN,5590,SINGAPORE,DET,30235,0,2024-12,HS6,271019
TX,5590,SINGAPORE,DET,209337496,209114496,2024-12,HS6,271019
VA,5590,SINGAPORE,DET,9791,0,2024-12,HS6,271019
VI,5590,SINGAPORE,DET,5983481,5983481,2024-12,HS6,271019
WA,5590,SINGAPORE,DET,73039214,72684214,2024-12,HS6,271019
WI,5590,SINGAPORE,DET,1234035,1234035,2024-12,HS6,271019
-,2483,ST KITTS AND NEVIS,DET,11290695,11290695,2024-12,HS6,271019
CA,2483,ST KITTS AND NEVIS,DET,20911,20911,2024-12,HS6,271019
FL,2483,ST KITTS AND NEVIS,DET,602025,602025,2024-12,HS6,271019
LA,2483,ST KITTS AND NEVIS,DET,197020,197020,2024-12,HS6,271019
PR,2483,ST KITTS AND NEVIS,DET,402386,402386,2024-12,HS6,271019
TX,2483,ST KITTS AND NEVIS,DET,169520,169520,2024-12,HS6,271019
VI,2483,ST KITTS AND NEVIS,DET,9898833,9898833,2024-12,HS6,271019
-,4359,SLOVAKIA,DET,3059,0,2024-12,HS6,271019
TX,4359,SLOVAKIA,DET,3059,0,2024-12,HS6,271019
-,4631,ARMENIA,DET,72728,72728,2024-12,HS6,271019
CA,4631,ARMENIA,DET,4898,4898,2024-12,HS6,271019
GA,4631,ARMENIA,DET,14943,14943,2024-12,HS6,271019
TX,4631,ARMENIA,DET,52887,52887,2024-12,HS6,271019
-,4910,CYPRUS,DET,1366626,1366626,2024-12,HS6,271019
FL,4910,CYPRUS,DET,20646,20646,2024-12,HS6,271019
TN,4910,CYPRUS,DET,3630,3630,2024-12,HS6,271019
TX,4910,CYPRUS,DET,1342350,1342350,2024-12,HS6,271019
-,5170,SAUDI ARABIA,DET,47129095,45661320,2024-12,HS6,271019
AL,5170,SAUDI ARABIA,DET,2958,0,2024-12,HS6,271019
AZ,5170,SAUDI ARABIA,DET,15000,0,2024-12,HS6,271019
CA,5170,SAUDI ARABIA,DET,101806,99257,2024-12,HS6,271019
DC,5170,SAUDI ARABIA,DET,15248,11532,2024-12,HS6,271019
DE,5170,SAUDI ARABIA,DET,4000,0,2024-12,HS6,271019
FL,5170,SAUDI ARABIA,DET,477296,468150,2024-12,HS6,271019
GA,5170,SAUDI ARABIA,DET,134041,106181,2024-12,HS6,271019
IA,5170,SAUDI ARABIA,DET,24218,24218,2024-12,HS6,271019
IL,5170,SAUDI ARABIA,DET,3718231,3641812,2024-12,HS6,271019
IN,5170,SAUDI ARABIA,DET,2830133,2830133,2024-12,HS6,271019
KS,5170,SAUDI ARABIA,DET,262953,250719,2024-12,HS6,271019
KY,5170,SAUDI ARABIA,DET,163893,26026,2024-12,HS6,271019
LA,5170,SAUDI ARABIA,DET,1954311,1937185,2024-12,HS6,271019
MA,5170,SAUDI ARABIA,DET,7602,0,2024-12,HS6,271019
MD,5170,SAUDI ARABIA,DET,25941,25941,2024-12,HS6,271019
MI,5170,SAUDI ARABIA,DET,124346,124346,2024-12,HS6,271019
MO,5170,SAUDI ARABIA,DET,146045,102103,2024-12,HS6,271019
MS,5170,SAUDI ARABIA,DET,828107,828107,2024-12,HS6,271019
NC,5170,SAUDI ARABIA,DET,219652,29860,2024-12,HS6,271019
NH,5170,SAUDI ARABIA,DET,80452,74016,2024-12,HS6,271019
NJ,5170,SAUDI ARABIA,DET,3384934,3376480,2024-12,HS6,271019
NY,5170,SAUDI ARABIA,DET,258772,250174,2024-12,HS6,271019
OH,5170,SAUDI ARABIA,DET,1665020,1554517,2024-12,HS6,271019
OK,5170,SAUDI ARABIA,DET,31945,8945,2024-12,HS6,271019
OR,5170,SAUDI ARABIA,DET,2979,0,2024-12,HS6,271019
PA,5170,SAUDI ARABIA,DET,1967900,1884583,2024-12,HS6,271019
TX,5170,SAUDI ARABIA,DET,28049623,27417926,2024-12,HS6,271019
VA,5170,SAUDI ARABIA,DET,246332,234303,2024-12,HS6,271019
WI,5170,SAUDI ARABIA,DET,385357,354806,2024-12,HS6,271019
-,4730,MALTA,DET,5515,5515,2024-12,HS6,271019
IL,4730,MALTA,DET,5515,5515,2024-12,HS6,271019
-,4231,BELGIUM,DET,2056717990,2055664067,2024-12,HS6,271019
AL,4231,BELGIUM,DET,140558,140558,2024-12,HS6,271019
AR,4231,BELGIUM,DET,4101,4101,2024-12,HS6,271019
CA,4231,BELGIUM,DET,155790167,155790167,2024-12,HS6,271019
FL,4231,BELGIUM,DET,89424,89424,2024-12,HS6,271019
IL,4231,BELGIUM,DET,38982,13509,2024-12,HS6,271019
IN,4231,BELGIUM,DET,16287,0,2024-12,HS6,271019
KY,4231,BELGIUM,DET,21922,21922,2024-12,HS6,271019
LA,4231,BELGIUM,DET,1058633910,1058633910,2024-12,HS6,271019
MI,4231,BELGIUM,DET,982496,923363,2024-12,HS6,271019
MN,4231,BELGIUM,DET,1074687,929419,2024-12,HS6,271019
MS,4231,BELGIUM,DET,260899971,260899971,2024-12,HS6,271019
NC,4231,BELGIUM,DET,484991,481666,2024-12,HS6,271019
NJ,4231,BELGIUM,DET,118855202,118855202,2024-12,HS6,271019
NY,4231,BELGIUM,DET,328085,42532,2024-12,HS6,271019
OH,4231,BELGIUM,DET,6240,0,2024-12,HS6,271019
OK,4231,BELGIUM,DET,20000,20000,2024-12,HS6,271019
PA,4231,BELGIUM,DET,1948925,1928878,2024-12,HS6,271019
SC,4231,BELGIUM,DET,55610,55610,2024-12,HS6,271019
TN,4231,BELGIUM,DET,3490265,3323477,2024-12,HS6,271019
TX,4231,BELGIUM,DET,423485451,423485451,2024-12,HS6,271019
VI,4231,BELGIUM,DET,28783845,28783845,2024-12,HS6,271019
WI,4231,BELGIUM,DET,1203381,877572,2024-12,HS6,271019
WV,4231,BELGIUM,DET,363490,363490,2024-12,HS6,271019
-,7510,NIGER,DET,32172,28128,2024-12,HS6,271019
CA,7510,NIGER,DET,4044,0,2024-12,HS6,271019
MI,7510,NIGER,DET,28128,28128,2024-12,HS6,271019
-,4XXX,EUROPE,CGP,15244190761,15231621993,2024-12,HS6,271019
AL,4XXX,EUROPE,CGP,63316116,63316116,2024-12,HS6,271019
AR,4XXX,EUROPE,CGP,21321,21321,2024-12,HS6,271019
AZ,4XXX,EUROPE,CGP,95875,6171,2024-12,HS6,271019
CA,4XXX,EUROPE,CGP,266916942,265786456,2024-12,HS6,271019
CO,4XXX,EUROPE,CGP,907011,15277,2024-12,HS6,271019
CT,4XXX,EUROPE,CGP,461716,370856,2024-12,HS6,271019
DC,4XXX,EUROPE,CGP,47296,47296,2024-12,HS6,271019
DE,4XXX,EUROPE,CGP,110627446,110623217,2024-12,HS6,271019
FL,4XXX,EUROPE,CGP,6332068,6091032,2024-12,HS6,271019
GA,4XXX,EUROPE,CGP,2361708,2278109,2024-12,HS6,271019
IA,4XXX,EUROPE,CGP,303490,241118,2024-12,HS6,271019
IL,4XXX,EUROPE,CGP,6161449,4635898,2024-12,HS6,271019
IN,4XXX,EUROPE,CGP,9410001,8692267,2024-12,HS6,271019
KS,4XXX,EUROPE,CGP,1267718,1145304,2024-12,HS6,271019
KY,4XXX,EUROPE,CGP,677057,481540,2024-12,HS6,271019
LA,4XXX,EUROPE,CGP,7253122776,7253051036,2024-12,HS6,271019
MA,4XXX,EUROPE,CGP,907188,429782,2024-12,HS6,271019
MD,4XXX,EUROPE,CGP,84095,74121,2024-12,HS6,271019
MI,4XXX,EUROPE,CGP,2040875,1488156,2024-12,HS6,271019
MN,4XXX,EUROPE,CGP,3378599,2941509,2024-12,HS6,271019
MO,4XXX,EUROPE,CGP,751329,725715,2024-12,HS6,271019
MS,4XXX,EUROPE,CGP,670528172,670475677,2024-12,HS6,271019
NC,4XXX,EUROPE,CGP,1207142,1124978,2024-12,HS6,271019
ND,4XXX,EUROPE,CGP,406133,406133,2024-12,HS6,271019
NE,4XXX,EUROPE,CGP,12251,0,2024-12,HS6,271019
NH,4XXX,EUROPE,CGP,60930,57600,2024-12,HS6,271019
NJ,4XXX,EUROPE,CGP,1217148529,1216525892,2024-12,HS6,271019
NV,4XXX,EUROPE,CGP,6414,2974,2024-12,HS6,271019
NY,4XXX,EUROPE,CGP,8538149,7477410,2024-12,HS6,271019
OH,4XXX,EUROPE,CGP,2910264,2466689,2024-12,HS6,271019
OK,4XXX,EUROPE,CGP,700976,667757,2024-12,HS6,271019
OR,4XXX,EUROPE,CGP,57038,41776,2024-12,HS6,271019
PA,4XXX,EUROPE,CGP,18964340,18063923,2024-12,HS6,271019
PR,4XXX,EUROPE,CGP,10416,6436,2024-12,HS6,271019
RI,4XXX,EUROPE,CGP,251220,72088,2024-12,HS6,271019
SC,4XXX,EUROPE,CGP,572760,536758,2024-12,HS6,271019
TN,4XXX,EUROPE,CGP,4716363,4220592,2024-12,HS6,271019
TX,4XXX,EUROPE,CGP,5490111784,5489030533,2024-12,HS6,271019
UT,4XXX,EUROPE,CGP,33910,19840,2024-12,HS6,271019
VA,4XXX,EUROPE,CGP,511561,371252,2024-12,HS6,271019
VI,4XXX,EUROPE,CGP,61300243,61300243,2024-12,HS6,271019
WA,4XXX,EUROPE,CGP,33089781,32968040,2024-12,HS6,271019
WI,4XXX,EUROPE,CGP,3483304,2946100,2024-12,HS6,271019
WV,4XXX,EUROPE,CGP,363490,363490,2024-12,HS6,271019
WY,4XXX,EUROPE,CGP,13515,13515,2024-12,HS6,271019
-,3530,PARAGUAY,DET,103595525,103573156,2024-12,HS6,271019
AR,3530,PARAGUAY,DET,1253902,1253902,2024-12,HS6,271019
CA,3530,PARAGUAY,DET,7451,3512,2024-12,HS6,271019
FL,3530,PARAGUAY,DET,1924958,1921480,2024-12,HS6,271019
GA,3530,PARAGUAY,DET,712339,712339,2024-12,HS6,271019
IL,3530,PARAGUAY,DET,1354151,1354151,2024-12,HS6,271019
IN,3530,PARAGUAY,DET,18880,18880,2024-12,HS6,271019
LA,3530,PARAGUAY,DET,24282984,24282984,2024-12,HS6,271019
MI,3530,PARAGUAY,DET,40453,37893,2024-12,HS6,271019
MS,3530,PARAGUAY,DET,1015253,1015253,2024-12,HS6,271019
NJ,3530,PARAGUAY,DET,283777,283777,2024-12,HS6,271019
NY,3530,PARAGUAY,DET,3059,3059,2024-12,HS6,271019
PA,3530,PARAGUAY,DET,41271,28879,2024-12,HS6,271019
TN,3530,PARAGUAY,DET,52073,52073,2024-12,HS6,271019
TX,3530,PARAGUAY,DET,72604974,72604974,2024-12,HS6,271019
-,4091,FAROE ISLANDS,DET,12724,12724,2024-12,HS6,271019
PA,4091,FAROE ISLANDS,DET,12724,12724,2024-12,HS6,271019
-,2010,MEXICO,DET,15551331150,8511203124,2024-12,HS6,271019
AK,2010,MEXICO,DET,17133,0,2024-12,HS6,271019
AL,2010,MEXICO,DET,51608441,37517672,2024-12,HS6,271019
AR,2010,MEXICO,DET,69592238,0,2024-12,HS6,271019
AZ,2010,MEXICO,DET,203446957,0,2024-12,HS6,271019
CA,2010,MEXICO,DET,628316688,554810136,2024-12,HS6,271019
CO,2010,MEXICO,DET,106525,0,2024-12,HS6,271019
CT,2010,MEXICO,DET,314859,0,2024-12,HS6,271019
DE,2010,MEXICO,DET,1817149,0,2024-12,HS6,271019
FL,2010,MEXICO,DET,2324096,0,2024-12,HS6,271019
GA,2010,MEXICO,DET,783030,0,2024-12,HS6,271019
IA,2010,MEXICO,DET,459889,0,2024-12,HS6,271019
ID,2010,MEXICO,DET,1425549,0,2024-12,HS6,271019
IL,2010,MEXICO,DET,50447390,6833609,2024-12,HS6,271019
IN,2010,MEXICO,DET,31542539,0,2024-12,HS6,271019
KS,2010,MEXICO,DET,21283636,0,2024-12,HS6,271019
KY,2010,MEXICO,DET,13501057,0,2024-12,HS6,271019
LA,2010,MEXICO,DET,1679774521,1462062386,2024-12,HS6,271019
MA,2010,MEXICO,DET,1289097,0,2024-12,HS6,271019
MD,2010,MEXICO,DET,66655,0,2024-12,HS6,271019
MI,2010,MEXICO,DET,24105271,0,2024-12,HS6,271019
MN,2010,MEXICO,DET,919613,0,2024-12,HS6,271019
MO,2010,MEXICO,DET,961956,0,2024-12,HS6,271019
MS,2010,MEXICO,DET,97865817,32414873,2024-12,HS6,271019
NC,2010,MEXICO,DET,898999,160943,2024-12,HS6,271019
ND,2010,MEXICO,DET,5300,0,2024-12,HS6,271019
NE,2010,MEXICO,DET,40277,0,2024-12,HS6,271019
NH,2010,MEXICO,DET,33126,0,2024-12,HS6,271019
NJ,2010,MEXICO,DET,22263825,0,2024-12,HS6,271019
NM,2010,MEXICO,DET,5048154,0,2024-12,HS6,271019
NV,2010,MEXICO,DET,1446446,0,2024-12,HS6,271019
NY,2010,MEXICO,DET,16033216,0,2024-12,HS6,271019
OH,2010,MEXICO,DET,8747023,0,2024-12,HS6,271019
OK,2010,MEXICO,DET,18760849,0,2024-12,HS6,271019
OR,2010,MEXICO,DET,2829,0,2024-12,HS6,271019
PA,2010,MEXICO,DET,10292391,0,2024-12,HS6,271019
PR,2010,MEXICO,DET,10840,0,2024-12,HS6,271019
SC,2010,MEXICO,DET,707685,0,2024-12,HS6,271019
SD,2010,MEXICO,DET,47685,0,2024-12,HS6,271019
TN,2010,MEXICO,DET,44071669,41252,2024-12,HS6,271019
TX,2010,MEXICO,DET,11023255195,4933879891,2024-12,HS6,271019
UT,2010,MEXICO,DET,340017,0,2024-12,HS6,271019
VA,2010,MEXICO,DET,513863,0,2024-12,HS6,271019
WA,2010,MEXICO,DET,1492165240,1483468455,2024-12,HS6,271019
WI,2010,MEXICO,DET,3779470,13907,2024-12,HS6,271019
WV,2010,MEXICO,DET,20896945,0,2024-12,HS6,271019
-,5820,HONG KONG,DET,5497180,5055517,2024-12,HS6,271019
AL,5820,HONG KONG,DET,32979,32979,2024-12,HS6,271019
AZ,5820,HONG KONG,DET,21563,0,2024-12,HS6,271019
CA,5820,HONG KONG,DET,282304,220311,2024-12,HS6,271019
FL,5820,HONG KONG,DET,176305,146224,2024-12,HS6,271019
GA,5820,HONG KONG,DET,3531,3531,2024-12,HS6,271019
IL,5820,HONG KONG,DET,34418,0,2024-12,HS6,271019
KY,5820,HONG KONG,DET,117326,117326,2024-12,HS6,271019
LA,5820,HONG KONG,DET,1858235,1858235,2024-12,HS6,271019
MI,5820,HONG KONG,DET,63486,63486,2024-12,HS6,271019
MN,5820,HONG KONG,DET,106811,98802,2024-12,HS6,271019
NJ,5820,HONG KONG,DET,1065205,1054105,2024-12,HS6,271019
NY,5820,HONG KONG,DET,221999,221999,2024-12,HS6,271019
OH,5820,HONG KONG,DET,97220,97220,2024-12,HS6,271019
PA,5820,HONG KONG,DET,261020,261020,2024-12,HS6,271019
SC,5820,HONG KONG,DET,5234,2640,2024-12,HS6,271019
TN,5820,HONG KONG,DET,187513,151828,2024-12,HS6,271019
TX,5820,HONG KONG,DET,688232,558093,2024-12,HS6,271019
WI,5820,HONG KONG,DET,273799,167718,2024-12,HS6,271019
-,7420,CAMEROON,DET,1043948,1043948,2024-12,HS6,271019
IL,7420,CAMEROON,DET,23920,23920,2024-12,HS6,271019
LA,7420,CAMEROON,DET,19279,19279,2024-12,HS6,271019
TX,7420,CAMEROON,DET,1000749,1000749,2024-12,HS6,271019
-,7520,TOGO,DET,61255001,61255001,2024-12,HS6,271019
GA,7520,TOGO,DET,12400,12400,2024-12,HS6,271019
LA,7520,TOGO,DET,24047240,24047240,2024-12,HS6,271019
NY,7520,TOGO,DET,168500,168500,2024-12,HS6,271019
TX,7520,TOGO,DET,30659061,30659061,2024-12,HS6,271019
VI,7520,TOGO,DET,6367800,6367800,2024-12,HS6,271019
-,7630,CONGO,DET,323313,314650,2024-12,HS6,271019
TX,7630,CONGO,DET,323313,314650,2024-12,HS6,271019
-,4621,RUSSIA,DET,170195,170195,2024-12,HS6,271019
GA,4621,RUSSIA,DET,170195,170195,2024-12,HS6,271019
-,0025,EURO AREA,CGP,9238695278,9231712784,2024-12,HS6,271019
AL,0025,EURO AREA,CGP,38107225,38107225,2024-12,HS6,271019
AR,0025,EURO AREA,CGP,4101,4101,2024-12,HS6,271019
AZ,0025,EURO AREA,CGP,86314,0,2024-12,HS6,271019
CA,0025,EURO AREA,CGP,265380370,264965978,2024-12,HS6,271019
CO,0025,EURO AREA,CGP,6077,6077,2024-12,HS6,271019
CT,0025,EURO AREA,CGP,278081,256676,2024-12,HS6,271019
DE,0025,EURO AREA,CGP,38444687,38444687,2024-12,HS6,271019
FL,0025,EURO AREA,CGP,4559474,4374608,2024-12,HS6,271019
GA,0025,EURO AREA,CGP,1316310,1279565,2024-12,HS6,271019
IA,0025,EURO AREA,CGP,303490,241118,2024-12,HS6,271019
IL,0025,EURO AREA,CGP,1974874,1059741,2024-12,HS6,271019
IN,0025,EURO AREA,CGP,8612065,8276264,2024-12,HS6,271019
KS,0025,EURO AREA,CGP,870416,801420,2024-12,HS6,271019
KY,0025,EURO AREA,CGP,95042,37027,2024-12,HS6,271019
LA,0025,EURO AREA,CGP,4150943012,4150880413,2024-12,HS6,271019
MA,0025,EURO AREA,CGP,707469,275985,2024-12,HS6,271019
MD,0025,EURO AREA,CGP,9974,0,2024-12,HS6,271019
MI,0025,EURO AREA,CGP,1405156,1008493,2024-12,HS6,271019
MN,0025,EURO AREA,CGP,3157543,2935577,2024-12,HS6,271019
MO,0025,EURO AREA,CGP,396062,387736,2024-12,HS6,271019
MS,0025,EURO AREA,CGP,623921798,623869303,2024-12,HS6,271019
NC,0025,EURO AREA,CGP,864341,815901,2024-12,HS6,271019
ND,0025,EURO AREA,CGP,7873,7873,2024-12,HS6,271019
NE,0025,EURO AREA,CGP,12251,0,2024-12,HS6,271019
NH,0025,EURO AREA,CGP,60930,57600,2024-12,HS6,271019
NJ,0025,EURO AREA,CGP,947776811,947217208,2024-12,HS6,271019
NV,0025,EURO AREA,CGP,3440,0,2024-12,HS6,271019
NY,0025,EURO AREA,CGP,2467428,1659614,2024-12,HS6,271019
OH,0025,EURO AREA,CGP,2501334,2253369,2024-12,HS6,271019
OK,0025,EURO AREA,CGP,295429,265391,2024-12,HS6,271019
OR,0025,EURO AREA,CGP,37412,37412,2024-12,HS6,271019
PA,0025,EURO AREA,CGP,16953228,16777540,2024-12,HS6,271019
PR,0025,EURO AREA,CGP,3980,0,2024-12,HS6,271019
SC,0025,EURO AREA,CGP,349176,330094,2024-12,HS6,271019
TN,0025,EURO AREA,CGP,4134000,3657128,2024-12,HS6,271019
TX,0025,EURO AREA,CGP,3025568348,3024927441,2024-12,HS6,271019
UT,0025,EURO AREA,CGP,2990,0,2024-12,HS6,271019
VA,0025,EURO AREA,CGP,483113,371252,2024-12,HS6,271019
VI,0025,EURO AREA,CGP,61300243,61300243,2024-12,HS6,271019
WA,0025,EURO AREA,CGP,32972488,32968040,2024-12,HS6,271019
WI,0025,EURO AREA,CGP,1957433,1491194,2024-12,HS6,271019
WV,0025,EURO AREA,CGP,363490,363490,2024-12,HS6,271019
-,3370,CHILE,DET,4924286376,4923189813,2024-12,HS6,271019
AL,3370,CHILE,DET,3902,3902,2024-12,HS6,271019
AR,3370,CHILE,DET,6919,6919,2024-12,HS6,271019
CA,3370,CHILE,DET,1181146745,1181081970,2024-12,HS6,271019
CT,3370,CHILE,DET,87358,32722,2024-12,HS6,271019
DC,3370,CHILE,DET,87694,79378,2024-12,HS6,271019
DE,3370,CHILE,DET,6616,6616,2024-12,HS6,271019
FL,3370,CHILE,DET,3356196,3125277,2024-12,HS6,271019
GA,3370,CHILE,DET,147764,147764,2024-12,HS6,271019
IL,3370,CHILE,DET,1834767,1796130,2024-12,HS6,271019
IN,3370,CHILE,DET,120126,40837,2024-12,HS6,271019
KS,3370,CHILE,DET,15068,15068,2024-12,HS6,271019
KY,3370,CHILE,DET,45162,45162,2024-12,HS6,271019
LA,3370,CHILE,DET,970513037,970513037,2024-12,HS6,271019
MA,3370,CHILE,DET,324397,243733,2024-12,HS6,271019
MI,3370,CHILE,DET,633730,624869,2024-12,HS6,271019
MN,3370,CHILE,DET,8088,0,2024-12,HS6,271019
MO,3370,CHILE,DET,92262,85404,2024-12,HS6,271019
MS,3370,CHILE,DET,11694636,11694636,2024-12,HS6,271019
NC,3370,CHILE,DET,5169,0,2024-12,HS6,271019
ND,3370,CHILE,DET,13912,13912,2024-12,HS6,271019
NE,3370,CHILE,DET,5803,0,2024-12,HS6,271019
NH,3370,CHILE,DET,32529,0,2024-12,HS6,271019
NJ,3370,CHILE,DET,335403,285645,2024-12,HS6,271019
NY,3370,CHILE,DET,284311,168199,2024-12,HS6,271019
OH,3370,CHILE,DET,3025057,3017753,2024-12,HS6,271019
PA,3370,CHILE,DET,1844597,1828237,2024-12,HS6,271019
SC,3370,CHILE,DET,84926,77383,2024-12,HS6,271019
TN,3370,CHILE,DET,64939,64939,2024-12,HS6,271019
TX,3370,CHILE,DET,2143783032,2143512746,2024-12,HS6,271019
UT,3370,CHILE,DET,6350,6350,2024-12,HS6,271019
WA,3370,CHILE,DET,604159209,604159209,2024-12,HS6,271019
WI,3370,CHILE,DET,308496,303840,2024-12,HS6,271019
WV,3370,CHILE,DET,208176,208176,2024-12,HS6,271019
-,5550,CAMBODIA,DET,546246,543646,2024-12,HS6,271019
CA,5550,CAMBODIA,DET,154931,154931,2024-12,HS6,271019
IL,5550,CAMBODIA,DET,6590,6590,2024-12,HS6,271019
MI,5550,CAMBODIA,DET,172064,172064,2024-12,HS6,271019
NJ,5550,CAMBODIA,DET,2600,0,2024-12,HS6,271019
OH,5550,CAMBODIA,DET,40521,40521,2024-12,HS6,271019
TX,5550,CAMBODIA,DET,70545,70545,2024-12,HS6,271019
VA,5550,CAMBODIA,DET,8390,8390,2024-12,HS6,271019
WI,5550,CAMBODIA,DET,90605,90605,2024-12,HS6,271019
-,2486,DOMINICA,DET,814923,814923,2024-12,HS6,271019
FL,2486,DOMINICA,DET,471385,471385,2024-12,HS6,271019
KY,2486,DOMINICA,DET,66193,66193,2024-12,HS6,271019
LA,2486,DOMINICA,DET,53636,53636,2024-12,HS6,271019
PR,2486,DOMINICA,DET,30143,30143,2024-12,HS6,271019
TX,2486,DOMINICA,DET,193566,193566,2024-12,HS6,271019
-,6XXX,AUSTRALIA AND OCEANIA,CGP,31353557,29024566,2024-12,HS6,271019
AL,6XXX,AUSTRALIA AND OCEANIA,CGP,4146921,3809214,2024-12,HS6,271019
AR,6XXX,AUSTRALIA AND OCEANIA,CGP,198601,198601,2024-12,HS6,271019
AZ,6XXX,AUSTRALIA AND OCEANIA,CGP,3538,0,2024-12,HS6,271019
CA,6XXX,AUSTRALIA AND OCEANIA,CGP,5860247,5676170,2024-12,HS6,271019
CO,6XXX,AUSTRALIA AND OCEANIA,CGP,449990,318525,2024-12,HS6,271019
CT,6XXX,AUSTRALIA AND OCEANIA,CGP,49191,49191,2024-12,HS6,271019
FL,6XXX,AUSTRALIA AND OCEANIA,CGP,532578,513660,2024-12,HS6,271019
GA,6XXX,AUSTRALIA AND OCEANIA,CGP,232898,232898,2024-12,HS6,271019
IA,6XXX,AUSTRALIA AND OCEANIA,CGP,413487,413487,2024-12,HS6,271019
IL,6XXX,AUSTRALIA AND OCEANIA,CGP,2830166,2695923,2024-12,HS6,271019
IN,6XXX,AUSTRALIA AND OCEANIA,CGP,1475847,1472075,2024-12,HS6,271019
KS,6XXX,AUSTRALIA AND OCEANIA,CGP,119507,83035,2024-12,HS6,271019
KY,6XXX,AUSTRALIA AND OCEANIA,CGP,82303,82303,2024-12,HS6,271019
LA,6XXX,AUSTRALIA AND OCEANIA,CGP,683328,659206,2024-12,HS6,271019
MA,6XXX,AUSTRALIA AND OCEANIA,CGP,62399,59652,2024-12,HS6,271019
MI,6XXX,AUSTRALIA AND OCEANIA,CGP,921723,836673,2024-12,HS6,271019
MN,6XXX,AUSTRALIA AND OCEANIA,CGP,543678,417758,2024-12,HS6,271019
MO,6XXX,AUSTRALIA AND OCEANIA,CGP,216343,196423,2024-12,HS6,271019
MS,6XXX,AUSTRALIA AND OCEANIA,CGP,384635,384635,2024-12,HS6,271019
MT,6XXX,AUSTRALIA AND OCEANIA,CGP,16107,16107,2024-12,HS6,271019
NC,6XXX,AUSTRALIA AND OCEANIA,CGP,71228,43426,2024-12,HS6,271019
ND,6XXX,AUSTRALIA AND OCEANIA,CGP,130616,130616,2024-12,HS6,271019
NE,6XXX,AUSTRALIA AND OCEANIA,CGP,65309,65309,2024-12,HS6,271019
NH,6XXX,AUSTRALIA AND OCEANIA,CGP,35074,35074,2024-12,HS6,271019
NJ,6XXX,AUSTRALIA AND OCEANIA,CGP,251790,158317,2024-12,HS6,271019
NV,6XXX,AUSTRALIA AND OCEANIA,CGP,217114,211091,2024-12,HS6,271019
NY,6XXX,AUSTRALIA AND OCEANIA,CGP,490171,423262,2024-12,HS6,271019
OH,6XXX,AUSTRALIA AND OCEANIA,CGP,954690,886788,2024-12,HS6,271019
OK,6XXX,AUSTRALIA AND OCEANIA,CGP,9778,7187,2024-12,HS6,271019
OR,6XXX,AUSTRALIA AND OCEANIA,CGP,2768,2768,2024-12,HS6,271019
PA,6XXX,AUSTRALIA AND OCEANIA,CGP,1304448,1267279,2024-12,HS6,271019
SC,6XXX,AUSTRALIA AND OCEANIA,CGP,113458,113458,2024-12,HS6,271019
SD,6XXX,AUSTRALIA AND OCEANIA,CGP,598931,589479,2024-12,HS6,271019
TN,6XXX,AUSTRALIA AND OCEANIA,CGP,1622161,1607072,2024-12,HS6,271019
TX,6XXX,AUSTRALIA AND OCEANIA,CGP,5502066,4758561,2024-12,HS6,271019
VA,6XXX,AUSTRALIA AND OCEANIA,CGP,14344,14344,2024-12,HS6,271019
WA,6XXX,AUSTRALIA AND OCEANIA,CGP,39442,39442,2024-12,HS6,271019
WI,6XXX,AUSTRALIA AND OCEANIA,CGP,674901,523776,2024-12,HS6,271019
WV,6XXX,AUSTRALIA AND OCEANIA,CGP,31781,31781,2024-12,HS6,271019
-,5350,PAKISTAN,DET,26740703,26708768,2024-12,HS6,271019
FL,5350,PAKISTAN,DET,7628,0,2024-12,HS6,271019
GA,5350,PAKISTAN,DET,173523,173523,2024-12,HS6,271019
IN,5350,PAKISTAN,DET,10178,6877,2024-12,HS6,271019
KY,5350,PAKISTAN,DET,3416,0,2024-12,HS6,271019
MA,5350,PAKISTAN,DET,8855,8855,2024-12,HS6,271019
MN,5350,PAKISTAN,DET,101682,101682,2024-12,HS6,271019
MS,5350,PAKISTAN,DET,26200403,26200403,2024-12,HS6,271019
NJ,5350,PAKISTAN,DET,208975,199907,2024-12,HS6,271019
OH,5350,PAKISTAN,DET,17521,17521,2024-12,HS6,271019
TX,5350,PAKISTAN,DET,8522,0,2024-12,HS6,271019
-,3120,GUYANA,DET,83390745,83152640,2024-12,HS6,271019
CA,3120,GUYANA,DET,52032,52032,2024-12,HS6,271019
FL,3120,GUYANA,DET,9035720,8987586,2024-12,HS6,271019
GA,3120,GUYANA,DET,7126,7126,2024-12,HS6,271019
IL,3120,GUYANA,DET,106180,106180,2024-12,HS6,271019
IN,3120,GUYANA,DET,9345,9345,2024-12,HS6,271019
KY,3120,GUYANA,DET,546341,546341,2024-12,HS6,271019
LA,3120,GUYANA,DET,8793860,8768734,2024-12,HS6,271019
MO,3120,GUYANA,DET,10931,10931,2024-12,HS6,271019
NC,3120,GUYANA,DET,4257,4257,2024-12,HS6,271019
NY,3120,GUYANA,DET,297832,297832,2024-12,HS6,271019
OK,3120,GUYANA,DET,4187,4187,2024-12,HS6,271019
PA,3120,GUYANA,DET,44639,44639,2024-12,HS6,271019
PR,3120,GUYANA,DET,122474,122474,2024-12,HS6,271019
TX,3120,GUYANA,DET,12221025,12056180,2024-12,HS6,271019
VI,3120,GUYANA,DET,52054125,52054125,2024-12,HS6,271019
WI,3120,GUYANA,DET,80671,80671,2024-12,HS6,271019
-,6021,AUSTRALIA,DET,25743665,23767175,2024-12,HS6,271019
AL,6021,AUSTRALIA,DET,4146921,3809214,2024-12,HS6,271019
AR,6021,AUSTRALIA,DET,176710,176710,2024-12,HS6,271019
CA,6021,AUSTRALIA,DET,3959873,3883952,2024-12,HS6,271019
CO,6021,AUSTRALIA,DET,447197,318525,2024-12,HS6,271019
FL,6021,AUSTRALIA,DET,169776,150858,2024-12,HS6,271019
GA,6021,AUSTRALIA,DET,150427,150427,2024-12,HS6,271019
IA,6021,AUSTRALIA,DET,413487,413487,2024-12,HS6,271019
IL,6021,AUSTRALIA,DET,2643915,2520512,2024-12,HS6,271019
IN,6021,AUSTRALIA,DET,755231,751459,2024-12,HS6,271019
KS,6021,AUSTRALIA,DET,73594,37122,2024-12,HS6,271019
KY,6021,AUSTRALIA,DET,82303,82303,2024-12,HS6,271019
LA,6021,AUSTRALIA,DET,672120,652597,2024-12,HS6,271019
MA,6021,AUSTRALIA,DET,35881,35881,2024-12,HS6,271019
MI,6021,AUSTRALIA,DET,854182,769132,2024-12,HS6,271019
MN,6021,AUSTRALIA,DET,543678,417758,2024-12,HS6,271019
MO,6021,AUSTRALIA,DET,155676,155676,2024-12,HS6,271019
MS,6021,AUSTRALIA,DET,379302,379302,2024-12,HS6,271019
MT,6021,AUSTRALIA,DET,16107,16107,2024-12,HS6,271019
NC,6021,AUSTRALIA,DET,71228,43426,2024-12,HS6,271019
ND,6021,AUSTRALIA,DET,130616,130616,2024-12,HS6,271019
NH,6021,AUSTRALIA,DET,35074,35074,2024-12,HS6,271019
NJ,6021,AUSTRALIA,DET,179501,86028,2024-12,HS6,271019
NV,6021,AUSTRALIA,DET,217114,211091,2024-12,HS6,271019
NY,6021,AUSTRALIA,DET,468549,407625,2024-12,HS6,271019
OH,6021,AUSTRALIA,DET,587723,519821,2024-12,HS6,271019
OK,6021,AUSTRALIA,DET,6836,4245,2024-12,HS6,271019
PA,6021,AUSTRALIA,DET,1205137,1172567,2024-12,HS6,271019
SC,6021,AUSTRALIA,DET,105662,105662,2024-12,HS6,271019
SD,6021,AUSTRALIA,DET,598931,589479,2024-12,HS6,271019
TN,6021,AUSTRALIA,DET,1301371,1286282,2024-12,HS6,271019
TX,6021,AUSTRALIA,DET,4630833,4076652,2024-12,HS6,271019
VA,6021,AUSTRALIA,DET,14344,14344,2024-12,HS6,271019
WA,6021,AUSTRALIA,DET,3420,3420,2024-12,HS6,271019
WI,6021,AUSTRALIA,DET,479165,328040,2024-12,HS6,271019
WV,6021,AUSTRALIA,DET,31781,31781,2024-12,HS6,271019
-,7790,KENYA,DET,3853403,3649703,2024-12,HS6,271019
KY,7790,KENYA,DET,200000,0,2024-12,HS6,271019
MS,7790,KENYA,DET,3639299,3639299,2024-12,HS6,271019
OK,7790,KENYA,DET,3700,0,2024-12,HS6,271019
TX,7790,KENYA,DET,10404,10404,2024-12,HS6,271019
-,5460,BURMA,DET,155891,155891,2024-12,HS6,271019
IL,5460,BURMA,DET,155891,155891,2024-12,HS6,271019
-,4870,BULGARIA,DET,43686,38454,2024-12,HS6,271019
GA,4870,BULGARIA,DET,4148,4148,2024-12,HS6,271019
KS,4870,BULGARIA,DET,5232,0,2024-12,HS6,271019
NC,4870,BULGARIA,DET,3800,3800,2024-12,HS6,271019
PA,4870,BULGARIA,DET,16007,16007,2024-12,HS6,271019
TN,4870,BULGARIA,DET,3532,3532,2024-12,HS6,271019
WI,4870,BULGARIA,DET,10967,10967,2024-12,HS6,271019
-,6040,PAPUA NEW GUINEA,DET,117978,98190,2024-12,HS6,271019
AZ,6040,PAPUA NEW GUINEA,DET,3538,0,2024-12,HS6,271019
CA,6040,PAPUA NEW GUINEA,DET,16250,0,2024-12,HS6,271019
TX,6040,PAPUA NEW GUINEA,DET,98190,98190,2024-12,HS6,271019
