PORT,PORT_NAME,CTY_CODE,CTY_NAME,SUMMARY_LVL,ALL_VAL_YR,VES_VAL_YR,VES_WGT_YR,time,COMM_LVL,E_COMMODITY
-,TOTAL FOR ALL PORTS,-,TOTAL FOR ALL COUNTRIES,DET,68606659277,59049279021,79488081089,2024-12,HS6,271019
-,TOTAL FOR ALL PORTS,0003,EUROPEAN UNION,CGP,10472346796,10463482051,14280003045,2024-12,HS6,271019
-,TOTAL FOR ALL PORTS,0014,PACIFIC RIM COUNTRIES,CGP,1532186133,1518306050,2779109665,2024-12,HS6,271019
-,TOTAL FOR ALL PORTS,0017,CAFTA-DR,CGP,6445914376,6445227039,8418982204,2024-12,HS6,271019
-,TOTAL FOR ALL PORTS,0020,USMCA (NAFTA),CGP,20344404787,10834037796,14535318001,2024-12,HS6,271019
-,TOTAL FOR ALL PORTS,0021,TWENTY LATIN AMERICAN REPUBLICS,CGP,39837311346,32788645904,43038648282,2024-12,HS6,271019
-,TOTAL FOR ALL PORTS,0022,OECD,CGP,43231795961,33698077724,43943871184,2024-12,HS6,271019
-,TOTAL FOR ALL PORTS,0023,NATO,CGP,19423906184,16941795313,22362388007,2024-12,HS6,271019
-,TOTAL FOR ALL PORTS,0024,LAFTA,CGP,30466027102,23418226559,30335986623,2024-12,HS6,271019
-,TOTAL FOR ALL PORTS,0025,EURO AREA,CGP,9238695278,9231712784,12622954711,2024-12,HS6,271019
-,TOTAL FOR ALL PORTS,0026,APEC,CGP,29412181424,19885041662,26604165005,2024-12,HS6,271019
-,TOTAL FOR ALL PORTS,0027,ASEAN,CGP,1319492565,1314891204,2642806042,2024-12,HS6,271019
-,TOTAL FOR ALL PORTS,0028,CACM,CGP,5134465139,5133847226,6693963173,2024-12,HS6,271019
-,TOTAL FOR ALL PORTS,1010,GREENLAND,DET,11062,11062,868,2024-12,HS6,271019
-,TOTAL FOR ALL PORTS,1220,CANADA,DET,4793073637,2322834672,3018507741,2024-12,HS6,271019
-,TOTAL FOR ALL PORTS,1XXX,NORTH AMERICA,CGP,20344415849,10834048858,14535318869,2024-12,HS6,271019
-,TOTAL FOR ALL PORTS,2010,MEXICO,DET,15551331150,8511203124,11516810260,2024-12,HS6,271019
-,TOTAL FOR ALL PORTS,2050,GUATEMALA,DET,1679598774,1679412311,2226184395,2024-12,HS6,271019
-,TOTAL FOR ALL PORTS,2080,BELIZE,DET,84974876,84968143,106351431,2024-12,HS6,271019
-,TOTAL FOR ALL PORTS,2110,EL SALVADOR,DET,735246346,735032990,924035360,2024-12,HS6,271019
-,TOTAL FOR ALL PORTS,2150,HONDURAS,DET,1084831792,1084762521,1450498942,2024-12,HS6,271019
-,TOTAL FOR ALL PORTS,2190,NICARAGUA,DET,373592351,373580873,485392062,2024-12,HS6,271019
-,TOTAL FOR ALL PORTS,2230,COSTA RICA,DET,1261195876,1261058531,1607852414,2024-12,HS6,271019
-,TOTAL FOR ALL PORTS,2250,PANAMA,DET,2688033973,2687863501,3954934453,2024-12,HS6,271019
-,TOTAL FOR ALL PORTS,2320,BERMUDA,DET,29815976,29815976,34606275,2024-12,HS6,271019
-,TOTAL FOR ALL PORTS,2360,BAHAMAS,DET,1133746667,1133680520,2089707557,2024-12,HS6,271019
-,TOTAL FOR ALL PORTS,2390,CUBA,DET,928669,928669,536214,2024-12,HS6,271019
-,TOTAL FOR ALL PORTS,2410,JAMAICA,DET,430305122,430285336,628508914,2024-12,HS6,271019
-,TOTAL FOR ALL PORTS,2430,TURKS AND CAICOS ISLANDS,DET,20981014,20981014,23297824,2024-12,HS6,271019
-,TOTAL FOR ALL PORTS,2440,CAYMAN ISLANDS,DET,135792992,135792992,174966516,2024-12,HS6,271019
-,TOTAL FOR ALL PORTS,2450,HAITI,DET,236407226,236400136,328208788,2024-12,HS6,271019
-,TOTAL FOR ALL PORTS,2470,DOMINICAN REPUBLIC,DET,1311449237,1311379813,1725019031,2024-12,HS6,271019
-,TOTAL FOR ALL PORTS,2481,ANGUILLA,DET,5793464,5793464,7048925,2024-12,HS6,271019
-,TOTAL FOR ALL PORTS,2482,BRITISH VIRGIN ISLANDS,DET,28219942,28219942,37413314,2024-12,HS6,271019
-,TOTAL FOR ALL PORTS,2483,ST KITTS AND NEVIS,DET,11290695,11290695,13168910,2024-12,HS6,271019
-,TOTAL FOR ALL PORTS,2484,ANTIGUA AND BARBUDA,DET,183950314,183936704,235513084,2024-12,HS6,271019
-,TOTAL FOR ALL PORTS,2485,MONTSERRAT,DET,116810,116810,39227,2024-12,HS6,271019
-,TOTAL FOR ALL PORTS,2486,DOMINICA,DET,814923,814923,249769,2024-12,HS6,271019
-,TOTAL FOR ALL PORTS,2487,ST LUCIA,DET,634857477,634857477,833670077,2024-12,HS6,271019
-,TOTAL FOR ALL PORTS,2488,ST VINCENT AND THE GRENADINES,DET,7532087,7529417,10233199,2024-12,HS6,271019
-,TOTAL FOR ALL PORTS,2489,GRENADA,DET,18745466,18741526,29224137,2024-12,HS6,271019
-,TOTAL FOR ALL PORTS,2720,BARBADOS,DET,156661807,156629203,189694811,2024-12,HS6,271019
-,TOTAL FOR ALL PORTS,2740,TRINIDAD AND TOBAGO,DET,850663503,850589489,1071667612,2024-12,HS6,271019
-,TOTAL FOR ALL PORTS,2774,SINT MAARTEN,DET,66001342,65977687,79295266,2024-12,HS6,271019
-,TOTAL FOR ALL PORTS,2777,CURACAO,DET,353090694,353073813,490368343,2024-12,HS6,271019
-,TOTAL FOR ALL PORTS,2779,ARUBA,DET,128700183,128700183,167270586,2024-12,HS6,271019
-,TOTAL FOR ALL PORTS,2831,GUADELOUPE,DET,195038592,195038592,250522929,2024-12,HS6,271019
-,TOTAL FOR ALL PORTS,2839,MARTINIQUE,DET,72360679,72360679,94641431,2024-12,HS6,271019
-,TOTAL FOR ALL PORTS,2XXX,CENTRAL AMERICA,CGP,13920738869,13919613930,19270121796,2024-12,HS6,271019
-,TOTAL FOR ALL PORTS,3010,COLOMBIA,DET,1283692106,1281783917,1578173184,2024-12,HS6,271019
-,TOTAL FOR ALL PORTS,3070,VENEZUELA,DET,56635812,56585027,29911256,2024-12,HS6,271019
-,TOTAL FOR ALL PORTS,3120,GUYANA,DET,83390745,83152640,89246187,2024-12,HS6,271019
-,TOTAL FOR ALL PORTS,3150,SURINAME,DET,32877915,32853123,30104834,2024-12,HS6,271019
-,TOTAL FOR ALL PORTS,3170,FRENCH GUIANA,DET,6856,6856,2616,2024-12,HS6,271019
-,TOTAL FOR ALL PORTS,3310,ECUADOR,DET,2682063603,2681655439,3825863263,2024-12,HS6,271019
-,TOTAL FOR ALL PORTS,3330,PERU,DET,2407580672,2406995887,3033199466,2024-12,HS6,271019
-,TOTAL FOR ALL PORTS,3350,BOLIVIA,DET,40489656,40056624,40873899,2024-12,HS6,271019
-,TOTAL FOR ALL PORTS,3370,CHILE,DET,4924286376,4923189813,5939196585,2024-12,HS6,271019
-,TOTAL FOR ALL PORTS,3510,BRAZIL,DET,2384408096,2382080838,2932492334,2024-12,HS6,271019
-,TOTAL FOR ALL PORTS,3530,PARAGUAY,DET,103595525,103573156,112114181,2024-12,HS6,271019
-,TOTAL FOR ALL PORTS,3550,URUGUAY,DET,94982971,94957691,119414074,2024-12,HS6,271019
-,TOTAL FOR ALL PORTS,3570,ARGENTINA,DET,936961135,936145043,1207938121,2024-12,HS6,271019
-,TOTAL FOR ALL PORTS,3XXX,SOUTH AMERICA,CGP,15030971468,15023036054,18938530000,2024-12,HS6,271019
-,TOTAL FOR ALL PORTS,4000,ICELAND,DET,81561881,81561881,116369116,2024-12,HS6,271019
-,TOTAL FOR ALL PORTS,4010,SWEDEN,DET,57019183,55503350,61241120,2024-12,HS6,271019
-,TOTAL FOR ALL PORTS,4039,NORWAY,DET,457593304,457511076,501712199,2024-12,HS6,271019
-,TOTAL FOR ALL PORTS,4050,FINLAND,DET,38573580,38524606,46150514,2024-12,HS6,271019
-,TOTAL FOR ALL PORTS,4091,FAROE ISLANDS,DET,12724,12724,22216,2024-12,HS6,271019
-,TOTAL FOR ALL PORTS,4099,DENMARK,DET,154778478,154699909,240789800,2024-12,HS6,271019
-,TOTAL FOR ALL PORTS,4120,UNITED KINGDOM,DET,3551251962,3549020298,4377651158,2024-12,HS6,271019
-,TOTAL FOR ALL PORTS,4190,IRELAND,DET,133382,72012,8046,2024-12,HS6,271019
-,TOTAL FOR ALL PORTS,4210,NETHERLANDS,DET,4703312572,4701918905,6490158147,2024-12,HS6,271019
-,TOTAL FOR ALL PORTS,4231,BELGIUM,DET,2056717990,2055664067,2765009468,2024-12,HS6,271019
-,TOTAL FOR ALL PORTS,4239,LUXEMBOURG,DET,10905,0,0,2024-12,HS6,271019
-,TOTAL FOR ALL PORTS,4272,MONACO,DET,56129,0,0,2024-12,HS6,271019
-,TOTAL FOR ALL PORTS,4279,FRANCE,DET,1510408076,1509700583,1970568371,2024-12,HS6,271019
-,TOTAL FOR ALL PORTS,4280,GERMANY,DET,380577696,377761355,525107697,2024-12,HS6,271019
-,TOTAL FOR ALL PORTS,4330,AUSTRIA,DET,530821,455888,156849,2024-12,HS6,271019
-,TOTAL FOR ALL PORTS,4351,CZECH REPUBLIC,DET,665846,622664,145285,2024-12,HS6,271019
-,TOTAL FOR ALL PORTS,4359,SLOVAKIA,DET,3059,0,0,2024-12,HS6,271019
-,TOTAL FOR ALL PORTS,4370,HUNGARY,DET,216047,141099,77691,2024-12,HS6,271019
-,TOTAL FOR ALL PORTS,4419,SWITZERLAND,DET,240271361,240100695,304296471,2024-12,HS6,271019
-,TOTAL FOR ALL PORTS,4470,ESTONIA,DET,118611,118611,12683,2024-12,HS6,271019
-,TOTAL FOR ALL PORTS,4490,LATVIA,DET,35109078,35078552,54399736,2024-12,HS6,271019
-,TOTAL FOR ALL PORTS,4510,LITHUANIA,DET,26363360,26346143,33013597,2024-12,HS6,271019
-,TOTAL FOR ALL PORTS,4550,POLAND,DET,992278396,992175796,1312309960,2024-12,HS6,271019
-,TOTAL FOR ALL PORTS,4621,RUSSIA,DET,170195,170195,107126,2024-12,HS6,271019
-,TOTAL FOR ALL PORTS,4623,UKRAINE,DET,2224407,2211451,733850,2024-12,HS6,271019
-,TOTAL FOR ALL PORTS,4631,ARMENIA,DET,72728,72728,38034,2024-12,HS6,271019
-,TOTAL FOR ALL PORTS,4632,AZERBAIJAN,DET,242552,225827,61331,2024-12,HS6,271019
-,TOTAL FOR ALL PORTS,4633,GEORGIA,DET,1649648,1602016,541717,2024-12,HS6,271019
-,TOTAL FOR ALL PORTS,4634,KAZAKHSTAN,DET,3238474,3132961,1060655,2024-12,HS6,271019
-,TOTAL FOR ALL PORTS,4635,KYRGYZSTAN,DET,2136165,2089599,569303,2024-12,HS6,271019
-,TOTAL FOR ALL PORTS,4641,MOLDOVA,DET,3185,3185,1142,2024-12,HS6,271019
-,TOTAL FOR ALL PORTS,4643,TURKMENISTAN,DET,571290,567061,113715,2024-12,HS6,271019
-,TOTAL FOR ALL PORTS,4644,UZBEKISTAN,DET,893994,799744,597044,2024-12,HS6,271019
-,TOTAL FOR ALL PORTS,4700,SPAIN,DET,398961863,398687624,607991984,2024-12,HS6,271019
-,TOTAL FOR ALL PORTS,4710,PORTUGAL,DET,3552445,3549850,7266501,2024-12,HS6,271019
-,TOTAL FOR ALL PORTS,4720,GIBRALTAR,DET,359742790,359742790,513031777,2024-12,HS6,271019
-,TOTAL FOR ALL PORTS,4730,MALTA,DET,5515,5515,403,2024-12,HS6,271019
-,TOTAL FOR ALL PORTS,4759,ITALY,DET,50945206,50600956,80011331,2024-12,HS6,271019
-,TOTAL FOR ALL PORTS,4791,CROATIA,DET,154466,154466,33993,2024-12,HS6,271019
-,TOTAL FOR ALL PORTS,4792,SLOVENIA,DET,30065877,30045495,40384773,2024-12,HS6,271019
-,TOTAL FOR ALL PORTS,4793,BOSNIA AND HERZEGOVINA,DET,30335,30335,7766,2024-12,HS6,271019
-,TOTAL FOR ALL PORTS,4801,SERBIA,DET,5893,0,0,2024-12,HS6,271019
-,TOTAL FOR ALL PORTS,4840,GREECE,DET,1784150,1661530,476285,2024-12,HS6,271019
-,TOTAL FOR ALL PORTS,4850,ROMANIA,DET,28649882,28587995,42474608,2024-12,HS6,271019
-,TOTAL FOR ALL PORTS,4870,BULGARIA,DET,43686,38454,9870,2024-12,HS6,271019
-,TOTAL FOR ALL PORTS,4890,TURKEY,DET,70114948,69285376,70514379,2024-12,HS6,271019
-,TOTAL FOR ALL PORTS,4910,CYPRUS,DET,1366626,1366626,2204333,2024-12,HS6,271019
-,TOTAL FOR ALL PORTS,4XXX,EUROPE,CGP,15244190761,15231621993,20167432044,2024-12,HS6,271019
-,TOTAL FOR ALL PORTS,5040,LEBANON,DET,1782801,1636298,898441,2024-12,HS6,271019
-,TOTAL FOR ALL PORTS,5050,IRAQ,DET,19762528,19635410,11078414,2024-12,HS6,271019
-,TOTAL FOR ALL PORTS,5081,ISRAEL,DET,239674261,238037891,259582012,2024-12,HS6,271019
-,TOTAL FOR ALL PORTS,5110,JORDAN,DET,3682293,3572560,1955823,2024-12,HS6,271019
-,TOTAL FOR ALL PORTS,5130,KUWAIT,DET,3439271,2992499,1952124,2024-12,HS6,271019
-,TOTAL FOR ALL PORTS,5170,SAUDI ARABIA,DET,47129095,45661320,36671374,2024-12,HS6,271019
-,TOTAL FOR ALL PORTS,5180,QATAR,DET,943859,813362,862099,2024-12,HS6,271019
-,TOTAL FOR ALL PORTS,5200,UNITED ARAB EMIRATES,DET,94298965,92316929,92886249,2024-12,HS6,271019
-,TOTAL FOR ALL PORTS,5230,OMAN,DET,1128814,989236,253361,2024-12,HS6,271019
-,TOTAL FOR ALL PORTS,5250,BAHRAIN,DET,1064824,995559,255065,2024-12,HS6,271019
-,TOTAL FOR ALL PORTS,5330,INDIA,DET,758458039,757028078,1463849596,2024-12,HS6,271019
-,TOTAL FOR ALL PORTS,5350,PAKISTAN,DET,26740703,26708768,27645283,2024-12,HS6,271019
-,TOTAL FOR ALL PORTS,5380,BANGLADESH,DET,90503,75648,16691,2024-12,HS6,271019
-,TOTAL FOR ALL PORTS,5420,SRI LANKA,DET,220772,208170,32308,2024-12,HS6,271019
-,TOTAL FOR ALL PORTS,5460,BURMA,DET,155891,155891,43715,2024-12,HS6,271019
-,TOTAL FOR ALL PORTS,5490,THAILAND,DET,192220917,191850379,310973981,2024-12,HS6,271019
-,TOTAL FOR ALL PORTS,5520,VIETNAM,DET,11332344,10491542,6260181,2024-12,HS6,271019
-,TOTAL FOR ALL PORTS,5530,LAOS,DET,67749,67749,21167,2024-12,HS6,271019
-,TOTAL FOR ALL PORTS,5550,CAMBODIA,DET,546246,543646,171809,2024-12,HS6,271019
-,TOTAL FOR ALL PORTS,5570,MALAYSIA,DET,155351783,153781588,336468547,2024-12,HS6,271019
-,TOTAL FOR ALL PORTS,5590,SINGAPORE,DET,948396938,947290781,1984485697,2024-12,HS6,271019
-,TOTAL FOR ALL PORTS,5600,INDONESIA,DET,4955102,4657020,2638095,2024-12,HS6,271019
-,TOTAL FOR ALL PORTS,5610,BRUNEI,DET,142337,71663,16998,2024-12,HS6,271019
-,TOTAL FOR ALL PORTS,5650,PHILIPPINES,DET,6323258,5980945,1725852,2024-12,HS6,271019
-,TOTAL FOR ALL PORTS,5683,MALDIVES,DET,70870,67871,11532,2024-12,HS6,271019
-,TOTAL FOR ALL PORTS,5700,CHINA,DET,59667345,57238255,28703536,2024-12,HS6,271019
-,TOTAL FOR ALL PORTS,5740,MONGOLIA,DET,1695780,1541070,286063,2024-12,HS6,271019
-,TOTAL FOR ALL PORTS,5800,"KOREA, SOUTH",DET,267890982,266711258,385713687,2024-12,HS6,271019
-,TOTAL FOR ALL PORTS,5820,HONG KONG,DET,5497180,5055517,1534700,2024-12,HS6,271019
-,TOTAL FOR ALL PORTS,5830,TAIWAN,DET,16111734,14970636,5550456,2024-12,HS6,271019
-,TOTAL FOR ALL PORTS,5880,JAPAN,DET,37502324,34504552,21962548,2024-12,HS6,271019
-,TOTAL FOR ALL PORTS,5XXX,ASIA,CGP,2906345508,2885652091,4984507404,2024-12,HS6,271019
-,TOTAL FOR ALL PORTS,6021,AUSTRALIA,DET,25743665,23767175,9303586,2024-12,HS6,271019
-,TOTAL FOR ALL PORTS,6040,PAPUA NEW GUINEA,DET,117978,98190,59957,2024-12,HS6,271019
-,TOTAL FOR ALL PORTS,6141,NEW ZEALAND,DET,4485507,4178470,946006,2024-12,HS6,271019
-,TOTAL FOR ALL PORTS,6150,SAMOA,DET,29163,29163,14812,2024-12,HS6,271019
-,TOTAL FOR ALL PORTS,6223,SOLOMON ISLANDS,DET,23777,23777,5572,2024-12,HS6,271019
-,TOTAL FOR ALL PORTS,6224,VANUATU,DET,8196,8196,1461,2024-12,HS6,271019
-,TOTAL FOR ALL PORTS,6412,NEW CALEDONIA,DET,31197,31197,6309,2024-12,HS6,271019
-,TOTAL FOR ALL PORTS,6414,FRENCH POLYNESIA,DET,363264,363264,80146,2024-12,HS6,271019
-,TOTAL FOR ALL PORTS,6810,MARSHALL ISLANDS,DET,21474,21474,2750,2024-12,HS6,271019
-,TOTAL FOR ALL PORTS,6820,MICRONESIA,DET,529336,503660,88551,2024-12,HS6,271019
-,TOTAL FOR ALL PORTS,6XXX,AUSTRALIA AND OCEANIA,CGP,31353557,29024566,10509150,2024-12,HS6,271019
-,TOTAL FOR ALL PORTS,7140,MOROCCO,DET,445758653,445638353,612760259,2024-12,HS6,271019
-,TOTAL FOR ALL PORTS,7210,ALGERIA,DET,11153597,11134241,16315032,2024-12,HS6,271019
-,TOTAL FOR ALL PORTS,7230,TUNISIA,DET,103439,55644,68682,2024-12,HS6,271019
-,TOTAL FOR ALL PORTS,7250,LIBYA,DET,4435572,4435572,1642646,2024-12,HS6,271019
-,TOTAL FOR ALL PORTS,7290,EGYPT,DET,214597013,214415842,403877176,2024-12,HS6,271019
-,TOTAL FOR ALL PORTS,7380,EQUATORIAL GUINEA,DET,847233,814320,278220,2024-12,HS6,271019
-,TOTAL FOR ALL PORTS,7410,MAURITANIA,DET,512691,507062,52559,2024-12,HS6,271019
-,TOTAL FOR ALL PORTS,7420,CAMEROON,DET,1043948,1043948,896550,2024-12,HS6,271019
-,TOTAL FOR ALL PORTS,7440,SENEGAL,DET,52754841,52744092,82211937,2024-12,HS6,271019
-,TOTAL FOR ALL PORTS,7450,MALI,DET,59982,2814,104,2024-12,HS6,271019
-,TOTAL FOR ALL PORTS,7460,GUINEA,DET,28999,28999,16801,2024-12,HS6,271019
-,TOTAL FOR ALL PORTS,7470,SIERRA LEONE,DET,13173,3357,420,2024-12,HS6,271019
-,TOTAL FOR ALL PORTS,7480,COTE D'IVOIRE,DET,1212617,1200540,972731,2024-12,HS6,271019
-,TOTAL FOR ALL PORTS,7490,GHANA,DET,3121299,3057528,1362050,2024-12,HS6,271019
-,TOTAL FOR ALL PORTS,7500,GAMBIA,DET,16800,16800,6127,2024-12,HS6,271019
-,TOTAL FOR ALL PORTS,7510,NIGER,DET,32172,28128,40507,2024-12,HS6,271019
-,TOTAL FOR ALL PORTS,7520,TOGO,DET,61255001,61255001,89814537,2024-12,HS6,271019
-,TOTAL FOR ALL PORTS,7530,NIGERIA,DET,179566347,179321587,187875214,2024-12,HS6,271019
-,TOTAL FOR ALL PORTS,7550,GABON,DET,99226,68065,12371,2024-12,HS6,271019
-,TOTAL FOR ALL PORTS,7560,CHAD,DET,52582,47279,37710,2024-12,HS6,271019
-,TOTAL FOR ALL PORTS,7600,BURKINA FASO,DET,79469,42851,20169,2024-12,HS6,271019
-,TOTAL FOR ALL PORTS,7610,BENIN,DET,29469,29469,16480,2024-12,HS6,271019
-,TOTAL FOR ALL PORTS,7620,ANGOLA,DET,9193026,9106120,5513130,2024-12,HS6,271019
-,TOTAL FOR ALL PORTS,7630,CONGO,DET,323313,314650,78817,2024-12,HS6,271019
-,TOTAL FOR ALL PORTS,7650,LIBERIA,DET,34081661,34081661,57240628,2024-12,HS6,271019
-,TOTAL FOR ALL PORTS,7660,DEMOCRATIC REPUBLIC OF THE CONGO,DET,37394,37394,3526,2024-12,HS6,271019
-,TOTAL FOR ALL PORTS,7700,SOMALIA,DET,15116,0,0,2024-12,HS6,271019
-,TOTAL FOR ALL PORTS,7749,ETHIOPIA,DET,676034,191568,49738,2024-12,HS6,271019
-,TOTAL FOR ALL PORTS,7770,DJIBOUTI,DET,24493,0,0,2024-12,HS6,271019
-,TOTAL FOR ALL PORTS,7790,KENYA,DET,3853403,3649703,3662585,2024-12,HS6,271019
-,TOTAL FOR ALL PORTS,7800,SEYCHELLES,DET,40696,40696,9681,2024-12,HS6,271019
-,TOTAL FOR ALL PORTS,7810,BRITISH INDIAN OCEAN TERRITORIES,DET,3423,3423,773,2024-12,HS6,271019
-,TOTAL FOR ALL PORTS,7830,TANZANIA,DET,61971,61971,30949,2024-12,HS6,271019
-,TOTAL FOR ALL PORTS,7850,MAURITIUS,DET,44200,44200,12542,2024-12,HS6,271019
-,TOTAL FOR ALL PORTS,7870,MOZAMBIQUE,DET,40806,0,0,2024-12,HS6,271019
-,TOTAL FOR ALL PORTS,7904,REUNION,DET,12997,0,0,2024-12,HS6,271019
-,TOTAL FOR ALL PORTS,7910,SOUTH AFRICA,DET,103122506,102544762,116751601,2024-12,HS6,271019
-,TOTAL FOR ALL PORTS,7920,NAMIBIA,DET,37103,12889,1341,2024-12,HS6,271019
-,TOTAL FOR ALL PORTS,7940,ZAMBIA,DET,301000,301000,28233,2024-12,HS6,271019
-,TOTAL FOR ALL PORTS,7XXX,AFRICA,CGP,1128643265,1126281529,1581661826,2024-12,HS6,271019
1703,"SAVANNAH, GA",0023,NATO,CGP,9461407,9461407,5290637,2024-12,HS6,271019
1703,"SAVANNAH, GA",0024,LAFTA,CGP,14392032,14392032,22812208,2024-12,HS6,271019
1703,"SAVANNAH, GA",0025,EURO AREA,CGP,7590349,7590349,4497778,2024-12,HS6,271019
1703,"SAVANNAH, GA",0026,APEC,CGP,12496645,12496645,4655734,2024-12,HS6,271019
1703,"SAVANNAH, GA",0027,ASEAN,CGP,6098615,6098615,2536662,2024-12,HS6,271019
1703,"SAVANNAH, GA",0028,CACM,CGP,15933102,15933102,6415583,2024-12,HS6,271019
1703,"SAVANNAH, GA",2050,GUATEMALA,DET,2601945,2601945,930745,2024-12,HS6,271019
1703,"SAVANNAH, GA",2080,BELIZE,DET,19187,19187,9632,2024-12,HS6,271019
1703,"SAVANNAH, GA",2110,EL SALVADOR,DET,145130,145130,125858,2024-12,HS6,271019
1703,"SAVANNAH, GA",2150,HONDURAS,DET,10007277,10007277,4093440,2024-12,HS6,271019
1703,"SAVANNAH, GA",2190,NICARAGUA,DET,2308182,2308182,939617,2024-12,HS6,271019
1703,"SAVANNAH, GA",2230,COSTA RICA,DET,870568,870568,325923,2024-12,HS6,271019
1703,"SAVANNAH, GA",2250,PANAMA,DET,1416084,1416084,459849,2024-12,HS6,271019
1703,"SAVANNAH, GA",2470,DOMINICAN REPUBLIC,DET,3219417,3219417,1366365,2024-12,HS6,271019
1703,"SAVANNAH, GA",2489,GRENADA,DET,36967,36967,13090,2024-12,HS6,271019
1703,"SAVANNAH, GA",2740,TRINIDAD AND TOBAGO,DET,1048585,1048585,762767,2024-12,HS6,271019
1703,"SAVANNAH, GA",2777,CURACAO,DET,76537,76537,48535,2024-12,HS6,271019
1703,"SAVANNAH, GA",2XXX,CENTRAL AMERICA,CGP,21749879,21749879,9075821,2024-12,HS6,271019
1703,"SAVANNAH, GA",3010,COLOMBIA,DET,1928061,1928061,586687,2024-12,HS6,271019
1703,"SAVANNAH, GA",3070,VENEZUELA,DET,277121,277121,88728,2024-12,HS6,271019
1703,"SAVANNAH, GA",3120,GUYANA,DET,7126,7126,2352,2024-12,HS6,271019
1703,"SAVANNAH, GA",3150,SURINAME,DET,52035,52035,22627,2024-12,HS6,271019
1703,"SAVANNAH, GA",3310,ECUADOR,DET,7438286,7438286,19600687,2024-12,HS6,271019
1703,"SAVANNAH, GA",3330,PERU,DET,952083,952083,334347,2024-12,HS6,271019
1703,"SAVANNAH, GA",3370,CHILE,DET,483975,483975,105821,2024-12,HS6,271019
1703,"SAVANNAH, GA",3510,BRAZIL,DET,148490,148490,42590,2024-12,HS6,271019
1703,"SAVANNAH, GA",3530,PARAGUAY,DET,2885133,2885133,1998048,2024-12,HS6,271019
1703,"SAVANNAH, GA",3570,ARGENTINA,DET,278883,278883,55300,2024-12,HS6,271019
1703,"SAVANNAH, GA",3XXX,SOUTH AMERICA,CGP,14451193,14451193,22837187,2024-12,HS6,271019
1703,"SAVANNAH, GA",4010,SWEDEN,DET,227417,227417,53999,2024-12,HS6,271019
1703,"SAVANNAH, GA",4039,NORWAY,DET,380209,380209,219169,2024-12,HS6,271019
1703,"SAVANNAH, GA",4050,FINLAND,DET,426580,426580,144856,2024-12,HS6,271019
1703,"SAVANNAH, GA",4099,DENMARK,DET,24465,24465,1176,2024-12,HS6,271019
1703,"SAVANNAH, GA",4120,UNITED KINGDOM,DET,414898,414898,45677,2024-12,HS6,271019
1703,"SAVANNAH, GA",4210,NETHERLANDS,DET,1411010,1411010,978018,2024-12,HS6,271019
1703,"SAVANNAH, GA",4231,BELGIUM,DET,3468136,3468136,703635,2024-12,HS6,271019
1703,"SAVANNAH, GA",4279,FRANCE,DET,5333,5333,469,2024-12,HS6,271019
1703,"SAVANNAH, GA",4280,GERMANY,DET,1489013,1489013,2528794,2024-12,HS6,271019
1703,"SAVANNAH, GA",4351,CZECH REPUBLIC,DET,8675,8675,1686,2024-12,HS6,271019
1703,"SAVANNAH, GA",4370,HUNGARY,DET,11233,11233,626,2024-12,HS6,271019
1703,"SAVANNAH, GA",4419,SWITZERLAND,DET,4736,4736,384,2024-12,HS6,271019
1703,"SAVANNAH, GA",4470,ESTONIA,DET,87040,87040,7004,2024-12,HS6,271019
1703,"SAVANNAH, GA",4510,LITHUANIA,DET,9091,9091,2197,2024-12,HS6,271019
1703,"SAVANNAH, GA",4550,POLAND,DET,374855,374855,277387,2024-12,HS6,271019
1703,"SAVANNAH, GA",4621,RUSSIA,DET,170195,170195,107126,2024-12,HS6,271019
1703,"SAVANNAH, GA",4631,ARMENIA,DET,14943,14943,4735,2024-12,HS6,271019
1703,"SAVANNAH, GA",4633,GEORGIA,DET,63372,63372,32513,2024-12,HS6,271019
1703,"SAVANNAH, GA",4641,MOLDOVA,DET,3185,3185,1142,2024-12,HS6,271019
1703,"SAVANNAH, GA",4700,SPAIN,DET,48688,48688,5988,2024-12,HS6,271019
1703,"SAVANNAH, GA",4710,PORTUGAL,DET,65893,65893,4354,2024-12,HS6,271019
1703,"SAVANNAH, GA",4759,ITALY,DET,110076,110076,7752,2024-12,HS6,271019
1703,"SAVANNAH, GA",4791,CROATIA,DET,38358,38358,7396,2024-12,HS6,271019
1703,"SAVANNAH, GA",4793,BOSNIA AND HERZEGOVINA,DET,30335,30335,7766,2024-12,HS6,271019
1703,"SAVANNAH, GA",4840,GREECE,DET,431131,431131,107315,2024-12,HS6,271019
1703,"SAVANNAH, GA",4870,BULGARIA,DET,7680,7680,2181,2024-12,HS6,271019
1703,"SAVANNAH, GA",4890,TURKEY,DET,421626,421626,190958,2024-12,HS6,271019
1703,"SAVANNAH, GA",4XXX,EUROPE,CGP,9748173,9748173,5444303,2024-12,HS6,271019
1703,"SAVANNAH, GA",5040,LEBANON,DET,34577,34577,9644,2024-12,HS6,271019
1703,"SAVANNAH, GA",5050,IRAQ,DET,324817,324817,79953,2024-12,HS6,271019
1703,"SAVANNAH, GA",5081,ISRAEL,DET,445933,445933,206524,2024-12,HS6,271019
1703,"SAVANNAH, GA",5110,JORDAN,DET,169134,169134,76581,2024-12,HS6,271019
1703,"SAVANNAH, GA",5130,KUWAIT,DET,280955,280955,138695,2024-12,HS6,271019
1703,"SAVANNAH, GA",5170,SAUDI ARABIA,DET,304009,304009,71228,2024-12,HS6,271019
1703,"SAVANNAH, GA",5180,QATAR,DET,42807,42807,20924,2024-12,HS6,271019
1703,"SAVANNAH, GA",5200,UNITED ARAB EMIRATES,DET,240846,240846,79405,2024-12,HS6,271019
1703,"SAVANNAH, GA",5230,OMAN,DET,11563,11563,528,2024-12,HS6,271019
1703,"SAVANNAH, GA",5250,BAHRAIN,DET,3780,3780,788,2024-12,HS6,271019
1703,"SAVANNAH, GA",5330,INDIA,DET,422607,422607,161136,2024-12,HS6,271019
1703,"SAVANNAH, GA",5350,PAKISTAN,DET,173523,173523,333524,2024-12,HS6,271019
1703,"SAVANNAH, GA",5420,SRI LANKA,DET,57750,57750,4234,2024-12,HS6,271019
1703,"SAVANNAH, GA",5490,THAILAND,DET,5177253,5177253,2328393,2024-12,HS6,271019
1703,"SAVANNAH, GA",5520,VIETNAM,DET,28438,28438,9417,2024-12,HS6,271019
1703,"SAVANNAH, GA",5570,MALAYSIA,DET,193408,193408,46195,2024-12,HS6,271019
1703,"SAVANNAH, GA",5590,SINGAPORE,DET,568903,568903,127265,2024-12,HS6,271019
1703,"SAVANNAH, GA",5600,INDONESIA,DET,31759,31759,10693,2024-12,HS6,271019
1703,"SAVANNAH, GA",5650,PHILIPPINES,DET,98854,98854,14699,2024-12,HS6,271019
1703,"SAVANNAH, GA",5700,CHINA,DET,628892,628892,128765,2024-12,HS6,271019
1703,"SAVANNAH, GA",5800,"KOREA, SOUTH",DET,1984963,1984963,484657,2024-12,HS6,271019
1703,"SAVANNAH, GA",5820,HONG KONG,DET,103698,103698,37223,2024-12,HS6,271019
1703,"SAVANNAH, GA",5830,TAIWAN,DET,313746,313746,67068,2024-12,HS6,271019
1703,"SAVANNAH, GA",5880,JAPAN,DET,833394,833394,579502,2024-12,HS6,271019
1703,"SAVANNAH, GA",5XXX,ASIA,CGP,12475609,12475609,5017041,2024-12,HS6,271019
1703,"SAVANNAH, GA",6021,AUSTRALIA,DET,618523,618523,164714,2024-12,HS6,271019
1703,"SAVANNAH, GA",6141,NEW ZEALAND,DET,308561,308561,109849,2024-12,HS6,271019
1703,"SAVANNAH, GA",6150,SAMOA,DET,5429,5429,2558,2024-12,HS6,271019
1703,"SAVANNAH, GA",6414,FRENCH POLYNESIA,DET,16748,16748,7202,2024-12,HS6,271019
1703,"SAVANNAH, GA",6XXX,AUSTRALIA AND OCEANIA,CGP,949261,949261,284323,2024-12,HS6,271019
1703,"SAVANNAH, GA",7230,TUNISIA,DET,2785,2785,960,2024-12,HS6,271019
1703,"SAVANNAH, GA",7250,LIBYA,DET,59457,59457,21673,2024-12,HS6,271019
1703,"SAVANNAH, GA",7290,EGYPT,DET,175781,175781,51101,2024-12,HS6,271019
1703,"SAVANNAH, GA",7410,MAURITANIA,DET,19044,19044,6418,2024-12,HS6,271019
1703,"SAVANNAH, GA",7440,SENEGAL,DET,4500,4500,5727,2024-12,HS6,271019
1703,"SAVANNAH, GA",7470,SIERRA LEONE,DET,3357,3357,420,2024-12,HS6,271019
1703,"SAVANNAH, GA",7490,GHANA,DET,53056,53056,12957,2024-12,HS6,271019
1703,"SAVANNAH, GA",7520,TOGO,DET,12400,12400,15682,2024-12,HS6,271019
1703,"SAVANNAH, GA",7530,NIGERIA,DET,14900,14900,2700,2024-12,HS6,271019
1703,"SAVANNAH, GA",7610,BENIN,DET,29469,29469,16480,2024-12,HS6,271019
1703,"SAVANNAH, GA",7749,ETHIOPIA,DET,71999,71999,22254,2024-12,HS6,271019
1703,"SAVANNAH, GA",7830,TANZANIA,DET,48720,48720,29294,2024-12,HS6,271019
1703,"SAVANNAH, GA",7850,MAURITIUS,DET,44200,44200,12542,2024-12,HS6,271019
1703,"SAVANNAH, GA",7910,SOUTH AFRICA,DET,203848,203848,36916,2024-12,HS6,271019
1703,"SAVANNAH, GA",7XXX,AFRICA,CGP,743516,743516,235124,2024-12,HS6,271019
1704,"ATLANTA, GA",0003,EUROPEAN UNION,CGP,361439,0,0,2024-12,HS6,271019
1704,"ATLANTA, GA",0014,PACIFIC RIM COUNTRIES,CGP,147847,0,0,2024-12,HS6,271019
1704,"ATLANTA, GA",0021,TWENTY LATIN AMERICAN REPUBLICS,CGP,13644,0,0,2024-12,HS6,271019
1704,"ATLANTA, GA",0022,OECD,CGP,478465,0,0,2024-12,HS6,271019
1704,"ATLANTA, GA",0023,NATO,CGP,395163,0,0,2024-12,HS6,271019
1704,"ATLANTA, GA",0024,LAFTA,CGP,13644,0,0,2024-12,HS6,271019
1704,"ATLANTA, GA",0025,EURO AREA,CGP,356939,0,0,2024-12,HS6,271019
1704,"ATLANTA, GA",0026,APEC,CGP,164721,0,0,2024-12,HS6,271019
1704,"ATLANTA, GA",0027,ASEAN,CGP,53225,0,0,2024-12,HS6,271019
1704,"ATLANTA, GA",2720,BARBADOS,DET,29876,0,0,2024-12,HS6,271019
1704,"ATLANTA, GA",2XXX,CENTRAL AMERICA,CGP,29876,0,0,2024-12,HS6,271019
1704,"ATLANTA, GA",3330,PERU,DET,8475,0,0,2024-12,HS6,271019
1704,"ATLANTA, GA",3370,CHILE,DET,5169,0,0,2024-12,HS6,271019
1704,"ATLANTA, GA",3XXX,SOUTH AMERICA,CGP,13644,0,0,2024-12,HS6,271019
1704,"ATLANTA, GA",4099,DENMARK,DET,4500,0,0,2024-12,HS6,271019
1704,"ATLANTA, GA",4120,UNITED KINGDOM,DET,21336,0,0,2024-12,HS6,271019
1704,"ATLANTA, GA",4210,NETHERLANDS,DET,72788,0,0,2024-12,HS6,271019
1704,"ATLANTA, GA",4231,BELGIUM,DET,3325,0,0,2024-12,HS6,271019
1704,"ATLANTA, GA",4279,FRANCE,DET,19393,0,0,2024-12,HS6,271019
1704,"ATLANTA, GA",4280,GERMANY,DET,261433,0,0,2024-12,HS6,271019
1704,"ATLANTA, GA",4634,KAZAKHSTAN,DET,2986,0,0,2024-12,HS6,271019
1704,"ATLANTA, GA",4890,TURKEY,DET,12388,0,0,2024-12,HS6,271019
1704,"ATLANTA, GA",4XXX,EUROPE,CGP,398149,0,0,2024-12,HS6,271019
1704,"ATLANTA, GA",5040,LEBANON,DET,3086,0,0,2024-12,HS6,271019
1704,"ATLANTA, GA",5130,KUWAIT,DET,35485,0,0,2024-12,HS6,271019
1704,"ATLANTA, GA",5170,SAUDI ARABIA,DET,25304,0,0,2024-12,HS6,271019
1704,"ATLANTA, GA",5180,QATAR,DET,23850,0,0,2024-12,HS6,271019
1704,"ATLANTA, GA",5200,UNITED ARAB EMIRATES,DET,36497,0,0,2024-12,HS6,271019
1704,"ATLANTA, GA",5230,OMAN,DET,51414,0,0,2024-12,HS6,271019
1704,"ATLANTA, GA",5250,BAHRAIN,DET,4545,0,0,2024-12,HS6,271019
1704,"ATLANTA, GA",5330,INDIA,DET,47306,0,0,2024-12,HS6,271019
1704,"ATLANTA, GA",5520,VIETNAM,DET,3230,0,0,2024-12,HS6,271019
1704,"ATLANTA, GA",5570,MALAYSIA,DET,9600,0,0,2024-12,HS6,271019
1704,"ATLANTA, GA",5590,SINGAPORE,DET,34500,0,0,2024-12,HS6,271019
1704,"ATLANTA, GA",5600,INDONESIA,DET,5895,0,0,2024-12,HS6,271019
1704,"ATLANTA, GA",5700,CHINA,DET,12697,0,0,2024-12,HS6,271019
1704,"ATLANTA, GA",5800,"KOREA, SOUTH",DET,11114,0,0,2024-12,HS6,271019
1704,"ATLANTA, GA",5820,HONG KONG,DET,7022,0,0,2024-12,HS6,271019
1704,"ATLANTA, GA",5880,JAPAN,DET,33806,0,0,2024-12,HS6,271019
1704,"ATLANTA, GA",5XXX,ASIA,CGP,345351,0,0,2024-12,HS6,271019
1704,"ATLANTA, GA",6021,AUSTRALIA,DET,33213,0,0,2024-12,HS6,271019
1704,"ATLANTA, GA",6XXX,AUSTRALIA AND OCEANIA,CGP,33213,0,0,2024-12,HS6,271019
1704,"ATLANTA, GA",7380,EQUATORIAL GUINEA,DET,3580,0,0,2024-12,HS6,271019
1704,"ATLANTA, GA",7530,NIGERIA,DET,6380,0,0,2024-12,HS6,271019
1704,"ATLANTA, GA",7910,SOUTH AFRICA,DET,81949,0,0,2024-12,HS6,271019
1704,"ATLANTA, GA",7XXX,AFRICA,CGP,91909,0,0,2024-12,HS6,271019
1801,"TAMPA, FL",0014,PACIFIC RIM COUNTRIES,CGP,1793582,1762982,610454,2024-12,HS6,271019
1801,"TAMPA, FL",0017,CAFTA-DR,CGP,1504752,1504752,507255,2024-12,HS6,271019
1801,"TAMPA, FL",0021,TWENTY LATIN AMERICAN REPUBLICS,CGP,9053403,9053403,2826995,2024-12,HS6,271019
1801,"TAMPA, FL",0022,OECD,CGP,1805726,1775126,529928,2024-12,HS6,271019
1801,"TAMPA, FL",0024,LAFTA,CGP,6624895,6624895,2030311,2024-12,HS6,271019
1801,"TAMPA, FL",0026,APEC,CGP,2931049,2900449,898953,2024-12,HS6,271019
1801,"TAMPA, FL",0027,ASEAN,CGP,818554,818554,339294,2024-12,HS6,271019
1801,"TAMPA, FL",0028,CACM,CGP,1504752,1504752,507255,2024-12,HS6,271019
1801,"TAMPA, FL",2050,GUATEMALA,DET,363098,363098,101558,2024-12,HS6,271019
1801,"TAMPA, FL",2150,HONDURAS,DET,972996,972996,275056,2024-12,HS6,271019
1801,"TAMPA, FL",2230,COSTA RICA,DET,168658,168658,130641,2024-12,HS6,271019
1801,"TAMPA, FL",2250,PANAMA,DET,923756,923756,289429,2024-12,HS6,271019
1801,"TAMPA, FL",2XXX,CENTRAL AMERICA,CGP,2428508,2428508,796684,2024-12,HS6,271019
1801,"TAMPA, FL",3310,ECUADOR,DET,1333974,1333974,440498,2024-12,HS6,271019
1801,"TAMPA, FL",3330,PERU,DET,171660,171660,48910,2024-12,HS6,271019
1801,"TAMPA, FL",3350,BOLIVIA,DET,3226131,3226131,979079,2024-12,HS6,271019
1801,"TAMPA, FL",3370,CHILE,DET,881919,881919,212030,2024-12,HS6,271019
1801,"TAMPA, FL",3530,PARAGUAY,DET,1011211,1011211,349794,2024-12,HS6,271019
1801,"TAMPA, FL",3XXX,SOUTH AMERICA,CGP,6624895,6624895,2030311,2024-12,HS6,271019
1801,"TAMPA, FL",5520,VIETNAM,DET,83888,83888,27559,2024-12,HS6,271019
1801,"TAMPA, FL",5570,MALAYSIA,DET,47962,47962,17006,2024-12,HS6,271019
1801,"TAMPA, FL",5650,PHILIPPINES,DET,686704,686704,294729,2024-12,HS6,271019
1801,"TAMPA, FL",5700,CHINA,DET,99280,99280,26644,2024-12,HS6,271019
1801,"TAMPA, FL",5800,"KOREA, SOUTH",DET,449082,418482,106067,2024-12,HS6,271019
1801,"TAMPA, FL",5830,TAIWAN,DET,204487,204487,84818,2024-12,HS6,271019
1801,"TAMPA, FL",5880,JAPAN,DET,306067,306067,81190,2024-12,HS6,271019
1801,"TAMPA, FL",5XXX,ASIA,CGP,1877470,1846870,638013,2024-12,HS6,271019
1803,"JACKSONVILLE, FL",0003,EUROPEAN UNION,CGP,86939,86939,10915,2024-12,HS6,271019
1803,"JACKSONVILLE, FL",0014,PACIFIC RIM COUNTRIES,CGP,951119,951119,101913,2024-12,HS6,271019
1803,"JACKSONVILLE, FL",0017,CAFTA-DR,CGP,300242,300242,90113,2024-12,HS6,271019
1803,"JACKSONVILLE, FL",0021,TWENTY LATIN AMERICAN REPUBLICS,CGP,18324761,18324761,21953926,2024-12,HS6,271019
1803,"JACKSONVILLE, FL",0022,OECD,CGP,1083310,1083310,129263,2024-12,HS6,271019
1803,"JACKSONVILLE, FL",0023,NATO,CGP,66293,66293,7436,2024-12,HS6,271019
1803,"JACKSONVILLE, FL",0024,LAFTA,CGP,18024519,18024519,21863813,2024-12,HS6,271019
1803,"JACKSONVILLE, FL",0025,EURO AREA,CGP,86939,86939,10915,2024-12,HS6,271019
1803,"JACKSONVILLE, FL",0026,APEC,CGP,1146935,1146935,146051,2024-12,HS6,271019
1803,"JACKSONVILLE, FL",0027,ASEAN,CGP,106612,106612,17883,2024-12,HS6,271019
1803,"JACKSONVILLE, FL",0028,CACM,CGP,300242,300242,90113,2024-12,HS6,271019
1803,"JACKSONVILLE, FL",2110,EL SALVADOR,DET,95700,95700,30463,2024-12,HS6,271019
1803,"JACKSONVILLE, FL",2150,HONDURAS,DET,204542,204542,59650,2024-12,HS6,271019
1803,"JACKSONVILLE, FL",2360,BAHAMAS,DET,95908,95908,18855,2024-12,HS6,271019
1803,"JACKSONVILLE, FL",2XXX,CENTRAL AMERICA,CGP,396150,396150,108968,2024-12,HS6,271019
1803,"JACKSONVILLE, FL",3370,CHILE,DET,195816,195816,44138,2024-12,HS6,271019
1803,"JACKSONVILLE, FL",3510,BRAZIL,DET,1572982,1572982,543195,2024-12,HS6,271019
1803,"JACKSONVILLE, FL",3530,PARAGUAY,DET,83129,83129,34345,2024-12,HS6,271019
1803,"JACKSONVILLE, FL",3570,ARGENTINA,DET,16172592,16172592,21242135,2024-12,HS6,271019
1803,"JACKSONVILLE, FL",3XXX,SOUTH AMERICA,CGP,18024519,18024519,21863813,2024-12,HS6,271019
1803,"JACKSONVILLE, FL",4210,NETHERLANDS,DET,66293,66293,7436,2024-12,HS6,271019
1803,"JACKSONVILLE, FL",4910,CYPRUS,DET,20646,20646,3479,2024-12,HS6,271019
1803,"JACKSONVILLE, FL",4XXX,EUROPE,CGP,86939,86939,10915,2024-12,HS6,271019
1803,"JACKSONVILLE, FL",5600,INDONESIA,DET,70876,70876,11863,2024-12,HS6,271019
1803,"JACKSONVILLE, FL",5650,PHILIPPINES,DET,35736,35736,6020,2024-12,HS6,271019
1803,"JACKSONVILLE, FL",5700,CHINA,DET,23306,23306,6341,2024-12,HS6,271019
1803,"JACKSONVILLE, FL",5880,JAPAN,DET,821201,821201,77689,2024-12,HS6,271019
1803,"JACKSONVILLE, FL",5XXX,ASIA,CGP,951119,951119,101913,2024-12,HS6,271019
1805,"FERNANDINA, FL",2320,BERMUDA,DET,2276294,2276294,710700,2024-12,HS6,271019
1805,"FERNANDINA, FL",2XXX,CENTRAL AMERICA,CGP,2276294,2276294,710700,2024-12,HS6,271019
1808,"ORLANDO, FL",0021,TWENTY LATIN AMERICAN REPUBLICS,CGP,10733,0,0,2024-12,HS6,271019
1808,"ORLANDO, FL",0024,LAFTA,CGP,10733,0,0,2024-12,HS6,271019
1808,"ORLANDO, FL",3510,BRAZIL,DET,10733,0,0,2024-12,HS6,271019
1808,"ORLANDO, FL",3XXX,SOUTH AMERICA,CGP,10733,0,0,2024-12,HS6,271019
1808,"ORLANDO, FL",5330,INDIA,DET,5050,0,0,2024-12,HS6,271019
1808,"ORLANDO, FL",5XXX,ASIA,CGP,5050,0,0,2024-12,HS6,271019
1816,"PORT CANAVERAL, FL",2360,BAHAMAS,DET,21064,21064,4431,2024-12,HS6,271019
1816,"PORT CANAVERAL, FL",2XXX,CENTRAL AMERICA,CGP,21064,21064,4431,2024-12,HS6,271019
1818,"PANAMA CITY, FL",0020,USMCA (NAFTA),CGP,41252,41252,7857,2024-12,HS6,271019
1818,"PANAMA CITY, FL",0021,TWENTY LATIN AMERICAN REPUBLICS,CGP,41252,41252,7857,2024-12,HS6,271019
1818,"PANAMA CITY, FL",0022,OECD,CGP,41252,41252,7857,2024-12,HS6,271019
1818,"PANAMA CITY, FL",0024,LAFTA,CGP,41252,41252,7857,2024-12,HS6,271019
1818,"PANAMA CITY, FL",0026,APEC,CGP,41252,41252,7857,2024-12,HS6,271019
1818,"PANAMA CITY, FL",1XXX,NORTH AMERICA,CGP,41252,41252,7857,2024-12,HS6,271019
1818,"PANAMA CITY, FL",2010,MEXICO,DET,41252,41252,7857,2024-12,HS6,271019
1883,"SARASOTA-BRADENTON AIRPORT, FL",0021,TWENTY LATIN AMERICAN REPUBLICS,CGP,14710,0,0,2024-12,HS6,271019
1883,"SARASOTA-BRADENTON AIRPORT, FL",2250,PANAMA,DET,14710,0,0,2024-12,HS6,271019
1883,"SARASOTA-BRADENTON AIRPORT, FL",2XXX,CENTRAL AMERICA,CGP,14710,0,0,2024-12,HS6,271019
1888,"ORLANDO EXECUTIVE AIRPORT, FL",0003,EUROPEAN UNION,CGP,5000,0,0,2024-12,HS6,271019
1888,"ORLANDO EXECUTIVE AIRPORT, FL",0022,OECD,CGP,5000,0,0,2024-12,HS6,271019
1888,"ORLANDO EXECUTIVE AIRPORT, FL",0023,NATO,CGP,5000,0,0,2024-12,HS6,271019
1888,"ORLANDO EXECUTIVE AIRPORT, FL",0025,EURO AREA,CGP,5000,0,0,2024-12,HS6,271019
1888,"ORLANDO EXECUTIVE AIRPORT, FL",4279,FRANCE,DET,5000,0,0,2024-12,HS6,271019
1888,"ORLANDO EXECUTIVE AIRPORT, FL",4XXX,EUROPE,CGP,5000,0,0,2024-12,HS6,271019
1901,"MOBILE, AL",0003,EUROPEAN UNION,CGP,37958048,37958048,50773100,2024-12,HS6,271019
1901,"MOBILE, AL",0014,PACIFIC RIM COUNTRIES,CGP,89576,89576,42061,2024-12,HS6,271019
1901,"MOBILE, AL",0017,CAFTA-DR,CGP,107613177,107613177,120751093,2024-12,HS6,271019
1901,"MOBILE, AL",0020,USMCA (NAFTA),CGP,116267217,116267217,165697676,2024-12,HS6,271019
1901,"MOBILE, AL",0021,TWENTY LATIN AMERICAN REPUBLICS,CGP,155731892,155731892,176917039,2024-12,HS6,271019
1901,"MOBILE, AL",0022,OECD,CGP,180830687,180830687,254790498,2024-12,HS6,271019
1901,"MOBILE, AL",0023,NATO,CGP,132766288,132766288,198628216,2024-12,HS6,271019
1901,"MOBILE, AL",0024,LAFTA,CGP,48118715,48118715,56165946,2024-12,HS6,271019
1901,"MOBILE, AL",0025,EURO AREA,CGP,37958048,37958048,50773100,2024-12,HS6,271019
1901,"MOBILE, AL",0026,APEC,CGP,116688659,116688659,165901302,2024-12,HS6,271019
1901,"MOBILE, AL",0027,ASEAN,CGP,186243,186243,130035,2024-12,HS6,271019
1901,"MOBILE, AL",1220,CANADA,DET,69733885,69733885,109755669,2024-12,HS6,271019
1901,"MOBILE, AL",1XXX,NORTH AMERICA,CGP,116267217,116267217,165697676,2024-12,HS6,271019
1901,"MOBILE, AL",2010,MEXICO,DET,46533332,46533332,55942007,2024-12,HS6,271019
1901,"MOBILE, AL",2360,BAHAMAS,DET,3727379,3727379,4767227,2024-12,HS6,271019
1901,"MOBILE, AL",2410,JAMAICA,DET,27797080,27797080,32415188,2024-12,HS6,271019
1901,"MOBILE, AL",2470,DOMINICAN REPUBLIC,DET,107613177,107613177,120751093,2024-12,HS6,271019
1901,"MOBILE, AL",2740,TRINIDAD AND TOBAGO,DET,11622872,11622872,17266355,2024-12,HS6,271019
1901,"MOBILE, AL",2XXX,CENTRAL AMERICA,CGP,150760508,150760508,175199863,2024-12,HS6,271019
1901,"MOBILE, AL",3010,COLOMBIA,DET,1337429,1337429,157564,2024-12,HS6,271019
1901,"MOBILE, AL",3330,PERU,DET,41561,41561,10880,2024-12,HS6,271019
1901,"MOBILE, AL",3370,CHILE,DET,125778,125778,37995,2024-12,HS6,271019
1901,"MOBILE, AL",3510,BRAZIL,DET,80615,80615,17500,2024-12,HS6,271019
1901,"MOBILE, AL",3XXX,SOUTH AMERICA,CGP,1585383,1585383,223939,2024-12,HS6,271019
1901,"MOBILE, AL",4000,ICELAND,DET,25074355,25074355,38099447,2024-12,HS6,271019
1901,"MOBILE, AL",4210,NETHERLANDS,DET,9361224,9361224,12599867,2024-12,HS6,271019
1901,"MOBILE, AL",4279,FRANCE,DET,28596824,28596824,38173233,2024-12,HS6,271019
1901,"MOBILE, AL",4XXX,EUROPE,CGP,63032403,63032403,88872547,2024-12,HS6,271019
1901,"MOBILE, AL",5490,THAILAND,DET,164527,164527,112690,2024-12,HS6,271019
1901,"MOBILE, AL",5590,SINGAPORE,DET,21716,21716,17345,2024-12,HS6,271019
1901,"MOBILE, AL",5880,JAPAN,DET,67860,67860,24716,2024-12,HS6,271019
1901,"MOBILE, AL",5XXX,ASIA,CGP,254103,254103,154751,2024-12,HS6,271019
1902,"GULFPORT, MS",0017,CAFTA-DR,CGP,45539603,45539603,12469567,2024-12,HS6,271019
1902,"GULFPORT, MS",0021,TWENTY LATIN AMERICAN REPUBLICS,CGP,45539603,45539603,12469567,2024-12,HS6,271019
1902,"GULFPORT, MS",0022,OECD,CGP,674644,674644,431981,2024-12,HS6,271019
1902,"GULFPORT, MS",0028,CACM,CGP,45539603,45539603,12469567,2024-12,HS6,271019
1902,"GULFPORT, MS",2050,GUATEMALA,DET,28536937,28536937,7686029,2024-12,HS6,271019
1902,"GULFPORT, MS",2110,EL SALVADOR,DET,3868651,3868651,1040354,2024-12,HS6,271019
1902,"GULFPORT, MS",2150,HONDURAS,DET,12279131,12279131,3233128,2024-12,HS6,271019
1902,"GULFPORT, MS",2190,NICARAGUA,DET,180240,180240,78075,2024-12,HS6,271019
1902,"GULFPORT, MS",2230,COSTA RICA,DET,674644,674644,431981,2024-12,HS6,271019
1902,"GULFPORT, MS",2XXX,CENTRAL AMERICA,CGP,45539603,45539603,12469567,2024-12,HS6,271019
1903,"PASCAGOULA, MS",0003,EUROPEAN UNION,CGP,501082405,501082405,673985643,2024-12,HS6,271019
1903,"PASCAGOULA, MS",0014,PACIFIC RIM COUNTRIES,CGP,4224272,4224272,4011000,2024-12,HS6,271019
1903,"PASCAGOULA, MS",0017,CAFTA-DR,CGP,722053439,722053439,995157592,2024-12,HS6,271019
1903,"PASCAGOULA, MS",0020,USMCA (NAFTA),CGP,32414873,32414873,40790552,2024-12,HS6,271019
1903,"PASCAGOULA, MS",0021,TWENTY LATIN AMERICAN REPUBLICS,CGP,1967599232,1967599232,2650521012,2024-12,HS6,271019
1903,"PASCAGOULA, MS",0022,OECD,CGP,592063223,592063223,781130342,2024-12,HS6,271019
1903,"PASCAGOULA, MS",0023,NATO,CGP,544098350,544098350,720024643,2024-12,HS6,271019
1903,"PASCAGOULA, MS",0024,LAFTA,CGP,130267354,130267354,162454310,2024-12,HS6,271019
1903,"PASCAGOULA, MS",0025,EURO AREA,CGP,501082405,501082405,673985643,2024-12,HS6,271019
1903,"PASCAGOULA, MS",0026,APEC,CGP,66439145,66439145,83601937,2024-12,HS6,271019
1903,"PASCAGOULA, MS",0027,ASEAN,CGP,4224272,4224272,4011000,2024-12,HS6,271019
1903,"PASCAGOULA, MS",0028,CACM,CGP,702579251,702579251,970698880,2024-12,HS6,271019
1903,"PASCAGOULA, MS",1XXX,NORTH AMERICA,CGP,32414873,32414873,40790552,2024-12,HS6,271019
1903,"PASCAGOULA, MS",2010,MEXICO,DET,32414873,32414873,40790552,2024-12,HS6,271019
1903,"PASCAGOULA, MS",2050,GUATEMALA,DET,324593419,324593419,450710626,2024-12,HS6,271019
1903,"PASCAGOULA, MS",2110,EL SALVADOR,DET,62895701,62895701,89766755,2024-12,HS6,271019
1903,"PASCAGOULA, MS",2150,HONDURAS,DET,315090131,315090131,430221499,2024-12,HS6,271019
1903,"PASCAGOULA, MS",2250,PANAMA,DET,1115278439,1115278439,1492909110,2024-12,HS6,271019
1903,"PASCAGOULA, MS",2360,BAHAMAS,DET,2218088,2218088,2675767,2024-12,HS6,271019
1903,"PASCAGOULA, MS",2470,DOMINICAN REPUBLIC,DET,19474188,19474188,24458712,2024-12,HS6,271019
1903,"PASCAGOULA, MS",2XXX,CENTRAL AMERICA,CGP,1839549966,1839549966,2490742469,2024-12,HS6,271019
1903,"PASCAGOULA, MS",3010,COLOMBIA,DET,15550000,15550000,20315147,2024-12,HS6,271019
1903,"PASCAGOULA, MS",3330,PERU,DET,29800000,29800000,38800385,2024-12,HS6,271019
1903,"PASCAGOULA, MS",3510,BRAZIL,DET,47254472,47254472,58905088,2024-12,HS6,271019
1903,"PASCAGOULA, MS",3550,URUGUAY,DET,2326319,2326319,2485000,2024-12,HS6,271019
1903,"PASCAGOULA, MS",3570,ARGENTINA,DET,2921690,2921690,1158138,2024-12,HS6,271019
1903,"PASCAGOULA, MS",3XXX,SOUTH AMERICA,CGP,97852481,97852481,121663758,2024-12,HS6,271019
1903,"PASCAGOULA, MS",4210,NETHERLANDS,DET,309757220,309757220,462082643,2024-12,HS6,271019
1903,"PASCAGOULA, MS",4231,BELGIUM,DET,157660410,157660410,174135000,2024-12,HS6,271019
1903,"PASCAGOULA, MS",4279,FRANCE,DET,33664775,33664775,37768000,2024-12,HS6,271019
1903,"PASCAGOULA, MS",4890,TURKEY,DET,43015945,43015945,46039000,2024-12,HS6,271019
1903,"PASCAGOULA, MS",4XXX,EUROPE,CGP,544098350,544098350,720024643,2024-12,HS6,271019
1903,"PASCAGOULA, MS",5200,UNITED ARAB EMIRATES,DET,39026909,39026909,46373460,2024-12,HS6,271019
1903,"PASCAGOULA, MS",5350,PAKISTAN,DET,26174420,26174420,27065000,2024-12,HS6,271019
1903,"PASCAGOULA, MS",5590,SINGAPORE,DET,4224272,4224272,4011000,2024-12,HS6,271019
1903,"PASCAGOULA, MS",5XXX,ASIA,CGP,69425601,69425601,77449460,2024-12,HS6,271019
1903,"PASCAGOULA, MS",7140,MOROCCO,DET,14746514,14746514,14889000,2024-12,HS6,271019
1903,"PASCAGOULA, MS",7290,EGYPT,DET,16691458,16691458,18132000,2024-12,HS6,271019
1903,"PASCAGOULA, MS",7790,KENYA,DET,3639299,3639299,3646000,2024-12,HS6,271019
1903,"PASCAGOULA, MS",7910,SOUTH AFRICA,DET,85884916,85884916,88320463,2024-12,HS6,271019
1903,"PASCAGOULA, MS",7XXX,AFRICA,CGP,120962187,120962187,124987463,2024-12,HS6,271019
1910,"HUNTSVILLE, AL",0003,EUROPEAN UNION,CGP,7986,0,0,2024-12,HS6,271019
1910,"HUNTSVILLE, AL",0022,OECD,CGP,7986,0,0,2024-12,HS6,271019
1910,"HUNTSVILLE, AL",0023,NATO,CGP,7986,0,0,2024-12,HS6,271019
1910,"HUNTSVILLE, AL",0025,EURO AREA,CGP,7986,0,0,2024-12,HS6,271019
1910,"HUNTSVILLE, AL",4280,GERMANY,DET,7986,0,0,2024-12,HS6,271019
1910,"HUNTSVILLE, AL",4XXX,EUROPE,CGP,7986,0,0,2024-12,HS6,271019
1910,"HUNTSVILLE, AL",7910,SOUTH AFRICA,DET,24548,0,0,2024-12,HS6,271019
1910,"HUNTSVILLE, AL",7XXX,AFRICA,CGP,24548,0,0,2024-12,HS6,271019
2001,"MORGAN CITY, LA",0020,USMCA (NAFTA),CGP,5165895,5165895,5086055,2024-12,HS6,271019
2001,"MORGAN CITY, LA",0021,TWENTY LATIN AMERICAN REPUBLICS,CGP,5218310,5218310,5122158,2024-12,HS6,271019
2001,"MORGAN CITY, LA",0022,OECD,CGP,5169095,5169095,5086681,2024-12,HS6,271019
2001,"MORGAN CITY, LA",0023,NATO,CGP,3200,3200,626,2024-12,HS6,271019
2001,"MORGAN CITY, LA",0024,LAFTA,CGP,5165895,5165895,5086055,2024-12,HS6,271019
2001,"MORGAN CITY, LA",0026,APEC,CGP,5165895,5165895,5086055,2024-12,HS6,271019
2001,"MORGAN CITY, LA",1XXX,NORTH AMERICA,CGP,5165895,5165895,5086055,2024-12,HS6,271019
2001,"MORGAN CITY, LA",2010,MEXICO,DET,5165895,5165895,5086055,2024-12,HS6,271019
2001,"MORGAN CITY, LA",2250,PANAMA,DET,52415,52415,36103,2024-12,HS6,271019
2001,"MORGAN CITY, LA",2XXX,CENTRAL AMERICA,CGP,52415,52415,36103,2024-12,HS6,271019
2001,"MORGAN CITY, LA",3120,GUYANA,DET,363723,363723,210151,2024-12,HS6,271019
2001,"MORGAN CITY, LA",3XXX,SOUTH AMERICA,CGP,363723,363723,210151,2024-12,HS6,271019
2001,"MORGAN CITY, LA",4039,NORWAY,DET,3200,3200,626,2024-12,HS6,271019
2001,"MORGAN CITY, LA",4XXX,EUROPE,CGP,3200,3200,626,2024-12,HS6,271019
2001,"MORGAN CITY, LA",7650,LIBERIA,DET,26904,26904,8188,2024-12,HS6,271019
2001,"MORGAN CITY, LA",7XXX,AFRICA,CGP,26904,26904,8188,2024-12,HS6,271019
2002,"NEW ORLEANS, LA",0003,EUROPEAN UNION,CGP,2052524509,2051311505,2651279057,2024-12,HS6,271019
2002,"NEW ORLEANS, LA",0014,PACIFIC RIM COUNTRIES,CGP,99079389,98477275,142872620,2024-12,HS6,271019
2002,"NEW ORLEANS, LA",0017,CAFTA-DR,CGP,201714882,201692656,258926971,2024-12,HS6,271019
2002,"NEW ORLEANS, LA",0020,USMCA (NAFTA),CGP,260559483,259795079,288529800,2024-12,HS6,271019
2002,"NEW ORLEANS, LA",0021,TWENTY LATIN AMERICAN REPUBLICS,CGP,1475311865,1475103145,1889450794,2024-12,HS6,271019
2002,"NEW ORLEANS, LA",0022,OECD,CGP,4090493026,4087294253,4912122725,2024-12,HS6,271019
2002,"NEW ORLEANS, LA",0023,NATO,CGP,3625311886,3622586614,4359277374,2024-12,HS6,271019
2002,"NEW ORLEANS, LA",0024,LAFTA,CGP,1108228789,1108042295,1379330999,2024-12,HS6,271019
2002,"NEW ORLEANS, LA",0025,EURO AREA,CGP,1855980353,1855361988,2395367462,2024-12,HS6,271019
2002,"NEW ORLEANS, LA",0026,APEC,CGP,867675105,866219016,1142528853,2024-12,HS6,271019
2002,"NEW ORLEANS, LA",0027,ASEAN,CGP,252452079,252271907,424215617,2024-12,HS6,271019
2002,"NEW ORLEANS, LA",0028,CACM,CGP,74949291,74946431,85577955,2024-12,HS6,271019
2002,"NEW ORLEANS, LA",1220,CANADA,DET,130921269,130253960,135847447,2024-12,HS6,271019
2002,"NEW ORLEANS, LA",1XXX,NORTH AMERICA,CGP,260559483,259795079,288529800,2024-12,HS6,271019
2002,"NEW ORLEANS, LA",2010,MEXICO,DET,129638214,129541119,152682353,2024-12,HS6,271019
2002,"NEW ORLEANS, LA",2050,GUATEMALA,DET,46239551,46239551,61850764,2024-12,HS6,271019
2002,"NEW ORLEANS, LA",2080,BELIZE,DET,3529813,3529813,3415364,2024-12,HS6,271019
2002,"NEW ORLEANS, LA",2110,EL SALVADOR,DET,10692315,10692315,10883591,2024-12,HS6,271019
2002,"NEW ORLEANS, LA",2150,HONDURAS,DET,8106813,8106813,9276695,2024-12,HS6,271019
2002,"NEW ORLEANS, LA",2190,NICARAGUA,DET,2373821,2373821,1437199,2024-12,HS6,271019
2002,"NEW ORLEANS, LA",2230,COSTA RICA,DET,7536791,7533931,2129706,2024-12,HS6,271019
2002,"NEW ORLEANS, LA",2250,PANAMA,DET,162803973,162803973,250224019,2024-12,HS6,271019
2002,"NEW ORLEANS, LA",2360,BAHAMAS,DET,211168241,211168241,348937711,2024-12,HS6,271019
2002,"NEW ORLEANS, LA",2410,JAMAICA,DET,6341581,6338105,8057052,2024-12,HS6,271019
2002,"NEW ORLEANS, LA",2450,HAITI,DET,2564221,2564221,968805,2024-12,HS6,271019
2002,"NEW ORLEANS, LA",2470,DOMINICAN REPUBLIC,DET,126765591,126746225,173349016,2024-12,HS6,271019
2002,"NEW ORLEANS, LA",2481,ANGUILLA,DET,66863,66863,30504,2024-12,HS6,271019
2002,"NEW ORLEANS, LA",2482,BRITISH VIRGIN ISLANDS,DET,11192667,11192667,16759624,2024-12,HS6,271019
2002,"NEW ORLEANS, LA",2483,ST KITTS AND NEVIS,DET,197020,197020,35745,2024-12,HS6,271019
2002,"NEW ORLEANS, LA",2484,ANTIGUA AND BARBUDA,DET,6174093,6174093,7865756,2024-12,HS6,271019
2002,"NEW ORLEANS, LA",2486,DOMINICA,DET,53636,53636,8704,2024-12,HS6,271019
2002,"NEW ORLEANS, LA",2487,ST LUCIA,DET,29873316,29873316,40028520,2024-12,HS6,271019
2002,"NEW ORLEANS, LA",2720,BARBADOS,DET,164311,164311,67622,2024-12,HS6,271019
2002,"NEW ORLEANS, LA",2740,TRINIDAD AND TOBAGO,DET,770351,770351,181704,2024-12,HS6,271019
2002,"NEW ORLEANS, LA",2774,SINT MAARTEN,DET,4313,0,0,2024-12,HS6,271019
2002,"NEW ORLEANS, LA",2777,CURACAO,DET,55310146,55310146,57677518,2024-12,HS6,271019
2002,"NEW ORLEANS, LA",2779,ARUBA,DET,33494,33494,15685,2024-12,HS6,271019
2002,"NEW ORLEANS, LA",2831,GUADELOUPE,DET,15461716,15461716,23064918,2024-12,HS6,271019
2002,"NEW ORLEANS, LA",2XXX,CENTRAL AMERICA,CGP,707424637,707394622,1016266222,2024-12,HS6,271019
2002,"NEW ORLEANS, LA",3010,COLOMBIA,DET,47999493,47991229,41559262,2024-12,HS6,271019
2002,"NEW ORLEANS, LA",3070,VENEZUELA,DET,2298147,2298147,840026,2024-12,HS6,271019
2002,"NEW ORLEANS, LA",3120,GUYANA,DET,7457714,7457714,1842284,2024-12,HS6,271019
2002,"NEW ORLEANS, LA",3150,SURINAME,DET,34537,34537,15919,2024-12,HS6,271019
2002,"NEW ORLEANS, LA",3310,ECUADOR,DET,137690773,137690773,188369295,2024-12,HS6,271019
2002,"NEW ORLEANS, LA",3330,PERU,DET,63921993,63881480,53264578,2024-12,HS6,271019
2002,"NEW ORLEANS, LA",3350,BOLIVIA,DET,820769,820769,211954,2024-12,HS6,271019
2002,"NEW ORLEANS, LA",3370,CHILE,DET,272910054,272897711,362720583,2024-12,HS6,271019
2002,"NEW ORLEANS, LA",3510,BRAZIL,DET,126899933,126885749,133263050,2024-12,HS6,271019
2002,"NEW ORLEANS, LA",3530,PARAGUAY,DET,25279317,25279317,27073528,2024-12,HS6,271019
2002,"NEW ORLEANS, LA",3550,URUGUAY,DET,1909892,1909892,384156,2024-12,HS6,271019
2002,"NEW ORLEANS, LA",3570,ARGENTINA,DET,298860204,298846109,418962214,2024-12,HS6,271019
2002,"NEW ORLEANS, LA",3XXX,SOUTH AMERICA,CGP,986082826,985993427,1228506849,2024-12,HS6,271019
2002,"NEW ORLEANS, LA",4010,SWEDEN,DET,38293525,37722604,48283761,2024-12,HS6,271019
2002,"NEW ORLEANS, LA",4039,NORWAY,DET,113163596,113148778,104114885,2024-12,HS6,271019
2002,"NEW ORLEANS, LA",4050,FINLAND,DET,33712125,33712125,43196041,2024-12,HS6,271019
2002,"NEW ORLEANS, LA",4099,DENMARK,DET,30842739,30837226,40904145,2024-12,HS6,271019
2002,"NEW ORLEANS, LA",4120,UNITED KINGDOM,DET,1324053699,1323214544,1464887505,2024-12,HS6,271019
2002,"NEW ORLEANS, LA",4190,IRELAND,DET,9014,0,0,2024-12,HS6,271019
2002,"NEW ORLEANS, LA",4210,NETHERLANDS,DET,719112995,718977770,908714149,2024-12,HS6,271019
2002,"NEW ORLEANS, LA",4231,BELGIUM,DET,658336211,658320764,849179449,2024-12,HS6,271019
2002,"NEW ORLEANS, LA",4279,FRANCE,DET,310366071,310167799,412733806,2024-12,HS6,271019
2002,"NEW ORLEANS, LA",4280,GERMANY,DET,31037960,30881690,42245645,2024-12,HS6,271019
2002,"NEW ORLEANS, LA",4359,SLOVAKIA,DET,3059,0,0,2024-12,HS6,271019
2002,"NEW ORLEANS, LA",4370,HUNGARY,DET,3050,0,0,2024-12,HS6,271019
2002,"NEW ORLEANS, LA",4419,SWITZERLAND,DET,19665419,19662179,23871686,2024-12,HS6,271019
2002,"NEW ORLEANS, LA",4550,POLAND,DET,99589926,99580003,124756889,2024-12,HS6,271019
2002,"NEW ORLEANS, LA",4633,GEORGIA,DET,100851,100851,116407,2024-12,HS6,271019
2002,"NEW ORLEANS, LA",4644,UZBEKISTAN,DET,487037,479917,509072,2024-12,HS6,271019
2002,"NEW ORLEANS, LA",4700,SPAIN,DET,103354701,103301840,139298372,2024-12,HS6,271019
2002,"NEW ORLEANS, LA",4759,ITALY,DET,40982,0,0,2024-12,HS6,271019
2002,"NEW ORLEANS, LA",4840,GREECE,DET,7235,0,0,2024-12,HS6,271019
2002,"NEW ORLEANS, LA",4850,ROMANIA,DET,27809684,27809684,41966800,2024-12,HS6,271019
2002,"NEW ORLEANS, LA",4870,BULGARIA,DET,5232,0,0,2024-12,HS6,271019
2002,"NEW ORLEANS, LA",4890,TURKEY,DET,4657827,4657827,3148480,2024-12,HS6,271019
2002,"NEW ORLEANS, LA",4XXX,EUROPE,CGP,3514652938,3512575601,4247927092,2024-12,HS6,271019
2002,"NEW ORLEANS, LA",5040,LEBANON,DET,374496,371525,228453,2024-12,HS6,271019
2002,"NEW ORLEANS, LA",5050,IRAQ,DET,72429,65854,81273,2024-12,HS6,271019
2002,"NEW ORLEANS, LA",5081,ISRAEL,DET,242663,149632,220256,2024-12,HS6,271019
2002,"NEW ORLEANS, LA",5110,JORDAN,DET,382737,374496,414148,2024-12,HS6,271019
2002,"NEW ORLEANS, LA",5130,KUWAIT,DET,149131,115778,44335,2024-12,HS6,271019
2002,"NEW ORLEANS, LA",5170,SAUDI ARABIA,DET,1469938,1354217,745446,2024-12,HS6,271019
2002,"NEW ORLEANS, LA",5200,UNITED ARAB EMIRATES,DET,12267014,12102201,9555671,2024-12,HS6,271019
2002,"NEW ORLEANS, LA",5230,OMAN,DET,5810,0,0,2024-12,HS6,271019
2002,"NEW ORLEANS, LA",5250,BAHRAIN,DET,98951,49895,19177,2024-12,HS6,271019
2002,"NEW ORLEANS, LA",5330,INDIA,DET,441116670,441000872,842969986,2024-12,HS6,271019
2002,"NEW ORLEANS, LA",5350,PAKISTAN,DET,25983,25983,21761,2024-12,HS6,271019
2002,"NEW ORLEANS, LA",5490,THAILAND,DET,168697607,168671441,293074634,2024-12,HS6,271019
2002,"NEW ORLEANS, LA",5520,VIETNAM,DET,2506579,2496030,2066638,2024-12,HS6,271019
2002,"NEW ORLEANS, LA",5570,MALAYSIA,DET,29892611,29892611,70246313,2024-12,HS6,271019
2002,"NEW ORLEANS, LA",5590,SINGAPORE,DET,50405835,50284860,57912337,2024-12,HS6,271019
2002,"NEW ORLEANS, LA",5600,INDONESIA,DET,936105,926965,915695,2024-12,HS6,271019
2002,"NEW ORLEANS, LA",5650,PHILIPPINES,DET,13342,0,0,2024-12,HS6,271019
2002,"NEW ORLEANS, LA",5700,CHINA,DET,2557620,2411030,2083163,2024-12,HS6,271019
2002,"NEW ORLEANS, LA",5800,"KOREA, SOUTH",DET,2756397,2712333,1725660,2024-12,HS6,271019
2002,"NEW ORLEANS, LA",5820,HONG KONG,DET,28663,0,0,2024-12,HS6,271019
2002,"NEW ORLEANS, LA",5830,TAIWAN,DET,250805,220287,86807,2024-12,HS6,271019
2002,"NEW ORLEANS, LA",5880,JAPAN,DET,10652818,10477558,8836715,2024-12,HS6,271019
2002,"NEW ORLEANS, LA",5XXX,ASIA,CGP,724904204,723703568,1291248468,2024-12,HS6,271019
2002,"NEW ORLEANS, LA",6021,AUSTRALIA,DET,1585193,1551631,1065930,2024-12,HS6,271019
2002,"NEW ORLEANS, LA",6XXX,AUSTRALIA AND OCEANIA,CGP,1585193,1551631,1065930,2024-12,HS6,271019
2002,"NEW ORLEANS, LA",7140,MOROCCO,DET,66131238,66131238,85538697,2024-12,HS6,271019
2002,"NEW ORLEANS, LA",7250,LIBYA,DET,157354,157354,58460,2024-12,HS6,271019
2002,"NEW ORLEANS, LA",7290,EGYPT,DET,106697033,106697033,187461528,2024-12,HS6,271019
2002,"NEW ORLEANS, LA",7440,SENEGAL,DET,75067,75067,40344,2024-12,HS6,271019
2002,"NEW ORLEANS, LA",7460,GUINEA,DET,21152,21152,15210,2024-12,HS6,271019
2002,"NEW ORLEANS, LA",7490,GHANA,DET,136280,133048,59568,2024-12,HS6,271019
2002,"NEW ORLEANS, LA",7520,TOGO,DET,24047240,24047240,38441443,2024-12,HS6,271019
2002,"NEW ORLEANS, LA",7530,NIGERIA,DET,3626494,3626494,2504160,2024-12,HS6,271019
2002,"NEW ORLEANS, LA",7650,LIBERIA,DET,26660,26660,16856,2024-12,HS6,271019
2002,"NEW ORLEANS, LA",7770,DJIBOUTI,DET,2996,0,0,2024-12,HS6,271019
2002,"NEW ORLEANS, LA",7910,SOUTH AFRICA,DET,596260,593401,463203,2024-12,HS6,271019
2002,"NEW ORLEANS, LA",7920,NAMIBIA,DET,10732,0,0,2024-12,HS6,271019
2002,"NEW ORLEANS, LA",7XXX,AFRICA,CGP,201528506,201508687,314599469,2024-12,HS6,271019
2004,"BATON ROUGE, LA",0003,EUROPEAN UNION,CGP,258723323,258723323,316335753,2024-12,HS6,271019
2004,"BATON ROUGE, LA",0014,PACIFIC RIM COUNTRIES,CGP,48909176,48909176,111360346,2024-12,HS6,271019
2004,"BATON ROUGE, LA",0017,CAFTA-DR,CGP,411411349,411411349,559704760,2024-12,HS6,271019
2004,"BATON ROUGE, LA",0020,USMCA (NAFTA),CGP,236243984,236243984,337537474,2024-12,HS6,271019
2004,"BATON ROUGE, LA",0021,TWENTY LATIN AMERICAN REPUBLICS,CGP,1644782843,1644782843,2240202961,2024-12,HS6,271019
2004,"BATON ROUGE, LA",0022,OECD,CGP,1712319917,1712319917,2232032401,2024-12,HS6,271019
2004,"BATON ROUGE, LA",0023,NATO,CGP,515342462,515342462,628588892,2024-12,HS6,271019
2004,"BATON ROUGE, LA",0024,LAFTA,CGP,1211731892,1211731892,1648517245,2024-12,HS6,271019
2004,"BATON ROUGE, LA",0025,EURO AREA,CGP,244652311,244652311,306052285,2024-12,HS6,271019
2004,"BATON ROUGE, LA",0026,APEC,CGP,1141764759,1141764759,1594245985,2024-12,HS6,271019
2004,"BATON ROUGE, LA",0027,ASEAN,CGP,48083886,48083886,110634132,2024-12,HS6,271019
2004,"BATON ROUGE, LA",0028,CACM,CGP,382023148,382023148,520172160,2024-12,HS6,271019
2004,"BATON ROUGE, LA",1220,CANADA,DET,13543096,13543096,18912544,2024-12,HS6,271019
2004,"BATON ROUGE, LA",1XXX,NORTH AMERICA,CGP,236243984,236243984,337537474,2024-12,HS6,271019
2004,"BATON ROUGE, LA",2010,MEXICO,DET,222700888,222700888,318624930,2024-12,HS6,271019
2004,"BATON ROUGE, LA",2230,COSTA RICA,DET,382023148,382023148,520172160,2024-12,HS6,271019
2004,"BATON ROUGE, LA",2250,PANAMA,DET,21639602,21639602,31980956,2024-12,HS6,271019
2004,"BATON ROUGE, LA",2360,BAHAMAS,DET,5690727,5690727,7401962,2024-12,HS6,271019
2004,"BATON ROUGE, LA",2440,CAYMAN ISLANDS,DET,5157309,5157309,6199846,2024-12,HS6,271019
2004,"BATON ROUGE, LA",2470,DOMINICAN REPUBLIC,DET,29388201,29388201,39532600,2024-12,HS6,271019
2004,"BATON ROUGE, LA",2484,ANTIGUA AND BARBUDA,DET,17071090,17071090,20979027,2024-12,HS6,271019
2004,"BATON ROUGE, LA",2487,ST LUCIA,DET,173171401,173171401,228528066,2024-12,HS6,271019
2004,"BATON ROUGE, LA",2XXX,CENTRAL AMERICA,CGP,634141478,634141478,854794617,2024-12,HS6,271019
2004,"BATON ROUGE, LA",3120,GUYANA,DET,88459,88459,38809,2024-12,HS6,271019
2004,"BATON ROUGE, LA",3310,ECUADOR,DET,69376965,69376965,94305601,2024-12,HS6,271019
2004,"BATON ROUGE, LA",3330,PERU,DET,271296824,271296824,389675213,2024-12,HS6,271019
2004,"BATON ROUGE, LA",3370,CHILE,DET,585305764,585305764,755669352,2024-12,HS6,271019
2004,"BATON ROUGE, LA",3510,BRAZIL,DET,63051451,63051451,90242149,2024-12,HS6,271019
2004,"BATON ROUGE, LA",3XXX,SOUTH AMERICA,CGP,989119463,989119463,1329931124,2024-12,HS6,271019
2004,"BATON ROUGE, LA",4010,SWEDEN,DET,14071012,14071012,10283468,2024-12,HS6,271019
2004,"BATON ROUGE, LA",4039,NORWAY,DET,115987948,115987948,137134158,2024-12,HS6,271019
2004,"BATON ROUGE, LA",4120,UNITED KINGDOM,DET,127088095,127088095,156206437,2024-12,HS6,271019
2004,"BATON ROUGE, LA",4210,NETHERLANDS,DET,134078996,134078996,151102812,2024-12,HS6,271019
2004,"BATON ROUGE, LA",4231,BELGIUM,DET,6619518,6619518,8247368,2024-12,HS6,271019
2004,"BATON ROUGE, LA",4279,FRANCE,DET,86970967,86970967,126421585,2024-12,HS6,271019
2004,"BATON ROUGE, LA",4419,SWITZERLAND,DET,6947655,6947655,8977067,2024-12,HS6,271019
2004,"BATON ROUGE, LA",4700,SPAIN,DET,11358797,11358797,13082133,2024-12,HS6,271019
2004,"BATON ROUGE, LA",4759,ITALY,DET,5624033,5624033,7198387,2024-12,HS6,271019
2004,"BATON ROUGE, LA",4XXX,EUROPE,CGP,508747021,508747021,618653415,2024-12,HS6,271019
2004,"BATON ROUGE, LA",5330,INDIA,DET,193946820,193946820,448947510,2024-12,HS6,271019
2004,"BATON ROUGE, LA",5520,VIETNAM,DET,9011,9011,3600,2024-12,HS6,271019
2004,"BATON ROUGE, LA",5570,MALAYSIA,DET,43730898,43730898,107395995,2024-12,HS6,271019
2004,"BATON ROUGE, LA",5590,SINGAPORE,DET,4343977,4343977,3234537,2024-12,HS6,271019
2004,"BATON ROUGE, LA",5700,CHINA,DET,834301,834301,729814,2024-12,HS6,271019
2004,"BATON ROUGE, LA",5XXX,ASIA,CGP,242865007,242865007,560311456,2024-12,HS6,271019
2004,"BATON ROUGE, LA",7140,MOROCCO,DET,24061131,24061131,31089397,2024-12,HS6,271019
2004,"BATON ROUGE, LA",7XXX,AFRICA,CGP,24061131,24061131,31089397,2024-12,HS6,271019
2006,"MEMPHIS, TN",0003,EUROPEAN UNION,CGP,68475,0,0,2024-12,HS6,271019
2006,"MEMPHIS, TN",0014,PACIFIC RIM COUNTRIES,CGP,34480,0,0,2024-12,HS6,271019
2006,"MEMPHIS, TN",0020,USMCA (NAFTA),CGP,36568,0,0,2024-12,HS6,271019
2006,"MEMPHIS, TN",0022,OECD,CGP,139523,0,0,2024-12,HS6,271019
2006,"MEMPHIS, TN",0023,NATO,CGP,105043,0,0,2024-12,HS6,271019
2006,"MEMPHIS, TN",0025,EURO AREA,CGP,68475,0,0,2024-12,HS6,271019
2006,"MEMPHIS, TN",0026,APEC,CGP,71048,0,0,2024-12,HS6,271019
2006,"MEMPHIS, TN",1220,CANADA,DET,36568,0,0,2024-12,HS6,271019
2006,"MEMPHIS, TN",1XXX,NORTH AMERICA,CGP,36568,0,0,2024-12,HS6,271019
2006,"MEMPHIS, TN",4700,SPAIN,DET,68475,0,0,2024-12,HS6,271019
2006,"MEMPHIS, TN",4XXX,EUROPE,CGP,68475,0,0,2024-12,HS6,271019
2006,"MEMPHIS, TN",5880,JAPAN,DET,34480,0,0,2024-12,HS6,271019
2006,"MEMPHIS, TN",5XXX,ASIA,CGP,34480,0,0,2024-12,HS6,271019
2007,"NASHVILLE, TN",7910,SOUTH AFRICA,DET,16241,0,0,2024-12,HS6,271019
2007,"NASHVILLE, TN",7XXX,AFRICA,CGP,16241,0,0,2024-12,HS6,271019
2010,"GRAMERCY, LA",0003,EUROPEAN UNION,CGP,1808247631,1808247631,2517430306,2024-12,HS6,271019
2010,"GRAMERCY, LA",0017,CAFTA-DR,CGP,27931268,27931268,38318463,2024-12,HS6,271019
2010,"GRAMERCY, LA",0020,USMCA (NAFTA),CGP,175296568,175296568,261587226,2024-12,HS6,271019
2010,"GRAMERCY, LA",0021,TWENTY LATIN AMERICAN REPUBLICS,CGP,1264240683,1264240683,1807457911,2024-12,HS6,271019
2010,"GRAMERCY, LA",0022,OECD,CGP,2699449469,2699449469,3719769043,2024-12,HS6,271019
2010,"GRAMERCY, LA",0023,NATO,CGP,2164437342,2164437342,2971807460,2024-12,HS6,271019
2010,"GRAMERCY, LA",0024,LAFTA,CGP,1196858345,1196858345,1712162799,2024-12,HS6,271019
2010,"GRAMERCY, LA",0025,EURO AREA,CGP,1412859814,1412859814,1982195447,2024-12,HS6,271019
2010,"GRAMERCY, LA",0026,APEC,CGP,313868699,313868699,458822081,2024-12,HS6,271019
2010,"GRAMERCY, LA",1XXX,NORTH AMERICA,CGP,175296568,175296568,261587226,2024-12,HS6,271019
2010,"GRAMERCY, LA",2010,MEXICO,DET,175296568,175296568,261587226,2024-12,HS6,271019
2010,"GRAMERCY, LA",2250,PANAMA,DET,39451070,39451070,56976649,2024-12,HS6,271019
2010,"GRAMERCY, LA",2360,BAHAMAS,DET,32007242,32007242,42302398,2024-12,HS6,271019
2010,"GRAMERCY, LA",2410,JAMAICA,DET,5451600,5451600,7831435,2024-12,HS6,271019
2010,"GRAMERCY, LA",2470,DOMINICAN REPUBLIC,DET,27931268,27931268,38318463,2024-12,HS6,271019
2010,"GRAMERCY, LA",2487,ST LUCIA,DET,22427451,22427451,26396270,2024-12,HS6,271019
2010,"GRAMERCY, LA",2777,CURACAO,DET,10164000,10164000,14600981,2024-12,HS6,271019
2010,"GRAMERCY, LA",2XXX,CENTRAL AMERICA,CGP,137432631,137432631,186426196,2024-12,HS6,271019
2010,"GRAMERCY, LA",3010,COLOMBIA,DET,167934171,167934171,252961229,2024-12,HS6,271019
2010,"GRAMERCY, LA",3310,ECUADOR,DET,138978144,138978144,187061575,2024-12,HS6,271019
2010,"GRAMERCY, LA",3330,PERU,DET,85422649,85422649,119187950,2024-12,HS6,271019
2010,"GRAMERCY, LA",3350,BOLIVIA,DET,28236775,28236775,36480379,2024-12,HS6,271019
2010,"GRAMERCY, LA",3370,CHILE,DET,53149482,53149482,78046905,2024-12,HS6,271019
2010,"GRAMERCY, LA",3510,BRAZIL,DET,508383846,508383846,721653902,2024-12,HS6,271019
2010,"GRAMERCY, LA",3550,URUGUAY,DET,13424981,13424981,17458298,2024-12,HS6,271019
2010,"GRAMERCY, LA",3570,ARGENTINA,DET,26031729,26031729,37725335,2024-12,HS6,271019
2010,"GRAMERCY, LA",3XXX,SOUTH AMERICA,CGP,1021561777,1021561777,1450575573,2024-12,HS6,271019
2010,"GRAMERCY, LA",4039,NORWAY,DET,72167445,72167445,83516855,2024-12,HS6,271019
2010,"GRAMERCY, LA",4099,DENMARK,DET,45464749,45464749,67792647,2024-12,HS6,271019
2010,"GRAMERCY, LA",4120,UNITED KINGDOM,DET,284022266,284022266,370860299,2024-12,HS6,271019
2010,"GRAMERCY, LA",4210,NETHERLANDS,DET,862669394,862669394,1215368462,2024-12,HS6,271019
2010,"GRAMERCY, LA",4231,BELGIUM,DET,134791076,134791076,192350033,2024-12,HS6,271019
2010,"GRAMERCY, LA",4279,FRANCE,DET,259695789,259695789,345585845,2024-12,HS6,271019
2010,"GRAMERCY, LA",4280,GERMANY,DET,63297049,63297049,85123563,2024-12,HS6,271019
2010,"GRAMERCY, LA",4419,SWITZERLAND,DET,138631906,138631906,155366223,2024-12,HS6,271019
2010,"GRAMERCY, LA",4490,LATVIA,DET,34185576,34185576,54155343,2024-12,HS6,271019
2010,"GRAMERCY, LA",4550,POLAND,DET,349923068,349923068,467442212,2024-12,HS6,271019
2010,"GRAMERCY, LA",4700,SPAIN,DET,32170930,32170930,39736841,2024-12,HS6,271019
2010,"GRAMERCY, LA",4720,GIBRALTAR,DET,62527140,62527140,82596054,2024-12,HS6,271019
2010,"GRAMERCY, LA",4759,ITALY,DET,26050000,26050000,49875360,2024-12,HS6,271019
2010,"GRAMERCY, LA",4XXX,EUROPE,CGP,2365596388,2365596388,3209769737,2024-12,HS6,271019
2010,"GRAMERCY, LA",5330,INDIA,DET,12041893,12041893,32205326,2024-12,HS6,271019
2010,"GRAMERCY, LA",5XXX,ASIA,CGP,12041893,12041893,32205326,2024-12,HS6,271019
2010,"GRAMERCY, LA",7140,MOROCCO,DET,69205226,69205226,85924247,2024-12,HS6,271019
2010,"GRAMERCY, LA",7910,SOUTH AFRICA,DET,4437919,4437919,10590411,2024-12,HS6,271019
2010,"GRAMERCY, LA",7XXX,AFRICA,CGP,73643145,73643145,96514658,2024-12,HS6,271019
2017,"LAKE CHARLES, LA",0003,EUROPEAN UNION,CGP,789867838,789867838,1071476394,2024-12,HS6,271019
2017,"LAKE CHARLES, LA",0017,CAFTA-DR,CGP,1472393703,1472393703,2004339298,2024-12,HS6,271019
2017,"LAKE CHARLES, LA",0020,USMCA (NAFTA),CGP,1121922509,1121922509,1427422956,2024-12,HS6,271019
2017,"LAKE CHARLES, LA",0021,TWENTY LATIN AMERICAN REPUBLICS,CGP,2823573764,2823573764,3833645254,2024-12,HS6,271019
2017,"LAKE CHARLES, LA",0022,OECD,CGP,2161351171,2161351171,2818959377,2024-12,HS6,271019
2017,"LAKE CHARLES, LA",0023,NATO,CGP,1108365451,1108365451,1411987539,2024-12,HS6,271019
2017,"LAKE CHARLES, LA",0024,LAFTA,CGP,1234210131,1234210131,1647208723,2024-12,HS6,271019
2017,"LAKE CHARLES, LA",0025,EURO AREA,CGP,727003868,727003868,993610563,2024-12,HS6,271019
2017,"LAKE CHARLES, LA",0026,APEC,CGP,1219545461,1219545461,1552041684,2024-12,HS6,271019
2017,"LAKE CHARLES, LA",0028,CACM,CGP,1357437625,1357437625,1848547795,2024-12,HS6,271019
2017,"LAKE CHARLES, LA",1220,CANADA,DET,192564593,192564593,179766567,2024-12,HS6,271019
2017,"LAKE CHARLES, LA",1XXX,NORTH AMERICA,CGP,1121922509,1121922509,1427422956,2024-12,HS6,271019
2017,"LAKE CHARLES, LA",2010,MEXICO,DET,929357916,929357916,1247656389,2024-12,HS6,271019
2017,"LAKE CHARLES, LA",2050,GUATEMALA,DET,736087131,736087131,1010105033,2024-12,HS6,271019
2017,"LAKE CHARLES, LA",2110,EL SALVADOR,DET,420265044,420265044,562702117,2024-12,HS6,271019
2017,"LAKE CHARLES, LA",2150,HONDURAS,DET,34924375,34924375,50575686,2024-12,HS6,271019
2017,"LAKE CHARLES, LA",2190,NICARAGUA,DET,166161075,166161075,225164959,2024-12,HS6,271019
2017,"LAKE CHARLES, LA",2250,PANAMA,DET,116969930,116969930,182097233,2024-12,HS6,271019
2017,"LAKE CHARLES, LA",2360,BAHAMAS,DET,97297105,97297105,121617122,2024-12,HS6,271019
2017,"LAKE CHARLES, LA",2410,JAMAICA,DET,30471474,30471474,40459505,2024-12,HS6,271019
2017,"LAKE CHARLES, LA",2440,CAYMAN ISLANDS,DET,67411116,67411116,85284783,2024-12,HS6,271019
2017,"LAKE CHARLES, LA",2470,DOMINICAN REPUBLIC,DET,114956078,114956078,155791503,2024-12,HS6,271019
2017,"LAKE CHARLES, LA",2740,TRINIDAD AND TOBAGO,DET,74455440,74455440,83075272,2024-12,HS6,271019
2017,"LAKE CHARLES, LA",2777,CURACAO,DET,48847121,48847121,64540185,2024-12,HS6,271019
2017,"LAKE CHARLES, LA",2779,ARUBA,DET,100801690,100801690,122936566,2024-12,HS6,271019
2017,"LAKE CHARLES, LA",2XXX,CENTRAL AMERICA,CGP,2008647579,2008647579,2704349964,2024-12,HS6,271019
2017,"LAKE CHARLES, LA",3010,COLOMBIA,DET,62587152,62587152,80404391,2024-12,HS6,271019
2017,"LAKE CHARLES, LA",3310,ECUADOR,DET,85719412,85719412,117692417,2024-12,HS6,271019
2017,"LAKE CHARLES, LA",3330,PERU,DET,36582300,36582300,45707670,2024-12,HS6,271019
2017,"LAKE CHARLES, LA",3370,CHILE,DET,61040652,61040652,78911058,2024-12,HS6,271019
2017,"LAKE CHARLES, LA",3510,BRAZIL,DET,51092618,51092618,66661001,2024-12,HS6,271019
2017,"LAKE CHARLES, LA",3570,ARGENTINA,DET,7830081,7830081,10175797,2024-12,HS6,271019
2017,"LAKE CHARLES, LA",3XXX,SOUTH AMERICA,CGP,304852215,304852215,399552334,2024-12,HS6,271019
2017,"LAKE CHARLES, LA",4120,UNITED KINGDOM,DET,125933020,125933020,160744578,2024-12,HS6,271019
2017,"LAKE CHARLES, LA",4210,NETHERLANDS,DET,223467099,223467099,303603560,2024-12,HS6,271019
2017,"LAKE CHARLES, LA",4231,BELGIUM,DET,360661139,360661139,489245517,2024-12,HS6,271019
2017,"LAKE CHARLES, LA",4279,FRANCE,DET,56139873,56139873,83450821,2024-12,HS6,271019
2017,"LAKE CHARLES, LA",4280,GERMANY,DET,32600487,32600487,41360455,2024-12,HS6,271019
2017,"LAKE CHARLES, LA",4510,LITHUANIA,DET,6212089,6212089,8015599,2024-12,HS6,271019
2017,"LAKE CHARLES, LA",4550,POLAND,DET,62863970,62863970,77865831,2024-12,HS6,271019
2017,"LAKE CHARLES, LA",4700,SPAIN,DET,47923181,47923181,67934611,2024-12,HS6,271019
2017,"LAKE CHARLES, LA",4720,GIBRALTAR,DET,33972017,33972017,41755770,2024-12,HS6,271019
2017,"LAKE CHARLES, LA",4XXX,EUROPE,CGP,949772875,949772875,1273976742,2024-12,HS6,271019
2017,"LAKE CHARLES, LA",5200,UNITED ARAB EMIRATES,DET,7135000,7135000,7450000,2024-12,HS6,271019
2017,"LAKE CHARLES, LA",5330,INDIA,DET,22014250,22014250,25462320,2024-12,HS6,271019
2017,"LAKE CHARLES, LA",5XXX,ASIA,CGP,29149250,29149250,32912320,2024-12,HS6,271019
2017,"LAKE CHARLES, LA",7140,MOROCCO,DET,192762312,192762312,253521673,2024-12,HS6,271019
2017,"LAKE CHARLES, LA",7440,SENEGAL,DET,25376701,25376701,41021511,2024-12,HS6,271019
2017,"LAKE CHARLES, LA",7XXX,AFRICA,CGP,218139013,218139013,294543184,2024-12,HS6,271019
2101,"PORT ARTHUR, TX",0003,EUROPEAN UNION,CGP,898974978,898974978,1130687060,2024-12,HS6,271019
2101,"PORT ARTHUR, TX",0017,CAFTA-DR,CGP,57071475,57071475,82909310,2024-12,HS6,271019
2101,"PORT ARTHUR, TX",0020,USMCA (NAFTA),CGP,934684256,934684256,1041665014,2024-12,HS6,271019
2101,"PORT ARTHUR, TX",0021,TWENTY LATIN AMERICAN REPUBLICS,CGP,2009895131,2009895131,2706684250,2024-12,HS6,271019
2101,"PORT ARTHUR, TX",0022,OECD,CGP,2564886079,2564886079,3101324470,2024-12,HS6,271019
2101,"PORT ARTHUR, TX",0023,NATO,CGP,1621821779,1621821779,1819049442,2024-12,HS6,271019
2101,"PORT ARTHUR, TX",0024,LAFTA,CGP,1875312612,1875312612,2499756411,2024-12,HS6,271019
2101,"PORT ARTHUR, TX",0025,EURO AREA,CGP,813615886,813615886,1010712800,2024-12,HS6,271019
2101,"PORT ARTHUR, TX",0026,APEC,CGP,1338677651,1338677651,1575405407,2024-12,HS6,271019
2101,"PORT ARTHUR, TX",0027,ASEAN,CGP,50277,50277,12357,2024-12,HS6,271019
2101,"PORT ARTHUR, TX",0028,CACM,CGP,54128386,54128386,78572908,2024-12,HS6,271019
2101,"PORT ARTHUR, TX",1220,CANADA,DET,445510357,445510357,378169333,2024-12,HS6,271019
2101,"PORT ARTHUR, TX",1XXX,NORTH AMERICA,CGP,934684256,934684256,1041665014,2024-12,HS6,271019
2101,"PORT ARTHUR, TX",2010,MEXICO,DET,489173899,489173899,663495681,2024-12,HS6,271019
2101,"PORT ARTHUR, TX",2230,COSTA RICA,DET,54128386,54128386,78572908,2024-12,HS6,271019
2101,"PORT ARTHUR, TX",2250,PANAMA,DET,77511044,77511044,124018529,2024-12,HS6,271019
2101,"PORT ARTHUR, TX",2360,BAHAMAS,DET,165378319,165378319,385032933,2024-12,HS6,271019
2101,"PORT ARTHUR, TX",2440,CAYMAN ISLANDS,DET,7393547,7393547,10848883,2024-12,HS6,271019
2101,"PORT ARTHUR, TX",2470,DOMINICAN REPUBLIC,DET,2943089,2943089,4336402,2024-12,HS6,271019
2101,"PORT ARTHUR, TX",2484,ANTIGUA AND BARBUDA,DET,4293824,4293824,5357358,2024-12,HS6,271019
2101,"PORT ARTHUR, TX",2XXX,CENTRAL AMERICA,CGP,311648209,311648209,608167013,2024-12,HS6,271019
2101,"PORT ARTHUR, TX",3010,COLOMBIA,DET,107968360,107968360,147586195,2024-12,HS6,271019
2101,"PORT ARTHUR, TX",3310,ECUADOR,DET,323780460,323780460,462397726,2024-12,HS6,271019
2101,"PORT ARTHUR, TX",3330,PERU,DET,112149463,112149463,141107792,2024-12,HS6,271019
2101,"PORT ARTHUR, TX",3370,CHILE,DET,291793655,291793655,392620244,2024-12,HS6,271019
2101,"PORT ARTHUR, TX",3510,BRAZIL,DET,254787697,254787697,311221576,2024-12,HS6,271019
2101,"PORT ARTHUR, TX",3530,PARAGUAY,DET,25791829,25791829,31864789,2024-12,HS6,271019
2101,"PORT ARTHUR, TX",3550,URUGUAY,DET,40543337,40543337,51623685,2024-12,HS6,271019
2101,"PORT ARTHUR, TX",3570,ARGENTINA,DET,229323912,229323912,297838723,2024-12,HS6,271019
2101,"PORT ARTHUR, TX",3XXX,SOUTH AMERICA,CGP,1386138713,1386138713,1836260730,2024-12,HS6,271019
2101,"PORT ARTHUR, TX",4000,ICELAND,DET,29421571,29421571,40282910,2024-12,HS6,271019
2101,"PORT ARTHUR, TX",4039,NORWAY,DET,26175252,26175252,14404606,2024-12,HS6,271019
2101,"PORT ARTHUR, TX",4120,UNITED KINGDOM,DET,214092980,214092980,245310013,2024-12,HS6,271019
2101,"PORT ARTHUR, TX",4210,NETHERLANDS,DET,552905947,552905947,663433274,2024-12,HS6,271019
2101,"PORT ARTHUR, TX",4231,BELGIUM,DET,152298051,152298051,201845276,2024-12,HS6,271019
2101,"PORT ARTHUR, TX",4279,FRANCE,DET,61837791,61837791,81964277,2024-12,HS6,271019
2101,"PORT ARTHUR, TX",4280,GERMANY,DET,28040519,28040519,40292246,2024-12,HS6,271019
2101,"PORT ARTHUR, TX",4510,LITHUANIA,DET,18533578,18533578,23177727,2024-12,HS6,271019
2101,"PORT ARTHUR, TX",4550,POLAND,DET,85359092,85359092,119974260,2024-12,HS6,271019
2101,"PORT ARTHUR, TX",4890,TURKEY,DET,7646641,7646641,10195520,2024-12,HS6,271019
2101,"PORT ARTHUR, TX",4XXX,EUROPE,CGP,1176311422,1176311422,1440880109,2024-12,HS6,271019
2101,"PORT ARTHUR, TX",5170,SAUDI ARABIA,DET,19068307,19068307,22886789,2024-12,HS6,271019
2101,"PORT ARTHUR, TX",5200,UNITED ARAB EMIRATES,DET,40083,40083,7177,2024-12,HS6,271019
2101,"PORT ARTHUR, TX",5330,INDIA,DET,13543647,13543647,20101543,2024-12,HS6,271019
2101,"PORT ARTHUR, TX",5490,THAILAND,DET,50277,50277,12357,2024-12,HS6,271019
2101,"PORT ARTHUR, TX",5XXX,ASIA,CGP,32702314,32702314,43007866,2024-12,HS6,271019
2101,"PORT ARTHUR, TX",7290,EGYPT,DET,21872102,21872102,69250850,2024-12,HS6,271019
2101,"PORT ARTHUR, TX",7530,NIGERIA,DET,88510322,88510322,85049155,2024-12,HS6,271019
2101,"PORT ARTHUR, TX",7XXX,AFRICA,CGP,110382424,110382424,154300005,2024-12,HS6,271019
2104,"BEAUMONT, TX",0003,EUROPEAN UNION,CGP,887507288,887507288,1156482512,2024-12,HS6,271019
2104,"BEAUMONT, TX",0017,CAFTA-DR,CGP,104375761,104375761,138896087,2024-12,HS6,271019
2104,"BEAUMONT, TX",0020,USMCA (NAFTA),CGP,548996337,548996337,730498955,2024-12,HS6,271019
2104,"BEAUMONT, TX",0021,TWENTY LATIN AMERICAN REPUBLICS,CGP,2066644114,2066644114,2794379269,2024-12,HS6,271019
2104,"BEAUMONT, TX",0022,OECD,CGP,3034684072,3034684072,4016143491,2024-12,HS6,271019
2104,"BEAUMONT, TX",0023,NATO,CGP,1731930101,1731930101,2268275101,2024-12,HS6,271019
2104,"BEAUMONT, TX",0024,LAFTA,CGP,1847530492,1847530492,2498337806,2024-12,HS6,271019
2104,"BEAUMONT, TX",0025,EURO AREA,CGP,608114674,608114674,792001010,2024-12,HS6,271019
2104,"BEAUMONT, TX",0026,APEC,CGP,1214956165,1214956165,1647533578,2024-12,HS6,271019
2104,"BEAUMONT, TX",0028,CACM,CGP,61668998,61668998,80055430,2024-12,HS6,271019
2104,"BEAUMONT, TX",1220,CANADA,DET,23915304,23915304,20795758,2024-12,HS6,271019
2104,"BEAUMONT, TX",1XXX,NORTH AMERICA,CGP,548996337,548996337,730498955,2024-12,HS6,271019
2104,"BEAUMONT, TX",2010,MEXICO,DET,525081033,525081033,709703197,2024-12,HS6,271019
2104,"BEAUMONT, TX",2230,COSTA RICA,DET,61668998,61668998,80055430,2024-12,HS6,271019
2104,"BEAUMONT, TX",2250,PANAMA,DET,114737861,114737861,157145376,2024-12,HS6,271019
2104,"BEAUMONT, TX",2360,BAHAMAS,DET,30789859,30789859,41911247,2024-12,HS6,271019
2104,"BEAUMONT, TX",2440,CAYMAN ISLANDS,DET,5497625,5497625,8189050,2024-12,HS6,271019
2104,"BEAUMONT, TX",2470,DOMINICAN REPUBLIC,DET,42706763,42706763,58840657,2024-12,HS6,271019
2104,"BEAUMONT, TX",2484,ANTIGUA AND BARBUDA,DET,10452693,10452693,14080438,2024-12,HS6,271019
2104,"BEAUMONT, TX",2487,ST LUCIA,DET,62246552,62246552,83289102,2024-12,HS6,271019
2104,"BEAUMONT, TX",2740,TRINIDAD AND TOBAGO,DET,12987200,12987200,17429867,2024-12,HS6,271019
2104,"BEAUMONT, TX",2777,CURACAO,DET,23747783,23747783,32087366,2024-12,HS6,271019
2104,"BEAUMONT, TX",2XXX,CENTRAL AMERICA,CGP,364835334,364835334,493028533,2024-12,HS6,271019
2104,"BEAUMONT, TX",3010,COLOMBIA,DET,92681221,92681221,122561657,2024-12,HS6,271019
2104,"BEAUMONT, TX",3310,ECUADOR,DET,84789077,84789077,113212130,2024-12,HS6,271019
2104,"BEAUMONT, TX",3330,PERU,DET,42637109,42637109,81486517,2024-12,HS6,271019
2104,"BEAUMONT, TX",3370,CHILE,DET,623322719,623322719,835548106,2024-12,HS6,271019
2104,"BEAUMONT, TX",3510,BRAZIL,DET,229269935,229269935,311054226,2024-12,HS6,271019
2104,"BEAUMONT, TX",3530,PARAGUAY,DET,38076701,38076701,46721509,2024-12,HS6,271019
2104,"BEAUMONT, TX",3550,URUGUAY,DET,12642202,12642202,15584480,2024-12,HS6,271019
2104,"BEAUMONT, TX",3570,ARGENTINA,DET,199030495,199030495,262465984,2024-12,HS6,271019
2104,"BEAUMONT, TX",3XXX,SOUTH AMERICA,CGP,1322449459,1322449459,1788634609,2024-12,HS6,271019
2104,"BEAUMONT, TX",4039,NORWAY,DET,128937130,128937130,161910790,2024-12,HS6,271019
2104,"BEAUMONT, TX",4120,UNITED KINGDOM,DET,691570379,691570379,929086041,2024-12,HS6,271019
2104,"BEAUMONT, TX",4210,NETHERLANDS,DET,326934967,326934967,422205458,2024-12,HS6,271019
2104,"BEAUMONT, TX",4279,FRANCE,DET,190486850,190486850,249544651,2024-12,HS6,271019
2104,"BEAUMONT, TX",4280,GERMANY,DET,60995293,60995293,80878121,2024-12,HS6,271019
2104,"BEAUMONT, TX",4550,POLAND,DET,279392614,279392614,364481502,2024-12,HS6,271019
2104,"BEAUMONT, TX",4700,SPAIN,DET,29697564,29697564,39372780,2024-12,HS6,271019
2104,"BEAUMONT, TX",4720,GIBRALTAR,DET,67130041,67130041,81501013,2024-12,HS6,271019
2104,"BEAUMONT, TX",4XXX,EUROPE,CGP,1775144838,1775144838,2328980356,2024-12,HS6,271019
2301,"BROWNSVILLE, TX",0003,EUROPEAN UNION,CGP,156187500,156187500,373079936,2024-12,HS6,271019
2301,"BROWNSVILLE, TX",0020,USMCA (NAFTA),CGP,1743928225,68078230,171327834,2024-12,HS6,271019
2301,"BROWNSVILLE, TX",0021,TWENTY LATIN AMERICAN REPUBLICS,CGP,1745257723,69407728,172322223,2024-12,HS6,271019
2301,"BROWNSVILLE, TX",0022,OECD,CGP,1922512423,246662428,597503219,2024-12,HS6,271019
2301,"BROWNSVILLE, TX",0023,NATO,CGP,156187500,156187500,373079936,2024-12,HS6,271019
2301,"BROWNSVILLE, TX",0024,LAFTA,CGP,1745257723,69407728,172322223,2024-12,HS6,271019
2301,"BROWNSVILLE, TX",0025,EURO AREA,CGP,156187500,156187500,373079936,2024-12,HS6,271019
2301,"BROWNSVILLE, TX",0026,APEC,CGP,1743928225,68078230,171327834,2024-12,HS6,271019
2301,"BROWNSVILLE, TX",1XXX,NORTH AMERICA,CGP,1743928225,68078230,171327834,2024-12,HS6,271019
2301,"BROWNSVILLE, TX",2010,MEXICO,DET,1743928225,68078230,171327834,2024-12,HS6,271019
2301,"BROWNSVILLE, TX",2360,BAHAMAS,DET,194994049,194994049,517395767,2024-12,HS6,271019
2301,"BROWNSVILLE, TX",2XXX,CENTRAL AMERICA,CGP,194994049,194994049,517395767,2024-12,HS6,271019
2301,"BROWNSVILLE, TX",3010,COLOMBIA,DET,1329498,1329498,994389,2024-12,HS6,271019
2301,"BROWNSVILLE, TX",3XXX,SOUTH AMERICA,CGP,1329498,1329498,994389,2024-12,HS6,271019
2301,"BROWNSVILLE, TX",4210,NETHERLANDS,DET,145190560,145190560,350565786,2024-12,HS6,271019
2301,"BROWNSVILLE, TX",4272,MONACO,DET,56129,0,0,2024-12,HS6,271019
2301,"BROWNSVILLE, TX",4419,SWITZERLAND,DET,21067200,21067200,52101060,2024-12,HS6,271019
2301,"BROWNSVILLE, TX",4700,SPAIN,DET,10996940,10996940,22514150,2024-12,HS6,271019
2301,"BROWNSVILLE, TX",4XXX,EUROPE,CGP,177310829,177254700,425180996,2024-12,HS6,271019
2302,"DEL RIO, TX",0020,USMCA (NAFTA),CGP,600324,0,0,2024-12,HS6,271019
2302,"DEL RIO, TX",0021,TWENTY LATIN AMERICAN REPUBLICS,CGP,600324,0,0,2024-12,HS6,271019
2302,"DEL RIO, TX",0022,OECD,CGP,600324,0,0,2024-12,HS6,271019
2302,"DEL RIO, TX",0024,LAFTA,CGP,600324,0,0,2024-12,HS6,271019
2302,"DEL RIO, TX",0026,APEC,CGP,600324,0,0,2024-12,HS6,271019
2302,"DEL RIO, TX",1XXX,NORTH AMERICA,CGP,600324,0,0,2024-12,HS6,271019
2302,"DEL RIO, TX",2010,MEXICO,DET,600324,0,0,2024-12,HS6,271019
2303,"EAGLE PASS, TX",0020,USMCA (NAFTA),CGP,711449328,0,0,2024-12,HS6,271019
2303,"EAGLE PASS, TX",0021,TWENTY LATIN AMERICAN REPUBLICS,CGP,711449328,0,0,2024-12,HS6,271019
2303,"EAGLE PASS, TX",0022,OECD,CGP,711449328,0,0,2024-12,HS6,271019
2303,"EAGLE PASS, TX",0024,LAFTA,CGP,711449328,0,0,2024-12,HS6,271019
2303,"EAGLE PASS, TX",0026,APEC,CGP,711449328,0,0,2024-12,HS6,271019
2303,"EAGLE PASS, TX",1XXX,NORTH AMERICA,CGP,711449328,0,0,2024-12,HS6,271019
2303,"EAGLE PASS, TX",2010,MEXICO,DET,711449328,0,0,2024-12,HS6,271019
2304,"LAREDO, TX",0014,PACIFIC RIM COUNTRIES,CGP,36016,0,0,2024-12,HS6,271019
2304,"LAREDO, TX",0017,CAFTA-DR,CGP,99228,0,0,2024-12,HS6,271019
2304,"LAREDO, TX",0020,USMCA (NAFTA),CGP,2296800083,0,0,2024-12,HS6,271019
2304,"LAREDO, TX",0021,TWENTY LATIN AMERICAN REPUBLICS,CGP,2297392031,0,0,2024-12,HS6,271019
2304,"LAREDO, TX",0022,OECD,CGP,2297060470,0,0,2024-12,HS6,271019
2304,"LAREDO, TX",0024,LAFTA,CGP,2297261101,0,0,2024-12,HS6,271019
2304,"LAREDO, TX",0026,APEC,CGP,2297235614,0,0,2024-12,HS6,271019
2304,"LAREDO, TX",0028,CACM,CGP,99228,0,0,2024-12,HS6,271019
2304,"LAREDO, TX",1XXX,NORTH AMERICA,CGP,2296800083,0,0,2024-12,HS6,271019
2304,"LAREDO, TX",2010,MEXICO,DET,2296800083,0,0,2024-12,HS6,271019
2304,"LAREDO, TX",2050,GUATEMALA,DET,60339,0,0,2024-12,HS6,271019
2304,"LAREDO, TX",2110,EL SALVADOR,DET,38889,0,0,2024-12,HS6,271019
2304,"LAREDO, TX",2250,PANAMA,DET,31702,0,0,2024-12,HS6,271019
2304,"LAREDO, TX",2XXX,CENTRAL AMERICA,CGP,130930,0,0,2024-12,HS6,271019
2304,"LAREDO, TX",3010,COLOMBIA,DET,3377,0,0,2024-12,HS6,271019
2304,"LAREDO, TX",3070,VENEZUELA,DET,29273,0,0,2024-12,HS6,271019
2304,"LAREDO, TX",3310,ECUADOR,DET,28853,0,0,2024-12,HS6,271019
2304,"LAREDO, TX",3330,PERU,DET,178521,0,0,2024-12,HS6,271019
2304,"LAREDO, TX",3370,CHILE,DET,220994,0,0,2024-12,HS6,271019
2304,"LAREDO, TX",3XXX,SOUTH AMERICA,CGP,461018,0,0,2024-12,HS6,271019
2304,"LAREDO, TX",6021,AUSTRALIA,DET,36016,0,0,2024-12,HS6,271019
2304,"LAREDO, TX",6XXX,AUSTRALIA AND OCEANIA,CGP,36016,0,0,2024-12,HS6,271019
2304,"LAREDO, TX",7140,MOROCCO,DET,21105,0,0,2024-12,HS6,271019
2304,"LAREDO, TX",7XXX,AFRICA,CGP,21105,0,0,2024-12,HS6,271019
2305,"HILDAGO, TX",0020,USMCA (NAFTA),CGP,752578513,0,0,2024-12,HS6,271019
2305,"HILDAGO, TX",0021,TWENTY LATIN AMERICAN REPUBLICS,CGP,752578513,0,0,2024-12,HS6,271019
2305,"HILDAGO, TX",0022,OECD,CGP,752578513,0,0,2024-12,HS6,271019
2305,"HILDAGO, TX",0024,LAFTA,CGP,752578513,0,0,2024-12,HS6,271019
2305,"HILDAGO, TX",0026,APEC,CGP,752578513,0,0,2024-12,HS6,271019
2305,"HILDAGO, TX",1XXX,NORTH AMERICA,CGP,752578513,0,0,2024-12,HS6,271019
2305,"HILDAGO, TX",2010,MEXICO,DET,752578513,0,0,2024-12,HS6,271019
2307,"RIO GRANDE CITY, TX",0020,USMCA (NAFTA),CGP,90230502,0,0,2024-12,HS6,271019
2307,"RIO GRANDE CITY, TX",0021,TWENTY LATIN AMERICAN REPUBLICS,CGP,90230502,0,0,2024-12,HS6,271019
2307,"RIO GRANDE CITY, TX",0022,OECD,CGP,90230502,0,0,2024-12,HS6,271019
2307,"RIO GRANDE CITY, TX",0024,LAFTA,CGP,90230502,0,0,2024-12,HS6,271019
2307,"RIO GRANDE CITY, TX",0026,APEC,CGP,90230502,0,0,2024-12,HS6,271019
2307,"RIO GRANDE CITY, TX",1XXX,NORTH AMERICA,CGP,90230502,0,0,2024-12,HS6,271019
2307,"RIO GRANDE CITY, TX",2010,MEXICO,DET,90230502,0,0,2024-12,HS6,271019
2309,"PROGRESO, TX",0020,USMCA (NAFTA),CGP,1000565,0,0,2024-12,HS6,271019
2309,"PROGRESO, TX",0021,TWENTY LATIN AMERICAN REPUBLICS,CGP,1000565,0,0,2024-12,HS6,271019
2309,"PROGRESO, TX",0022,OECD,CGP,1000565,0,0,2024-12,HS6,271019
2309,"PROGRESO, TX",0024,LAFTA,CGP,1000565,0,0,2024-12,HS6,271019
2309,"PROGRESO, TX",0026,APEC,CGP,1000565,0,0,2024-12,HS6,271019
2309,"PROGRESO, TX",1XXX,NORTH AMERICA,CGP,1000565,0,0,2024-12,HS6,271019
2309,"PROGRESO, TX",2010,MEXICO,DET,1000565,0,0,2024-12,HS6,271019
2310,"ROMA, TX",0020,USMCA (NAFTA),CGP,565184,0,0,2024-12,HS6,271019
2310,"ROMA, TX",0021,TWENTY LATIN AMERICAN REPUBLICS,CGP,565184,0,0,2024-12,HS6,271019
2310,"ROMA, TX",0022,OECD,CGP,565184,0,0,2024-12,HS6,271019
2310,"ROMA, TX",0024,LAFTA,CGP,565184,0,0,2024-12,HS6,271019
2310,"ROMA, TX",0026,APEC,CGP,565184,0,0,2024-12,HS6,271019
2310,"ROMA, TX",1XXX,NORTH AMERICA,CGP,565184,0,0,2024-12,HS6,271019
2310,"ROMA, TX",2010,MEXICO,DET,565184,0,0,2024-12,HS6,271019
2401,"YSLETA, TX",0020,USMCA (NAFTA),CGP,331723035,0,0,2024-12,HS6,271019
2401,"YSLETA, TX",0021,TWENTY LATIN AMERICAN REPUBLICS,CGP,331723035,0,0,2024-12,HS6,271019
2401,"YSLETA, TX",0022,OECD,CGP,331723035,0,0,2024-12,HS6,271019
2401,"YSLETA, TX",0024,LAFTA,CGP,331723035,0,0,2024-12,HS6,271019
2401,"YSLETA, TX",0026,APEC,CGP,331723035,0,0,2024-12,HS6,271019
2401,"YSLETA, TX",1XXX,NORTH AMERICA,CGP,331723035,0,0,2024-12,HS6,271019
2401,"YSLETA, TX",2010,MEXICO,DET,331723035,0,0,2024-12,HS6,271019
2402,"EL PASO, TX",0020,USMCA (NAFTA),CGP,787142688,0,0,2024-12,HS6,271019
2402,"EL PASO, TX",0021,TWENTY LATIN AMERICAN REPUBLICS,CGP,787142688,0,0,2024-12,HS6,271019
2402,"EL PASO, TX",0022,OECD,CGP,787142688,0,0,2024-12,HS6,271019
2402,"EL PASO, TX",0024,LAFTA,CGP,787142688,0,0,2024-12,HS6,271019
2402,"EL PASO, TX",0026,APEC,CGP,787142688,0,0,2024-12,HS6,271019
2402,"EL PASO, TX",1XXX,NORTH AMERICA,CGP,787142688,0,0,2024-12,HS6,271019
2402,"EL PASO, TX",2010,MEXICO,DET,787142688,0,0,2024-12,HS6,271019
2403,"PRESIDIO, TX",0020,USMCA (NAFTA),CGP,112671,0,0,2024-12,HS6,271019
2403,"PRESIDIO, TX",0021,TWENTY LATIN AMERICAN REPUBLICS,CGP,112671,0,0,2024-12,HS6,271019
2403,"PRESIDIO, TX",0022,OECD,CGP,112671,0,0,2024-12,HS6,271019
2403,"PRESIDIO, TX",0024,LAFTA,CGP,112671,0,0,2024-12,HS6,271019
2403,"PRESIDIO, TX",0026,APEC,CGP,112671,0,0,2024-12,HS6,271019
2403,"PRESIDIO, TX",1XXX,NORTH AMERICA,CGP,112671,0,0,2024-12,HS6,271019
2403,"PRESIDIO, TX",2010,MEXICO,DET,112671,0,0,2024-12,HS6,271019
2404,"FABENS, TX",0020,USMCA (NAFTA),CGP,22189,0,0,2024-12,HS6,271019
2404,"FABENS, TX",0021,TWENTY LATIN AMERICAN REPUBLICS,CGP,22189,0,0,2024-12,HS6,271019
2404,"FABENS, TX",0022,OECD,CGP,22189,0,0,2024-12,HS6,271019
2404,"FABENS, TX",0024,LAFTA,CGP,22189,0,0,2024-12,HS6,271019
2404,"FABENS, TX",0026,APEC,CGP,22189,0,0,2024-12,HS6,271019
2404,"FABENS, TX",1XXX,NORTH AMERICA,CGP,22189,0,0,2024-12,HS6,271019
2404,"FABENS, TX",2010,MEXICO,DET,22189,0,0,2024-12,HS6,271019
2406,"COLUMBUS, NM",0020,USMCA (NAFTA),CGP,9000,0,0,2024-12,HS6,271019
2406,"COLUMBUS, NM",0021,TWENTY LATIN AMERICAN REPUBLICS,CGP,9000,0,0,2024-12,HS6,271019
2406,"COLUMBUS, NM",0022,OECD,CGP,9000,0,0,2024-12,HS6,271019
2406,"COLUMBUS, NM",0024,LAFTA,CGP,9000,0,0,2024-12,HS6,271019
2406,"COLUMBUS, NM",0026,APEC,CGP,9000,0,0,2024-12,HS6,271019
2406,"COLUMBUS, NM",1XXX,NORTH AMERICA,CGP,9000,0,0,2024-12,HS6,271019
2406,"COLUMBUS, NM",2010,MEXICO,DET,9000,0,0,2024-12,HS6,271019
2408,"SANTA TERESA, NM",0020,USMCA (NAFTA),CGP,5107748,0,0,2024-12,HS6,271019
2408,"SANTA TERESA, NM",0021,TWENTY LATIN AMERICAN REPUBLICS,CGP,5107748,0,0,2024-12,HS6,271019
2408,"SANTA TERESA, NM",0022,OECD,CGP,5107748,0,0,2024-12,HS6,271019
2408,"SANTA TERESA, NM",0024,LAFTA,CGP,5107748,0,0,2024-12,HS6,271019
2408,"SANTA TERESA, NM",0026,APEC,CGP,5107748,0,0,2024-12,HS6,271019
2408,"SANTA TERESA, NM",1XXX,NORTH AMERICA,CGP,5107748,0,0,2024-12,HS6,271019
2408,"SANTA TERESA, NM",2010,MEXICO,DET,5107748,0,0,2024-12,HS6,271019
2501,"SAN DIEGO, CA",0021,TWENTY LATIN AMERICAN REPUBLICS,CGP,73397,73397,8171,2024-12,HS6,271019
2501,"SAN DIEGO, CA",0024,LAFTA,CGP,73397,73397,8171,2024-12,HS6,271019
2501,"SAN DIEGO, CA",3310,ECUADOR,DET,73397,73397,8171,2024-12,HS6,271019
2501,"SAN DIEGO, CA",3XXX,SOUTH AMERICA,CGP,73397,73397,8171,2024-12,HS6,271019
2501,"SAN DIEGO, CA",7770,DJIBOUTI,DET,5062,0,0,2024-12,HS6,271019
2501,"SAN DIEGO, CA",7XXX,AFRICA,CGP,5062,0,0,2024-12,HS6,271019
2503,"CALEXICO, CA",0020,USMCA (NAFTA),CGP,70095583,0,0,2024-12,HS6,271019
2503,"CALEXICO, CA",0021,TWENTY LATIN AMERICAN REPUBLICS,CGP,70095583,0,0,2024-12,HS6,271019
2503,"CALEXICO, CA",0022,OECD,CGP,70095583,0,0,2024-12,HS6,271019
2503,"CALEXICO, CA",0024,LAFTA,CGP,70095583,0,0,2024-12,HS6,271019
2503,"CALEXICO, CA",0026,APEC,CGP,70095583,0,0,2024-12,HS6,271019
2503,"CALEXICO, CA",1XXX,NORTH AMERICA,CGP,70095583,0,0,2024-12,HS6,271019
2503,"CALEXICO, CA",2010,MEXICO,DET,70095583,0,0,2024-12,HS6,271019
2505,"TECATE, CA",0020,USMCA (NAFTA),CGP,49345,0,0,2024-12,HS6,271019
2505,"TECATE, CA",0021,TWENTY LATIN AMERICAN REPUBLICS,CGP,49345,0,0,2024-12,HS6,271019
2505,"TECATE, CA",0022,OECD,CGP,49345,0,0,2024-12,HS6,271019
2505,"TECATE, CA",0024,LAFTA,CGP,49345,0,0,2024-12,HS6,271019
2505,"TECATE, CA",0026,APEC,CGP,49345,0,0,2024-12,HS6,271019
2505,"TECATE, CA",1XXX,NORTH AMERICA,CGP,49345,0,0,2024-12,HS6,271019
2505,"TECATE, CA",2010,MEXICO,DET,49345,0,0,2024-12,HS6,271019
2506,"OTAY MESA, CA",0020,USMCA (NAFTA),CGP,17342180,0,0,2024-12,HS6,271019
2506,"OTAY MESA, CA",0021,TWENTY LATIN AMERICAN REPUBLICS,CGP,17342180,0,0,2024-12,HS6,271019
2506,"OTAY MESA, CA",0022,OECD,CGP,17342180,0,0,2024-12,HS6,271019
2506,"OTAY MESA, CA",0024,LAFTA,CGP,17342180,0,0,2024-12,HS6,271019
2506,"OTAY MESA, CA",0026,APEC,CGP,17342180,0,0,2024-12,HS6,271019
2506,"OTAY MESA, CA",1XXX,NORTH AMERICA,CGP,17342180,0,0,2024-12,HS6,271019
2506,"OTAY MESA, CA",2010,MEXICO,DET,17342180,0,0,2024-12,HS6,271019
2507,"CALEXICO-EAST, CA",0020,USMCA (NAFTA),CGP,48719468,0,0,2024-12,HS6,271019
2507,"CALEXICO-EAST, CA",0021,TWENTY LATIN AMERICAN REPUBLICS,CGP,48719468,0,0,2024-12,HS6,271019
2507,"CALEXICO-EAST, CA",0022,OECD,CGP,48719468,0,0,2024-12,HS6,271019
2507,"CALEXICO-EAST, CA",0024,LAFTA,CGP,48719468,0,0,2024-12,HS6,271019
2507,"CALEXICO-EAST, CA",0026,APEC,CGP,48719468,0,0,2024-12,HS6,271019
2507,"CALEXICO-EAST, CA",1XXX,NORTH AMERICA,CGP,48719468,0,0,2024-12,HS6,271019
2507,"CALEXICO-EAST, CA",2010,MEXICO,DET,48719468,0,0,2024-12,HS6,271019
2604,"NOGALES, AZ",0020,USMCA (NAFTA),CGP,244510131,0,0,2024-12,HS6,271019
2604,"NOGALES, AZ",0021,TWENTY LATIN AMERICAN REPUBLICS,CGP,244510131,0,0,2024-12,HS6,271019
2604,"NOGALES, AZ",0022,OECD,CGP,244510131,0,0,2024-12,HS6,271019
2604,"NOGALES, AZ",0024,LAFTA,CGP,244510131,0,0,2024-12,HS6,271019
2604,"NOGALES, AZ",0026,APEC,CGP,244510131,0,0,2024-12,HS6,271019
2604,"NOGALES, AZ",1XXX,NORTH AMERICA,CGP,244510131,0,0,2024-12,HS6,271019
2604,"NOGALES, AZ",2010,MEXICO,DET,244510131,0,0,2024-12,HS6,271019
2608,"SAN LUIS, AZ",0020,USMCA (NAFTA),CGP,5744313,0,0,2024-12,HS6,271019
2608,"SAN LUIS, AZ",0021,TWENTY LATIN AMERICAN REPUBLICS,CGP,5744313,0,0,2024-12,HS6,271019
2608,"SAN LUIS, AZ",0022,OECD,CGP,5744313,0,0,2024-12,HS6,271019
2608,"SAN LUIS, AZ",0024,LAFTA,CGP,5744313,0,0,2024-12,HS6,271019
2608,"SAN LUIS, AZ",0026,APEC,CGP,5744313,0,0,2024-12,HS6,271019
2608,"SAN LUIS, AZ",1XXX,NORTH AMERICA,CGP,5744313,0,0,2024-12,HS6,271019
2608,"SAN LUIS, AZ",2010,MEXICO,DET,5744313,0,0,2024-12,HS6,271019
2704,"LOS ANGELES, CA",0003,EUROPEAN UNION,CGP,257122,257122,85898,2024-12,HS6,271019
2704,"LOS ANGELES, CA",0014,PACIFIC RIM COUNTRIES,CGP,87805297,87805297,108714221,2024-12,HS6,271019
2704,"LOS ANGELES, CA",0017,CAFTA-DR,CGP,3650770,3650770,2920560,2024-12,HS6,271019
2704,"LOS ANGELES, CA",0020,USMCA (NAFTA),CGP,178585824,178585824,233203889,2024-12,HS6,271019
2704,"LOS ANGELES, CA",0021,TWENTY LATIN AMERICAN REPUBLICS,CGP,279003810,279003810,352801103,2024-12,HS6,271019
2704,"LOS ANGELES, CA",0022,OECD,CGP,290700753,290700753,337788988,2024-12,HS6,271019
2704,"LOS ANGELES, CA",0023,NATO,CGP,302294,302294,97386,2024-12,HS6,271019
2704,"LOS ANGELES, CA",0024,LAFTA,CGP,251304421,251304421,296535319,2024-12,HS6,271019
2704,"LOS ANGELES, CA",0025,EURO AREA,CGP,253377,253377,85762,2024-12,HS6,271019
2704,"LOS ANGELES, CA",0026,APEC,CGP,340020005,340020005,404990468,2024-12,HS6,271019
2704,"LOS ANGELES, CA",0027,ASEAN,CGP,34976657,34976657,59865526,2024-12,HS6,271019
2704,"LOS ANGELES, CA",0028,CACM,CGP,2604427,2604427,2140805,2024-12,HS6,271019
2704,"LOS ANGELES, CA",1XXX,NORTH AMERICA,CGP,178585824,178585824,233203889,2024-12,HS6,271019
2704,"LOS ANGELES, CA",2010,MEXICO,DET,178585824,178585824,233203889,2024-12,HS6,271019
2704,"LOS ANGELES, CA",2050,GUATEMALA,DET,1456187,1456187,1425415,2024-12,HS6,271019
2704,"LOS ANGELES, CA",2110,EL SALVADOR,DET,299746,299746,185992,2024-12,HS6,271019
2704,"LOS ANGELES, CA",2150,HONDURAS,DET,263041,263041,192549,2024-12,HS6,271019
2704,"LOS ANGELES, CA",2190,NICARAGUA,DET,285942,285942,145716,2024-12,HS6,271019
2704,"LOS ANGELES, CA",2230,COSTA RICA,DET,299511,299511,191133,2024-12,HS6,271019
2704,"LOS ANGELES, CA",2250,PANAMA,DET,24048619,24048619,53345224,2024-12,HS6,271019
2704,"LOS ANGELES, CA",2410,JAMAICA,DET,82358,82358,24355,2024-12,HS6,271019
2704,"LOS ANGELES, CA",2470,DOMINICAN REPUBLIC,DET,1046343,1046343,779755,2024-12,HS6,271019
2704,"LOS ANGELES, CA",2740,TRINIDAD AND TOBAGO,DET,55507,55507,18132,2024-12,HS6,271019
2704,"LOS ANGELES, CA",2XXX,CENTRAL AMERICA,CGP,27837254,27837254,56308271,2024-12,HS6,271019
2704,"LOS ANGELES, CA",3010,COLOMBIA,DET,680115,680115,612460,2024-12,HS6,271019
2704,"LOS ANGELES, CA",3310,ECUADOR,DET,478880,478880,137782,2024-12,HS6,271019
2704,"LOS ANGELES, CA",3330,PERU,DET,1392633,1392633,537236,2024-12,HS6,271019
2704,"LOS ANGELES, CA",3350,BOLIVIA,DET,215218,215218,288188,2024-12,HS6,271019
2704,"LOS ANGELES, CA",3370,CHILE,DET,68054635,68054635,60506038,2024-12,HS6,271019
2704,"LOS ANGELES, CA",3510,BRAZIL,DET,1849663,1849663,1239326,2024-12,HS6,271019
2704,"LOS ANGELES, CA",3570,ARGENTINA,DET,47453,47453,10400,2024-12,HS6,271019
2704,"LOS ANGELES, CA",3XXX,SOUTH AMERICA,CGP,72718597,72718597,63331430,2024-12,HS6,271019
2704,"LOS ANGELES, CA",4120,UNITED KINGDOM,DET,38105,38105,6443,2024-12,HS6,271019
2704,"LOS ANGELES, CA",4210,NETHERLANDS,DET,53623,53623,8976,2024-12,HS6,271019
2704,"LOS ANGELES, CA",4231,BELGIUM,DET,23866,23866,47850,2024-12,HS6,271019
2704,"LOS ANGELES, CA",4280,GERMANY,DET,114892,114892,16226,2024-12,HS6,271019
2704,"LOS ANGELES, CA",4351,CZECH REPUBLIC,DET,3745,3745,136,2024-12,HS6,271019
2704,"LOS ANGELES, CA",4623,UKRAINE,DET,13828,13828,1013,2024-12,HS6,271019
2704,"LOS ANGELES, CA",4631,ARMENIA,DET,4898,4898,7227,2024-12,HS6,271019
2704,"LOS ANGELES, CA",4635,KYRGYZSTAN,DET,194432,194432,287319,2024-12,HS6,271019
2704,"LOS ANGELES, CA",4700,SPAIN,DET,55996,55996,11023,2024-12,HS6,271019
2704,"LOS ANGELES, CA",4840,GREECE,DET,5000,5000,1687,2024-12,HS6,271019
2704,"LOS ANGELES, CA",4890,TURKEY,DET,7067,7067,5045,2024-12,HS6,271019
2704,"LOS ANGELES, CA",4XXX,EUROPE,CGP,515452,515452,392945,2024-12,HS6,271019
2704,"LOS ANGELES, CA",5050,IRAQ,DET,153470,153470,47464,2024-12,HS6,271019
2704,"LOS ANGELES, CA",5081,ISRAEL,DET,24710,24710,2604,2024-12,HS6,271019
2704,"LOS ANGELES, CA",5110,JORDAN,DET,85120,85120,73317,2024-12,HS6,271019
2704,"LOS ANGELES, CA",5130,KUWAIT,DET,141119,141119,35459,2024-12,HS6,271019
2704,"LOS ANGELES, CA",5170,SAUDI ARABIA,DET,364763,364763,89385,2024-12,HS6,271019
2704,"LOS ANGELES, CA",5200,UNITED ARAB EMIRATES,DET,484845,484845,1056524,2024-12,HS6,271019
2704,"LOS ANGELES, CA",5330,INDIA,DET,9980165,9980165,8233125,2024-12,HS6,271019
2704,"LOS ANGELES, CA",5380,BANGLADESH,DET,4244,4244,371,2024-12,HS6,271019
2704,"LOS ANGELES, CA",5420,SRI LANKA,DET,18100,18100,2931,2024-12,HS6,271019
2704,"LOS ANGELES, CA",5490,THAILAND,DET,2047202,2047202,1190104,2024-12,HS6,271019
2704,"LOS ANGELES, CA",5520,VIETNAM,DET,2134414,2134414,838980,2024-12,HS6,271019
2704,"LOS ANGELES, CA",5530,LAOS,DET,29423,29423,9336,2024-12,HS6,271019
2704,"LOS ANGELES, CA",5550,CAMBODIA,DET,180380,180380,55390,2024-12,HS6,271019
2704,"LOS ANGELES, CA",5570,MALAYSIA,DET,2658025,2658025,1106280,2024-12,HS6,271019
2704,"LOS ANGELES, CA",5590,SINGAPORE,DET,25630253,25630253,55629030,2024-12,HS6,271019
2704,"LOS ANGELES, CA",5600,INDONESIA,DET,942756,942756,670123,2024-12,HS6,271019
2704,"LOS ANGELES, CA",5650,PHILIPPINES,DET,1354204,1354204,366283,2024-12,HS6,271019
2704,"LOS ANGELES, CA",5700,CHINA,DET,9965736,9965736,5795733,2024-12,HS6,271019
2704,"LOS ANGELES, CA",5740,MONGOLIA,DET,133185,133185,17000,2024-12,HS6,271019
2704,"LOS ANGELES, CA",5800,"KOREA, SOUTH",DET,20955946,20955946,33241285,2024-12,HS6,271019
2704,"LOS ANGELES, CA",5820,HONG KONG,DET,259317,259317,141557,2024-12,HS6,271019
2704,"LOS ANGELES, CA",5830,TAIWAN,DET,4241342,4241342,1829737,2024-12,HS6,271019
2704,"LOS ANGELES, CA",5880,JAPAN,DET,12155643,12155643,6779956,2024-12,HS6,271019
2704,"LOS ANGELES, CA",5XXX,ASIA,CGP,93944362,93944362,117211974,2024-12,HS6,271019
2704,"LOS ANGELES, CA",6021,AUSTRALIA,DET,7868899,7868899,2827842,2024-12,HS6,271019
2704,"LOS ANGELES, CA",6141,NEW ZEALAND,DET,1773176,1773176,326395,2024-12,HS6,271019
2704,"LOS ANGELES, CA",6412,NEW CALEDONIA,DET,16896,16896,2981,2024-12,HS6,271019
2704,"LOS ANGELES, CA",6414,FRENCH POLYNESIA,DET,202003,202003,40607,2024-12,HS6,271019
2704,"LOS ANGELES, CA",6XXX,AUSTRALIA AND OCEANIA,CGP,9860974,9860974,3197825,2024-12,HS6,271019
2704,"LOS ANGELES, CA",7250,LIBYA,DET,93592,93592,25227,2024-12,HS6,271019
2704,"LOS ANGELES, CA",7XXX,AFRICA,CGP,93592,93592,25227,2024-12,HS6,271019
2709,"LONG BEACH, CA",0003,EUROPEAN UNION,CGP,274478,274478,49495,2024-12,HS6,271019
2709,"LONG BEACH, CA",0014,PACIFIC RIM COUNTRIES,CGP,27601773,27601773,12060185,2024-12,HS6,271019
2709,"LONG BEACH, CA",0017,CAFTA-DR,CGP,1277242,1277242,640447,2024-12,HS6,271019
2709,"LONG BEACH, CA",0020,USMCA (NAFTA),CGP,344246683,344246683,456190467,2024-12,HS6,271019
2709,"LONG BEACH, CA",0021,TWENTY LATIN AMERICAN REPUBLICS,CGP,844497468,844497468,1155276280,2024-12,HS6,271019
2709,"LONG BEACH, CA",0022,OECD,CGP,654435705,654435705,875263286,2024-12,HS6,271019
2709,"LONG BEACH, CA",0023,NATO,CGP,415944,415944,123041,2024-12,HS6,271019
2709,"LONG BEACH, CA",0024,LAFTA,CGP,843220226,843220226,1154635833,2024-12,HS6,271019
2709,"LONG BEACH, CA",0026,APEC,CGP,765711952,765711952,1011123239,2024-12,HS6,271019
2709,"LONG BEACH, CA",0027,ASEAN,CGP,5102921,5102921,2069158,2024-12,HS6,271019
2709,"LONG BEACH, CA",0028,CACM,CGP,949242,949242,381391,2024-12,HS6,271019
2709,"LONG BEACH, CA",1XXX,NORTH AMERICA,CGP,344246683,344246683,456190467,2024-12,HS6,271019
2709,"LONG BEACH, CA",2010,MEXICO,DET,344246683,344246683,456190467,2024-12,HS6,271019
2709,"LONG BEACH, CA",2050,GUATEMALA,DET,850110,850110,319562,2024-12,HS6,271019
2709,"LONG BEACH, CA",2110,EL SALVADOR,DET,20362,20362,21373,2024-12,HS6,271019
2709,"LONG BEACH, CA",2190,NICARAGUA,DET,21212,21212,20511,2024-12,HS6,271019
2709,"LONG BEACH, CA",2230,COSTA RICA,DET,57558,57558,19945,2024-12,HS6,271019
2709,"LONG BEACH, CA",2410,JAMAICA,DET,168905,168905,48111,2024-12,HS6,271019
2709,"LONG BEACH, CA",2470,DOMINICAN REPUBLIC,DET,328000,328000,259056,2024-12,HS6,271019
2709,"LONG BEACH, CA",2XXX,CENTRAL AMERICA,CGP,1446147,1446147,688558,2024-12,HS6,271019
2709,"LONG BEACH, CA",3010,COLOMBIA,DET,110739,110739,317859,2024-12,HS6,271019
2709,"LONG BEACH, CA",3310,ECUADOR,DET,107646557,107646557,156561454,2024-12,HS6,271019
2709,"LONG BEACH, CA",3330,PERU,DET,89756561,89756561,129401293,2024-12,HS6,271019
2709,"LONG BEACH, CA",3350,BOLIVIA,DET,202255,202255,77976,2024-12,HS6,271019
2709,"LONG BEACH, CA",3370,CHILE,DET,301065070,301065070,411956933,2024-12,HS6,271019
2709,"LONG BEACH, CA",3510,BRAZIL,DET,192361,192361,129851,2024-12,HS6,271019
2709,"LONG BEACH, CA",3XXX,SOUTH AMERICA,CGP,498973543,498973543,698445366,2024-12,HS6,271019
2709,"LONG BEACH, CA",4120,UNITED KINGDOM,DET,32466,32466,39546,2024-12,HS6,271019
2709,"LONG BEACH, CA",4351,CZECH REPUBLIC,DET,274478,274478,49495,2024-12,HS6,271019
2709,"LONG BEACH, CA",4890,TURKEY,DET,109000,109000,34000,2024-12,HS6,271019
2709,"LONG BEACH, CA",4XXX,EUROPE,CGP,415944,415944,123041,2024-12,HS6,271019
2709,"LONG BEACH, CA",5050,IRAQ,DET,372054,372054,98712,2024-12,HS6,271019
2709,"LONG BEACH, CA",5110,JORDAN,DET,34800,34800,19000,2024-12,HS6,271019
2709,"LONG BEACH, CA",5130,KUWAIT,DET,135400,135400,35360,2024-12,HS6,271019
2709,"LONG BEACH, CA",5200,UNITED ARAB EMIRATES,DET,1599054,1599054,4378550,2024-12,HS6,271019
2709,"LONG BEACH, CA",5330,INDIA,DET,283182,283182,525814,2024-12,HS6,271019
2709,"LONG BEACH, CA",5420,SRI LANKA,DET,15773,15773,2931,2024-12,HS6,271019
2709,"LONG BEACH, CA",5490,THAILAND,DET,1986347,1986347,884508,2024-12,HS6,271019
2709,"LONG BEACH, CA",5520,VIETNAM,DET,1055518,1055518,629853,2024-12,HS6,271019
2709,"LONG BEACH, CA",5550,CAMBODIA,DET,140517,140517,45052,2024-12,HS6,271019
2709,"LONG BEACH, CA",5570,MALAYSIA,DET,163049,163049,29707,2024-12,HS6,271019
2709,"LONG BEACH, CA",5590,SINGAPORE,DET,1166815,1166815,300824,2024-12,HS6,271019
2709,"LONG BEACH, CA",5600,INDONESIA,DET,235277,235277,58560,2024-12,HS6,271019
2709,"LONG BEACH, CA",5650,PHILIPPINES,DET,355398,355398,120654,2024-12,HS6,271019
2709,"LONG BEACH, CA",5700,CHINA,DET,10723364,10723364,3014647,2024-12,HS6,271019
2709,"LONG BEACH, CA",5740,MONGOLIA,DET,1407885,1407885,269063,2024-12,HS6,271019
2709,"LONG BEACH, CA",5800,"KOREA, SOUTH",DET,2377745,2377745,5166021,2024-12,HS6,271019
2709,"LONG BEACH, CA",5820,HONG KONG,DET,2351799,2351799,680058,2024-12,HS6,271019
2709,"LONG BEACH, CA",5830,TAIWAN,DET,4066360,4066360,1200694,2024-12,HS6,271019
2709,"LONG BEACH, CA",5880,JAPAN,DET,93274,93274,11405,2024-12,HS6,271019
2709,"LONG BEACH, CA",5XXX,ASIA,CGP,28563611,28563611,17471413,2024-12,HS6,271019
2709,"LONG BEACH, CA",6021,AUSTRALIA,DET,5029639,5029639,1283284,2024-12,HS6,271019
2709,"LONG BEACH, CA",6141,NEW ZEALAND,DET,1039053,1039053,194331,2024-12,HS6,271019
2709,"LONG BEACH, CA",6150,SAMOA,DET,23734,23734,12254,2024-12,HS6,271019
2709,"LONG BEACH, CA",6224,VANUATU,DET,8196,8196,1461,2024-12,HS6,271019
2709,"LONG BEACH, CA",6412,NEW CALEDONIA,DET,3934,3934,840,2024-12,HS6,271019
2709,"LONG BEACH, CA",6414,FRENCH POLYNESIA,DET,137702,137702,31219,2024-12,HS6,271019
2709,"LONG BEACH, CA",6820,MICRONESIA,DET,445715,445715,72079,2024-12,HS6,271019
2709,"LONG BEACH, CA",6XXX,AUSTRALIA AND OCEANIA,CGP,6687973,6687973,1595468,2024-12,HS6,271019
2709,"LONG BEACH, CA",7250,LIBYA,DET,190000,190000,39916,2024-12,HS6,271019
2709,"LONG BEACH, CA",7XXX,AFRICA,CGP,190000,190000,39916,2024-12,HS6,271019
2713,"PORT HUENEME, CA",0014,PACIFIC RIM COUNTRIES,CGP,42651,42651,39616,2024-12,HS6,271019
2713,"PORT HUENEME, CA",0017,CAFTA-DR,CGP,19121,19121,4909,2024-12,HS6,271019
2713,"PORT HUENEME, CA",0021,TWENTY LATIN AMERICAN REPUBLICS,CGP,19121,19121,4909,2024-12,HS6,271019
2713,"PORT HUENEME, CA",0022,OECD,CGP,42651,42651,39616,2024-12,HS6,271019
2713,"PORT HUENEME, CA",0026,APEC,CGP,42651,42651,39616,2024-12,HS6,271019
2713,"PORT HUENEME, CA",0028,CACM,CGP,19121,19121,4909,2024-12,HS6,271019
2713,"PORT HUENEME, CA",2110,EL SALVADOR,DET,19121,19121,4909,2024-12,HS6,271019
2713,"PORT HUENEME, CA",2XXX,CENTRAL AMERICA,CGP,19121,19121,4909,2024-12,HS6,271019
2713,"PORT HUENEME, CA",5880,JAPAN,DET,42651,42651,39616,2024-12,HS6,271019
2713,"PORT HUENEME, CA",5XXX,ASIA,CGP,42651,42651,39616,2024-12,HS6,271019
2720,"LOS ANGELES INTERNATIONAL AIRPORT, CA",0003,EUROPEAN UNION,CGP,158254,0,0,2024-12,HS6,271019
2720,"LOS ANGELES INTERNATIONAL AIRPORT, CA",0014,PACIFIC RIM COUNTRIES,CGP,1456758,0,0,2024-12,HS6,271019
2720,"LOS ANGELES INTERNATIONAL AIRPORT, CA",0020,USMCA (NAFTA),CGP,20277,0,0,2024-12,HS6,271019
2720,"LOS ANGELES INTERNATIONAL AIRPORT, CA",0021,TWENTY LATIN AMERICAN REPUBLICS,CGP,72554,0,0,2024-12,HS6,271019
2720,"LOS ANGELES INTERNATIONAL AIRPORT, CA",0022,OECD,CGP,1253595,0,0,2024-12,HS6,271019
2720,"LOS ANGELES INTERNATIONAL AIRPORT, CA",0023,NATO,CGP,390363,0,0,2024-12,HS6,271019
2720,"LOS ANGELES INTERNATIONAL AIRPORT, CA",0024,LAFTA,CGP,72554,0,0,2024-12,HS6,271019
2720,"LOS ANGELES INTERNATIONAL AIRPORT, CA",0025,EURO AREA,CGP,107875,0,0,2024-12,HS6,271019
2720,"LOS ANGELES INTERNATIONAL AIRPORT, CA",0026,APEC,CGP,1563890,0,0,2024-12,HS6,271019
2720,"LOS ANGELES INTERNATIONAL AIRPORT, CA",0027,ASEAN,CGP,157369,0,0,2024-12,HS6,271019
2720,"LOS ANGELES INTERNATIONAL AIRPORT, CA",1XXX,NORTH AMERICA,CGP,20277,0,0,2024-12,HS6,271019
2720,"LOS ANGELES INTERNATIONAL AIRPORT, CA",2010,MEXICO,DET,20277,0,0,2024-12,HS6,271019
2720,"LOS ANGELES INTERNATIONAL AIRPORT, CA",3330,PERU,DET,5600,0,0,2024-12,HS6,271019
2720,"LOS ANGELES INTERNATIONAL AIRPORT, CA",3370,CHILE,DET,34872,0,0,2024-12,HS6,271019
2720,"LOS ANGELES INTERNATIONAL AIRPORT, CA",3510,BRAZIL,DET,11805,0,0,2024-12,HS6,271019
2720,"LOS ANGELES INTERNATIONAL AIRPORT, CA",3XXX,SOUTH AMERICA,CGP,52277,0,0,2024-12,HS6,271019
2720,"LOS ANGELES INTERNATIONAL AIRPORT, CA",4010,SWEDEN,DET,6542,0,0,2024-12,HS6,271019
2720,"LOS ANGELES INTERNATIONAL AIRPORT, CA",4039,NORWAY,DET,11080,0,0,2024-12,HS6,271019
2720,"LOS ANGELES INTERNATIONAL AIRPORT, CA",4050,FINLAND,DET,3830,0,0,2024-12,HS6,271019
2720,"LOS ANGELES INTERNATIONAL AIRPORT, CA",4120,UNITED KINGDOM,DET,93603,0,0,2024-12,HS6,271019
2720,"LOS ANGELES INTERNATIONAL AIRPORT, CA",4190,IRELAND,DET,5901,0,0,2024-12,HS6,271019
2720,"LOS ANGELES INTERNATIONAL AIRPORT, CA",4210,NETHERLANDS,DET,84234,0,0,2024-12,HS6,271019
2720,"LOS ANGELES INTERNATIONAL AIRPORT, CA",4279,FRANCE,DET,10133,0,0,2024-12,HS6,271019
2720,"LOS ANGELES INTERNATIONAL AIRPORT, CA",4419,SWITZERLAND,DET,10129,0,0,2024-12,HS6,271019
2720,"LOS ANGELES INTERNATIONAL AIRPORT, CA",4634,KAZAKHSTAN,DET,4320,0,0,2024-12,HS6,271019
2720,"LOS ANGELES INTERNATIONAL AIRPORT, CA",4700,SPAIN,DET,3777,0,0,2024-12,HS6,271019
2720,"LOS ANGELES INTERNATIONAL AIRPORT, CA",4850,ROMANIA,DET,43837,0,0,2024-12,HS6,271019
2720,"LOS ANGELES INTERNATIONAL AIRPORT, CA",4890,TURKEY,DET,133327,0,0,2024-12,HS6,271019
2720,"LOS ANGELES INTERNATIONAL AIRPORT, CA",4XXX,EUROPE,CGP,410713,0,0,2024-12,HS6,271019
2720,"LOS ANGELES INTERNATIONAL AIRPORT, CA",5040,LEBANON,DET,9096,0,0,2024-12,HS6,271019
2720,"LOS ANGELES INTERNATIONAL AIRPORT, CA",5081,ISRAEL,DET,6013,0,0,2024-12,HS6,271019
2720,"LOS ANGELES INTERNATIONAL AIRPORT, CA",5130,KUWAIT,DET,116937,0,0,2024-12,HS6,271019
2720,"LOS ANGELES INTERNATIONAL AIRPORT, CA",5170,SAUDI ARABIA,DET,5553,0,0,2024-12,HS6,271019
2720,"LOS ANGELES INTERNATIONAL AIRPORT, CA",5200,UNITED ARAB EMIRATES,DET,7828,0,0,2024-12,HS6,271019
2720,"LOS ANGELES INTERNATIONAL AIRPORT, CA",5250,BAHRAIN,DET,3995,0,0,2024-12,HS6,271019
2720,"LOS ANGELES INTERNATIONAL AIRPORT, CA",5330,INDIA,DET,159026,0,0,2024-12,HS6,271019
2720,"LOS ANGELES INTERNATIONAL AIRPORT, CA",5420,SRI LANKA,DET,7040,0,0,2024-12,HS6,271019
2720,"LOS ANGELES INTERNATIONAL AIRPORT, CA",5520,VIETNAM,DET,46383,0,0,2024-12,HS6,271019
2720,"LOS ANGELES INTERNATIONAL AIRPORT, CA",5570,MALAYSIA,DET,13239,0,0,2024-12,HS6,271019
2720,"LOS ANGELES INTERNATIONAL AIRPORT, CA",5590,SINGAPORE,DET,48779,0,0,2024-12,HS6,271019
2720,"LOS ANGELES INTERNATIONAL AIRPORT, CA",5600,INDONESIA,DET,3105,0,0,2024-12,HS6,271019
2720,"LOS ANGELES INTERNATIONAL AIRPORT, CA",5650,PHILIPPINES,DET,45863,0,0,2024-12,HS6,271019
2720,"LOS ANGELES INTERNATIONAL AIRPORT, CA",5700,CHINA,DET,130220,0,0,2024-12,HS6,271019
2720,"LOS ANGELES INTERNATIONAL AIRPORT, CA",5800,"KOREA, SOUTH",DET,181462,0,0,2024-12,HS6,271019
2720,"LOS ANGELES INTERNATIONAL AIRPORT, CA",5820,HONG KONG,DET,48365,0,0,2024-12,HS6,271019
2720,"LOS ANGELES INTERNATIONAL AIRPORT, CA",5830,TAIWAN,DET,333772,0,0,2024-12,HS6,271019
2720,"LOS ANGELES INTERNATIONAL AIRPORT, CA",5880,JAPAN,DET,350800,0,0,2024-12,HS6,271019
2720,"LOS ANGELES INTERNATIONAL AIRPORT, CA",5XXX,ASIA,CGP,1517476,0,0,2024-12,HS6,271019
2720,"LOS ANGELES INTERNATIONAL AIRPORT, CA",6021,AUSTRALIA,DET,174416,0,0,2024-12,HS6,271019
2720,"LOS ANGELES INTERNATIONAL AIRPORT, CA",6040,PAPUA NEW GUINEA,DET,3538,0,0,2024-12,HS6,271019
2720,"LOS ANGELES INTERNATIONAL AIRPORT, CA",6141,NEW ZEALAND,DET,123199,0,0,2024-12,HS6,271019
2720,"LOS ANGELES INTERNATIONAL AIRPORT, CA",6820,MICRONESIA,DET,25676,0,0,2024-12,HS6,271019
2720,"LOS ANGELES INTERNATIONAL AIRPORT, CA",6XXX,AUSTRALIA AND OCEANIA,CGP,326829,0,0,2024-12,HS6,271019
2720,"LOS ANGELES INTERNATIONAL AIRPORT, CA",7480,COTE D'IVOIRE,DET,2537,0,0,2024-12,HS6,271019
2720,"LOS ANGELES INTERNATIONAL AIRPORT, CA",7770,DJIBOUTI,DET,4794,0,0,2024-12,HS6,271019
2720,"LOS ANGELES INTERNATIONAL AIRPORT, CA",7XXX,AFRICA,CGP,7331,0,0,2024-12,HS6,271019
2721,"ONTARIO INTERNATIONAL AIRPORT, CA",0014,PACIFIC RIM COUNTRIES,CGP,16294,0,0,2024-12,HS6,271019
2721,"ONTARIO INTERNATIONAL AIRPORT, CA",0026,APEC,CGP,16294,0,0,2024-12,HS6,271019
2721,"ONTARIO INTERNATIONAL AIRPORT, CA",0027,ASEAN,CGP,16294,0,0,2024-12,HS6,271019
2721,"ONTARIO INTERNATIONAL AIRPORT, CA",5590,SINGAPORE,DET,16294,0,0,2024-12,HS6,271019
2721,"ONTARIO INTERNATIONAL AIRPORT, CA",5XXX,ASIA,CGP,16294,0,0,2024-12,HS6,271019
2801,"SAN FRANCISCO INTERNATIONAL AIRPORT, CA",0003,EUROPEAN UNION,CGP,58113,0,0,2024-12,HS6,271019
2801,"SAN FRANCISCO INTERNATIONAL AIRPORT, CA",0014,PACIFIC RIM COUNTRIES,CGP,309476,0,0,2024-12,HS6,271019
2801,"SAN FRANCISCO INTERNATIONAL AIRPORT, CA",0020,USMCA (NAFTA),CGP,7916,0,0,2024-12,HS6,271019
2801,"SAN FRANCISCO INTERNATIONAL AIRPORT, CA",0021,TWENTY LATIN AMERICAN REPUBLICS,CGP,3831,0,0,2024-12,HS6,271019
2801,"SAN FRANCISCO INTERNATIONAL AIRPORT, CA",0022,OECD,CGP,320069,0,0,2024-12,HS6,271019
2801,"SAN FRANCISCO INTERNATIONAL AIRPORT, CA",0023,NATO,CGP,66198,0,0,2024-12,HS6,271019
2801,"SAN FRANCISCO INTERNATIONAL AIRPORT, CA",0024,LAFTA,CGP,3831,0,0,2024-12,HS6,271019
2801,"SAN FRANCISCO INTERNATIONAL AIRPORT, CA",0025,EURO AREA,CGP,47900,0,0,2024-12,HS6,271019
2801,"SAN FRANCISCO INTERNATIONAL AIRPORT, CA",0026,APEC,CGP,573702,0,0,2024-12,HS6,271019
2801,"SAN FRANCISCO INTERNATIONAL AIRPORT, CA",0027,ASEAN,CGP,299587,0,0,2024-12,HS6,271019
2801,"SAN FRANCISCO INTERNATIONAL AIRPORT, CA",1220,CANADA,DET,4085,0,0,2024-12,HS6,271019
2801,"SAN FRANCISCO INTERNATIONAL AIRPORT, CA",1XXX,NORTH AMERICA,CGP,7916,0,0,2024-12,HS6,271019
2801,"SAN FRANCISCO INTERNATIONAL AIRPORT, CA",2010,MEXICO,DET,3831,0,0,2024-12,HS6,271019
2801,"SAN FRANCISCO INTERNATIONAL AIRPORT, CA",4120,UNITED KINGDOM,DET,4000,0,0,2024-12,HS6,271019
2801,"SAN FRANCISCO INTERNATIONAL AIRPORT, CA",4210,NETHERLANDS,DET,47900,0,0,2024-12,HS6,271019
2801,"SAN FRANCISCO INTERNATIONAL AIRPORT, CA",4370,HUNGARY,DET,7013,0,0,2024-12,HS6,271019
2801,"SAN FRANCISCO INTERNATIONAL AIRPORT, CA",4419,SWITZERLAND,DET,12714,0,0,2024-12,HS6,271019
2801,"SAN FRANCISCO INTERNATIONAL AIRPORT, CA",4550,POLAND,DET,3200,0,0,2024-12,HS6,271019
2801,"SAN FRANCISCO INTERNATIONAL AIRPORT, CA",4XXX,EUROPE,CGP,74827,0,0,2024-12,HS6,271019
2801,"SAN FRANCISCO INTERNATIONAL AIRPORT, CA",5180,QATAR,DET,12342,0,0,2024-12,HS6,271019
2801,"SAN FRANCISCO INTERNATIONAL AIRPORT, CA",5330,INDIA,DET,11964,0,0,2024-12,HS6,271019
2801,"SAN FRANCISCO INTERNATIONAL AIRPORT, CA",5520,VIETNAM,DET,256310,0,0,2024-12,HS6,271019
2801,"SAN FRANCISCO INTERNATIONAL AIRPORT, CA",5570,MALAYSIA,DET,14332,0,0,2024-12,HS6,271019
2801,"SAN FRANCISCO INTERNATIONAL AIRPORT, CA",5590,SINGAPORE,DET,12128,0,0,2024-12,HS6,271019
2801,"SAN FRANCISCO INTERNATIONAL AIRPORT, CA",5650,PHILIPPINES,DET,16817,0,0,2024-12,HS6,271019
2801,"SAN FRANCISCO INTERNATIONAL AIRPORT, CA",5700,CHINA,DET,7387,0,0,2024-12,HS6,271019
2801,"SAN FRANCISCO INTERNATIONAL AIRPORT, CA",5800,"KOREA, SOUTH",DET,26666,0,0,2024-12,HS6,271019
2801,"SAN FRANCISCO INTERNATIONAL AIRPORT, CA",5820,HONG KONG,DET,17090,0,0,2024-12,HS6,271019
2801,"SAN FRANCISCO INTERNATIONAL AIRPORT, CA",5830,TAIWAN,DET,4396,0,0,2024-12,HS6,271019
2801,"SAN FRANCISCO INTERNATIONAL AIRPORT, CA",5XXX,ASIA,CGP,379432,0,0,2024-12,HS6,271019
2801,"SAN FRANCISCO INTERNATIONAL AIRPORT, CA",6021,AUSTRALIA,DET,141864,0,0,2024-12,HS6,271019
2801,"SAN FRANCISCO INTERNATIONAL AIRPORT, CA",6141,NEW ZEALAND,DET,68796,0,0,2024-12,HS6,271019
2801,"SAN FRANCISCO INTERNATIONAL AIRPORT, CA",6XXX,AUSTRALIA AND OCEANIA,CGP,210660,0,0,2024-12,HS6,271019
2809,"SAN FRANCISCO, CA",0003,EUROPEAN UNION,CGP,40671893,40671893,24860835,2024-12,HS6,271019
2809,"SAN FRANCISCO, CA",0014,PACIFIC RIM COUNTRIES,CGP,55241035,55241035,119138043,2024-12,HS6,271019
2809,"SAN FRANCISCO, CA",0020,USMCA (NAFTA),CGP,31970717,31970717,38865023,2024-12,HS6,271019
2809,"SAN FRANCISCO, CA",0021,TWENTY LATIN AMERICAN REPUBLICS,CGP,118021000,118021000,181054900,2024-12,HS6,271019
2809,"SAN FRANCISCO, CA",0022,OECD,CGP,99089144,99089144,96826642,2024-12,HS6,271019
2809,"SAN FRANCISCO, CA",0023,NATO,CGP,40671893,40671893,24860835,2024-12,HS6,271019
2809,"SAN FRANCISCO, CA",0024,LAFTA,CGP,84143189,84143189,104861552,2024-12,HS6,271019
2809,"SAN FRANCISCO, CA",0025,EURO AREA,CGP,40671893,40671893,24860835,2024-12,HS6,271019
2809,"SAN FRANCISCO, CA",0026,APEC,CGP,113683286,113683286,191126998,2024-12,HS6,271019
2809,"SAN FRANCISCO, CA",0027,ASEAN,CGP,55241035,55241035,119138043,2024-12,HS6,271019
2809,"SAN FRANCISCO, CA",1XXX,NORTH AMERICA,CGP,31970717,31970717,38865023,2024-12,HS6,271019
2809,"SAN FRANCISCO, CA",2010,MEXICO,DET,31970717,31970717,38865023,2024-12,HS6,271019
2809,"SAN FRANCISCO, CA",2250,PANAMA,DET,33877811,33877811,76193348,2024-12,HS6,271019
2809,"SAN FRANCISCO, CA",2XXX,CENTRAL AMERICA,CGP,33877811,33877811,76193348,2024-12,HS6,271019
2809,"SAN FRANCISCO, CA",3310,ECUADOR,DET,15139500,15139500,19884490,2024-12,HS6,271019
2809,"SAN FRANCISCO, CA",3330,PERU,DET,25000,25000,23148,2024-12,HS6,271019
2809,"SAN FRANCISCO, CA",3370,CHILE,DET,26446534,26446534,33100784,2024-12,HS6,271019
2809,"SAN FRANCISCO, CA",3570,ARGENTINA,DET,10561438,10561438,12988107,2024-12,HS6,271019
2809,"SAN FRANCISCO, CA",3XXX,SOUTH AMERICA,CGP,52172472,52172472,65996529,2024-12,HS6,271019
2809,"SAN FRANCISCO, CA",4210,NETHERLANDS,DET,40671893,40671893,24860835,2024-12,HS6,271019
2809,"SAN FRANCISCO, CA",4XXX,EUROPE,CGP,40671893,40671893,24860835,2024-12,HS6,271019
2809,"SAN FRANCISCO, CA",5180,QATAR,DET,443401,443401,470064,2024-12,HS6,271019
2809,"SAN FRANCISCO, CA",5590,SINGAPORE,DET,55241035,55241035,119138043,2024-12,HS6,271019
2809,"SAN FRANCISCO, CA",5XXX,ASIA,CGP,55684436,55684436,119608107,2024-12,HS6,271019
2811,"OAKLAND, CA",0003,EUROPEAN UNION,CGP,639844,639844,182928,2024-12,HS6,271019
2811,"OAKLAND, CA",0014,PACIFIC RIM COUNTRIES,CGP,1266106,1266106,285514,2024-12,HS6,271019
2811,"OAKLAND, CA",0017,CAFTA-DR,CGP,59031,59031,68545,2024-12,HS6,271019
2811,"OAKLAND, CA",0021,TWENTY LATIN AMERICAN REPUBLICS,CGP,437000,437000,513515,2024-12,HS6,271019
2811,"OAKLAND, CA",0022,OECD,CGP,1077899,1077899,280289,2024-12,HS6,271019
2811,"OAKLAND, CA",0023,NATO,CGP,708636,708636,199673,2024-12,HS6,271019
2811,"OAKLAND, CA",0024,LAFTA,CGP,377969,377969,444970,2024-12,HS6,271019
2811,"OAKLAND, CA",0025,EURO AREA,CGP,618599,618599,181260,2024-12,HS6,271019
2811,"OAKLAND, CA",0026,APEC,CGP,1272456,1272456,286144,2024-12,HS6,271019
2811,"OAKLAND, CA",0027,ASEAN,CGP,20232,20232,1116,2024-12,HS6,271019
2811,"OAKLAND, CA",0028,CACM,CGP,59031,59031,68545,2024-12,HS6,271019
2811,"OAKLAND, CA",2110,EL SALVADOR,DET,21148,21148,22208,2024-12,HS6,271019
2811,"OAKLAND, CA",2190,NICARAGUA,DET,37883,37883,46337,2024-12,HS6,271019
2811,"OAKLAND, CA",2XXX,CENTRAL AMERICA,CGP,59031,59031,68545,2024-12,HS6,271019
2811,"OAKLAND, CA",3370,CHILE,DET,6350,6350,630,2024-12,HS6,271019
2811,"OAKLAND, CA",3510,BRAZIL,DET,371619,371619,444340,2024-12,HS6,271019
2811,"OAKLAND, CA",3XXX,SOUTH AMERICA,CGP,377969,377969,444970,2024-12,HS6,271019
2811,"OAKLAND, CA",4010,SWEDEN,DET,21245,21245,1668,2024-12,HS6,271019
2811,"OAKLAND, CA",4039,NORWAY,DET,72085,72085,17790,2024-12,HS6,271019
2811,"OAKLAND, CA",4280,GERMANY,DET,615306,615306,180215,2024-12,HS6,271019
2811,"OAKLAND, CA",4330,AUSTRIA,DET,3293,3293,1045,2024-12,HS6,271019
2811,"OAKLAND, CA",4XXX,EUROPE,CGP,711929,711929,200718,2024-12,HS6,271019
2811,"OAKLAND, CA",5050,IRAQ,DET,57232,57232,19000,2024-12,HS6,271019
2811,"OAKLAND, CA",5170,SAUDI ARABIA,DET,3332,3332,157,2024-12,HS6,271019
2811,"OAKLAND, CA",5330,INDIA,DET,734304,734304,544809,2024-12,HS6,271019
2811,"OAKLAND, CA",5650,PHILIPPINES,DET,20232,20232,1116,2024-12,HS6,271019
2811,"OAKLAND, CA",5700,CHINA,DET,529344,529344,136334,2024-12,HS6,271019
2811,"OAKLAND, CA",5800,"KOREA, SOUTH",DET,78136,78136,23347,2024-12,HS6,271019
2811,"OAKLAND, CA",5830,TAIWAN,DET,356910,356910,69123,2024-12,HS6,271019
2811,"OAKLAND, CA",5880,JAPAN,DET,36707,36707,10582,2024-12,HS6,271019
2811,"OAKLAND, CA",5XXX,ASIA,CGP,1816197,1816197,804468,2024-12,HS6,271019
2811,"OAKLAND, CA",6021,AUSTRALIA,DET,185239,185239,38149,2024-12,HS6,271019
2811,"OAKLAND, CA",6141,NEW ZEALAND,DET,59538,59538,6863,2024-12,HS6,271019
2811,"OAKLAND, CA",6810,MARSHALL ISLANDS,DET,18706,18706,2269,2024-12,HS6,271019
2811,"OAKLAND, CA",6820,MICRONESIA,DET,54210,54210,15519,2024-12,HS6,271019
2811,"OAKLAND, CA",6XXX,AUSTRALIA AND OCEANIA,CGP,317693,317693,62800,2024-12,HS6,271019
2812,"RICHMOND, CA",0003,EUROPEAN UNION,CGP,216000381,216000381,235161778,2024-12,HS6,271019
2812,"RICHMOND, CA",0014,PACIFIC RIM COUNTRIES,CGP,370426486,370426486,981885524,2024-12,HS6,271019
2812,"RICHMOND, CA",0017,CAFTA-DR,CGP,104485146,104485146,130226092,2024-12,HS6,271019
2812,"RICHMOND, CA",0021,TWENTY LATIN AMERICAN REPUBLICS,CGP,1009041252,1009041252,968184180,2024-12,HS6,271019
2812,"RICHMOND, CA",0022,OECD,CGP,1018847614,1018847614,945427982,2024-12,HS6,271019
2812,"RICHMOND, CA",0023,NATO,CGP,216000381,216000381,235161778,2024-12,HS6,271019
2812,"RICHMOND, CA",0024,LAFTA,CGP,823825594,823825594,735812880,2024-12,HS6,271019
2812,"RICHMOND, CA",0025,EURO AREA,CGP,216000381,216000381,235161778,2024-12,HS6,271019
2812,"RICHMOND, CA",0026,APEC,CGP,1177131671,1177131671,1706123699,2024-12,HS6,271019
2812,"RICHMOND, CA",0027,ASEAN,CGP,370426486,370426486,981885524,2024-12,HS6,271019
2812,"RICHMOND, CA",0028,CACM,CGP,104485146,104485146,130226092,2024-12,HS6,271019
2812,"RICHMOND, CA",2050,GUATEMALA,DET,8715437,8715437,11236247,2024-12,HS6,271019
2812,"RICHMOND, CA",2110,EL SALVADOR,DET,95769709,95769709,118989845,2024-12,HS6,271019
2812,"RICHMOND, CA",2250,PANAMA,DET,80730512,80730512,102145208,2024-12,HS6,271019
2812,"RICHMOND, CA",2XXX,CENTRAL AMERICA,CGP,185215658,185215658,232371300,2024-12,HS6,271019
2812,"RICHMOND, CA",3010,COLOMBIA,DET,17120409,17120409,11574705,2024-12,HS6,271019
2812,"RICHMOND, CA",3330,PERU,DET,20978361,20978361,25546676,2024-12,HS6,271019
2812,"RICHMOND, CA",3370,CHILE,DET,785726824,785726824,698691499,2024-12,HS6,271019
2812,"RICHMOND, CA",3XXX,SOUTH AMERICA,CGP,823825594,823825594,735812880,2024-12,HS6,271019
2812,"RICHMOND, CA",4231,BELGIUM,DET,178513482,178513482,196291600,2024-12,HS6,271019
2812,"RICHMOND, CA",4279,FRANCE,DET,37486899,37486899,38870178,2024-12,HS6,271019
2812,"RICHMOND, CA",4XXX,EUROPE,CGP,216000381,216000381,235161778,2024-12,HS6,271019
2812,"RICHMOND, CA",5590,SINGAPORE,DET,370426486,370426486,981885524,2024-12,HS6,271019
2812,"RICHMOND, CA",5XXX,ASIA,CGP,370426486,370426486,981885524,2024-12,HS6,271019
2815,"CROCKETT, CA",0003,EUROPEAN UNION,CGP,29989967,29989967,22197492,2024-12,HS6,271019
2815,"CROCKETT, CA",0014,PACIFIC RIM COUNTRIES,CGP,86438940,86438940,175649225,2024-12,HS6,271019
2815,"CROCKETT, CA",0021,TWENTY LATIN AMERICAN REPUBLICS,CGP,15682033,15682033,43440971,2024-12,HS6,271019
2815,"CROCKETT, CA",0022,OECD,CGP,29989967,29989967,22197492,2024-12,HS6,271019
2815,"CROCKETT, CA",0023,NATO,CGP,29989967,29989967,22197492,2024-12,HS6,271019
2815,"CROCKETT, CA",0025,EURO AREA,CGP,29989967,29989967,22197492,2024-12,HS6,271019
2815,"CROCKETT, CA",0026,APEC,CGP,86438940,86438940,175649225,2024-12,HS6,271019
2815,"CROCKETT, CA",0027,ASEAN,CGP,86438940,86438940,175649225,2024-12,HS6,271019
2815,"CROCKETT, CA",2250,PANAMA,DET,15682033,15682033,43440971,2024-12,HS6,271019
2815,"CROCKETT, CA",2XXX,CENTRAL AMERICA,CGP,15682033,15682033,43440971,2024-12,HS6,271019
2815,"CROCKETT, CA",4210,NETHERLANDS,DET,29989967,29989967,22197492,2024-12,HS6,271019
2815,"CROCKETT, CA",4XXX,EUROPE,CGP,29989967,29989967,22197492,2024-12,HS6,271019
2815,"CROCKETT, CA",5590,SINGAPORE,DET,86438940,86438940,175649225,2024-12,HS6,271019
2815,"CROCKETT, CA",5XXX,ASIA,CGP,86438940,86438940,175649225,2024-12,HS6,271019
2820,"MARTINEZ, CA",0014,PACIFIC RIM COUNTRIES,CGP,22695901,22695901,48009620,2024-12,HS6,271019
2820,"MARTINEZ, CA",0021,TWENTY LATIN AMERICAN REPUBLICS,CGP,69750334,69750334,93164118,2024-12,HS6,271019
2820,"MARTINEZ, CA",0024,LAFTA,CGP,69750334,69750334,93164118,2024-12,HS6,271019
2820,"MARTINEZ, CA",0026,APEC,CGP,35727315,35727315,67496050,2024-12,HS6,271019
2820,"MARTINEZ, CA",0027,ASEAN,CGP,22695901,22695901,48009620,2024-12,HS6,271019
2820,"MARTINEZ, CA",3310,ECUADOR,DET,56718920,56718920,73677688,2024-12,HS6,271019
2820,"MARTINEZ, CA",3330,PERU,DET,13031414,13031414,19486430,2024-12,HS6,271019
2820,"MARTINEZ, CA",3XXX,SOUTH AMERICA,CGP,69750334,69750334,93164118,2024-12,HS6,271019
2820,"MARTINEZ, CA",5590,SINGAPORE,DET,22695901,22695901,48009620,2024-12,HS6,271019
2820,"MARTINEZ, CA",5XXX,ASIA,CGP,22695901,22695901,48009620,2024-12,HS6,271019
2830,"CARQUINEZ STRAIT, CA",0014,PACIFIC RIM COUNTRIES,CGP,5571050,5571050,13069139,2024-12,HS6,271019
2830,"CARQUINEZ STRAIT, CA",0026,APEC,CGP,5571050,5571050,13069139,2024-12,HS6,271019
2830,"CARQUINEZ STRAIT, CA",0027,ASEAN,CGP,5571050,5571050,13069139,2024-12,HS6,271019
2830,"CARQUINEZ STRAIT, CA",5590,SINGAPORE,DET,5571050,5571050,13069139,2024-12,HS6,271019
2830,"CARQUINEZ STRAIT, CA",5XXX,ASIA,CGP,5571050,5571050,13069139,2024-12,HS6,271019
2904,"PORTLAND, OR",0020,USMCA (NAFTA),CGP,6389440,6389440,8377400,2024-12,HS6,271019
2904,"PORTLAND, OR",0022,OECD,CGP,6393292,6393292,8377976,2024-12,HS6,271019
2904,"PORTLAND, OR",0023,NATO,CGP,6393292,6393292,8377976,2024-12,HS6,271019
2904,"PORTLAND, OR",0026,APEC,CGP,6389440,6389440,8377400,2024-12,HS6,271019
2904,"PORTLAND, OR",1220,CANADA,DET,6389440,6389440,8377400,2024-12,HS6,271019
2904,"PORTLAND, OR",1XXX,NORTH AMERICA,CGP,6389440,6389440,8377400,2024-12,HS6,271019
2904,"PORTLAND, OR",4000,ICELAND,DET,3852,3852,576,2024-12,HS6,271019
2904,"PORTLAND, OR",4XXX,EUROPE,CGP,3852,3852,576,2024-12,HS6,271019
2908,"VANCOUVER, WA",0014,PACIFIC RIM COUNTRIES,CGP,29637,29637,5936,2024-12,HS6,271019
2908,"VANCOUVER, WA",0022,OECD,CGP,5637,5637,711,2024-12,HS6,271019
2908,"VANCOUVER, WA",0026,APEC,CGP,29637,29637,5936,2024-12,HS6,271019
2908,"VANCOUVER, WA",5830,TAIWAN,DET,24000,24000,5225,2024-12,HS6,271019
2908,"VANCOUVER, WA",5880,JAPAN,DET,5637,5637,711,2024-12,HS6,271019
2908,"VANCOUVER, WA",5XXX,ASIA,CGP,29637,29637,5936,2024-12,HS6,271019
2910,"PORTLAND INTERNATIONAL AIRPORT, WA",0026,APEC,CGP,42079,0,0,2024-12,HS6,271019
2910,"PORTLAND INTERNATIONAL AIRPORT, WA",0027,ASEAN,CGP,42079,0,0,2024-12,HS6,271019
2910,"PORTLAND INTERNATIONAL AIRPORT, WA",5490,THAILAND,DET,42079,0,0,2024-12,HS6,271019
2910,"PORTLAND INTERNATIONAL AIRPORT, WA",5XXX,ASIA,CGP,42079,0,0,2024-12,HS6,271019
3001,"SEATTLE, WA",0003,EUROPEAN UNION,CGP,37412,37412,6819,2024-12,HS6,271019
3001,"SEATTLE, WA",0014,PACIFIC RIM COUNTRIES,CGP,3388580,3388580,778264,2024-12,HS6,271019
3001,"SEATTLE, WA",0020,USMCA (NAFTA),CGP,29910282,29394034,35331417,2024-12,HS6,271019
3001,"SEATTLE, WA",0021,TWENTY LATIN AMERICAN REPUBLICS,CGP,10892,10892,20000,2024-12,HS6,271019
3001,"SEATTLE, WA",0022,OECD,CGP,30032522,29516274,35373997,2024-12,HS6,271019
3001,"SEATTLE, WA",0023,NATO,CGP,29947694,29431446,35338236,2024-12,HS6,271019
3001,"SEATTLE, WA",0024,LAFTA,CGP,10892,10892,20000,2024-12,HS6,271019
3001,"SEATTLE, WA",0025,EURO AREA,CGP,37412,37412,6819,2024-12,HS6,271019
3001,"SEATTLE, WA",0026,APEC,CGP,33425041,32908793,36143513,2024-12,HS6,271019
3001,"SEATTLE, WA",0027,ASEAN,CGP,2652267,2652267,597100,2024-12,HS6,271019
3001,"SEATTLE, WA",1220,CANADA,DET,29910282,29394034,35331417,2024-12,HS6,271019
3001,"SEATTLE, WA",1XXX,NORTH AMERICA,CGP,29910282,29394034,35331417,2024-12,HS6,271019
3001,"SEATTLE, WA",3010,COLOMBIA,DET,10892,10892,20000,2024-12,HS6,271019
3001,"SEATTLE, WA",3XXX,SOUTH AMERICA,CGP,10892,10892,20000,2024-12,HS6,271019
3001,"SEATTLE, WA",4840,GREECE,DET,37412,37412,6819,2024-12,HS6,271019
3001,"SEATTLE, WA",4XXX,EUROPE,CGP,37412,37412,6819,2024-12,HS6,271019
3001,"SEATTLE, WA",5200,UNITED ARAB EMIRATES,DET,32341,32341,7983,2024-12,HS6,271019
3001,"SEATTLE, WA",5490,THAILAND,DET,126179,126179,33832,2024-12,HS6,271019
3001,"SEATTLE, WA",5570,MALAYSIA,DET,207120,207120,43126,2024-12,HS6,271019
3001,"SEATTLE, WA",5600,INDONESIA,DET,85662,85662,21293,2024-12,HS6,271019
3001,"SEATTLE, WA",5650,PHILIPPINES,DET,2233306,2233306,498849,2024-12,HS6,271019
3001,"SEATTLE, WA",5700,CHINA,DET,758302,758302,193579,2024-12,HS6,271019
3001,"SEATTLE, WA",5800,"KOREA, SOUTH",DET,6575,6575,1442,2024-12,HS6,271019
3001,"SEATTLE, WA",5820,HONG KONG,DET,13232,13232,2364,2024-12,HS6,271019
3001,"SEATTLE, WA",5830,TAIWAN,DET,17022,17022,3292,2024-12,HS6,271019
3001,"SEATTLE, WA",5880,JAPAN,DET,6384,6384,1379,2024-12,HS6,271019
3001,"SEATTLE, WA",5XXX,ASIA,CGP,3486123,3486123,807139,2024-12,HS6,271019
3001,"SEATTLE, WA",6021,AUSTRALIA,DET,60977,60977,12940,2024-12,HS6,271019
3001,"SEATTLE, WA",6820,MICRONESIA,DET,3735,3735,953,2024-12,HS6,271019
3001,"SEATTLE, WA",6XXX,AUSTRALIA AND OCEANIA,CGP,64712,64712,13893,2024-12,HS6,271019
3002,"TACOMA, WA",0014,PACIFIC RIM COUNTRIES,CGP,1359764,1359764,390817,2024-12,HS6,271019
3002,"TACOMA, WA",0022,OECD,CGP,363028,363028,160118,2024-12,HS6,271019
3002,"TACOMA, WA",0026,APEC,CGP,1918421,1918421,601313,2024-12,HS6,271019
3002,"TACOMA, WA",0027,ASEAN,CGP,1151756,1151756,343475,2024-12,HS6,271019
3002,"TACOMA, WA",5200,UNITED ARAB EMIRATES,DET,386238,386238,86515,2024-12,HS6,271019
3002,"TACOMA, WA",5350,PAKISTAN,DET,3383,3383,195,2024-12,HS6,271019
3002,"TACOMA, WA",5380,BANGLADESH,DET,7276,7276,655,2024-12,HS6,271019
3002,"TACOMA, WA",5490,THAILAND,DET,180428,180428,92258,2024-12,HS6,271019
3002,"TACOMA, WA",5520,VIETNAM,DET,378229,378229,118238,2024-12,HS6,271019
3002,"TACOMA, WA",5550,CAMBODIA,DET,60073,60073,12739,2024-12,HS6,271019
3002,"TACOMA, WA",5570,MALAYSIA,DET,121061,121061,26434,2024-12,HS6,271019
3002,"TACOMA, WA",5590,SINGAPORE,DET,268849,268849,62691,2024-12,HS6,271019
3002,"TACOMA, WA",5600,INDONESIA,DET,56539,56539,11809,2024-12,HS6,271019
3002,"TACOMA, WA",5610,BRUNEI,DET,38470,38470,9429,2024-12,HS6,271019
3002,"TACOMA, WA",5650,PHILIPPINES,DET,48107,48107,9877,2024-12,HS6,271019
3002,"TACOMA, WA",5700,CHINA,DET,457662,457662,110079,2024-12,HS6,271019
3002,"TACOMA, WA",5800,"KOREA, SOUTH",DET,109797,109797,26179,2024-12,HS6,271019
3002,"TACOMA, WA",5830,TAIWAN,DET,6048,6048,380,2024-12,HS6,271019
3002,"TACOMA, WA",5880,JAPAN,DET,191573,191573,119631,2024-12,HS6,271019
3002,"TACOMA, WA",5XXX,ASIA,CGP,2313733,2313733,687109,2024-12,HS6,271019
3002,"TACOMA, WA",6021,AUSTRALIA,DET,61658,61658,14308,2024-12,HS6,271019
3002,"TACOMA, WA",6XXX,AUSTRALIA AND OCEANIA,CGP,61658,61658,14308,2024-12,HS6,271019
3004,"BLAINE, WA",0014,PACIFIC RIM COUNTRIES,CGP,11111,0,0,2024-12,HS6,271019
3004,"BLAINE, WA",0020,USMCA (NAFTA),CGP,421626562,181591062,213636906,2024-12,HS6,271019
3004,"BLAINE, WA",0021,TWENTY LATIN AMERICAN REPUBLICS,CGP,74891100,74891100,94446283,2024-12,HS6,271019
3004,"BLAINE, WA",0022,OECD,CGP,458730884,218684273,255894472,2024-12,HS6,271019
3004,"BLAINE, WA",0023,NATO,CGP,396444923,156409423,178560158,2024-12,HS6,271019
3004,"BLAINE, WA",0024,LAFTA,CGP,74891100,74891100,94446283,2024-12,HS6,271019
3004,"BLAINE, WA",0026,APEC,CGP,458730884,218684273,255894472,2024-12,HS6,271019
3004,"BLAINE, WA",1220,CANADA,DET,396444923,156409423,178560158,2024-12,HS6,271019
3004,"BLAINE, WA",1XXX,NORTH AMERICA,CGP,421626562,181591062,213636906,2024-12,HS6,271019
3004,"BLAINE, WA",2010,MEXICO,DET,25181639,25181639,35076748,2024-12,HS6,271019
3004,"BLAINE, WA",3310,ECUADOR,DET,12616250,12616250,17111969,2024-12,HS6,271019
3004,"BLAINE, WA",3370,CHILE,DET,37093211,37093211,42257566,2024-12,HS6,271019
3004,"BLAINE, WA",3XXX,SOUTH AMERICA,CGP,49709461,49709461,59369535,2024-12,HS6,271019
3004,"BLAINE, WA",6021,AUSTRALIA,DET,11111,0,0,2024-12,HS6,271019
3004,"BLAINE, WA",6XXX,AUSTRALIA AND OCEANIA,CGP,11111,0,0,2024-12,HS6,271019
3005,"BELLINGHAM, WA",0014,PACIFIC RIM COUNTRIES,CGP,47097157,47097157,74341020,2024-12,HS6,271019
3005,"BELLINGHAM, WA",0020,USMCA (NAFTA),CGP,1262987254,1262943275,1702241666,2024-12,HS6,271019
3005,"BELLINGHAM, WA",0021,TWENTY LATIN AMERICAN REPUBLICS,CGP,1872610535,1872610535,2475498985,2024-12,HS6,271019
3005,"BELLINGHAM, WA",0022,OECD,CGP,1801421366,1801377387,2377931345,2024-12,HS6,271019
3005,"BELLINGHAM, WA",0023,NATO,CGP,43979,0,0,2024-12,HS6,271019
3005,"BELLINGHAM, WA",0024,LAFTA,CGP,1872610535,1872610535,2475498985,2024-12,HS6,271019
3005,"BELLINGHAM, WA",0026,APEC,CGP,1888432710,1888388731,2511433548,2024-12,HS6,271019
3005,"BELLINGHAM, WA",0027,ASEAN,CGP,47097157,47097157,74341020,2024-12,HS6,271019
3005,"BELLINGHAM, WA",1220,CANADA,DET,43979,0,0,2024-12,HS6,271019
3005,"BELLINGHAM, WA",1XXX,NORTH AMERICA,CGP,1262987254,1262943275,1702241666,2024-12,HS6,271019
3005,"BELLINGHAM, WA",2010,MEXICO,DET,1262943275,1262943275,1702241666,2024-12,HS6,271019
3005,"BELLINGHAM, WA",3310,ECUADOR,DET,31318961,31318961,38406457,2024-12,HS6,271019
3005,"BELLINGHAM, WA",3330,PERU,DET,39914187,39914187,59161183,2024-12,HS6,271019
3005,"BELLINGHAM, WA",3370,CHILE,DET,538434112,538434112,675689679,2024-12,HS6,271019
3005,"BELLINGHAM, WA",3XXX,SOUTH AMERICA,CGP,609667260,609667260,773257319,2024-12,HS6,271019
3005,"BELLINGHAM, WA",5570,MALAYSIA,DET,25561149,25561149,54700575,2024-12,HS6,271019
3005,"BELLINGHAM, WA",5590,SINGAPORE,DET,21536008,21536008,19640445,2024-12,HS6,271019
3005,"BELLINGHAM, WA",5XXX,ASIA,CGP,47097157,47097157,74341020,2024-12,HS6,271019
3006,"EVERETT, WA",0003,EUROPEAN UNION,CGP,2963,0,0,2024-12,HS6,271019
3006,"EVERETT, WA",0022,OECD,CGP,2963,0,0,2024-12,HS6,271019
3006,"EVERETT, WA",0023,NATO,CGP,2963,0,0,2024-12,HS6,271019
3006,"EVERETT, WA",4099,DENMARK,DET,2963,0,0,2024-12,HS6,271019
3006,"EVERETT, WA",4XXX,EUROPE,CGP,2963,0,0,2024-12,HS6,271019
3007,"PORT ANGELES, WA",0020,USMCA (NAFTA),CGP,14140786,14140786,10287464,2024-12,HS6,271019
3007,"PORT ANGELES, WA",0022,OECD,CGP,14140786,14140786,10287464,2024-12,HS6,271019
3007,"PORT ANGELES, WA",0023,NATO,CGP,14140786,14140786,10287464,2024-12,HS6,271019
3007,"PORT ANGELES, WA",0026,APEC,CGP,14140786,14140786,10287464,2024-12,HS6,271019
3007,"PORT ANGELES, WA",1220,CANADA,DET,14140786,14140786,10287464,2024-12,HS6,271019
3007,"PORT ANGELES, WA",1XXX,NORTH AMERICA,CGP,14140786,14140786,10287464,2024-12,HS6,271019
3008,"PORT TOWNSEND, WA",0020,USMCA (NAFTA),CGP,102366,0,0,2024-12,HS6,271019
3008,"PORT TOWNSEND, WA",0022,OECD,CGP,102366,0,0,2024-12,HS6,271019
3008,"PORT TOWNSEND, WA",0023,NATO,CGP,102366,0,0,2024-12,HS6,271019
3008,"PORT TOWNSEND, WA",0026,APEC,CGP,102366,0,0,2024-12,HS6,271019
3008,"PORT TOWNSEND, WA",1220,CANADA,DET,102366,0,0,2024-12,HS6,271019
3008,"PORT TOWNSEND, WA",1XXX,NORTH AMERICA,CGP,102366,0,0,2024-12,HS6,271019
3009,"SUMAS, WA",0020,USMCA (NAFTA),CGP,13308591,0,0,2024-12,HS6,271019
3009,"SUMAS, WA",0022,OECD,CGP,13308591,0,0,2024-12,HS6,271019
3009,"SUMAS, WA",0023,NATO,CGP,13308591,0,0,2024-12,HS6,271019
3009,"SUMAS, WA",0026,APEC,CGP,13308591,0,0,2024-12,HS6,271019
3009,"SUMAS, WA",1220,CANADA,DET,13308591,0,0,2024-12,HS6,271019
3009,"SUMAS, WA",1XXX,NORTH AMERICA,CGP,13308591,0,0,2024-12,HS6,271019
3010,"ANACORTES, WA",0003,EUROPEAN UNION,CGP,32968040,32968040,67044312,2024-12,HS6,271019
3010,"ANACORTES, WA",0014,PACIFIC RIM COUNTRIES,CGP,51122608,51122608,123403265,2024-12,HS6,271019
3010,"ANACORTES, WA",0020,USMCA (NAFTA),CGP,200802016,200802016,291139277,2024-12,HS6,271019
3010,"ANACORTES, WA",0021,TWENTY LATIN AMERICAN REPUBLICS,CGP,296086372,296086372,419665670,2024-12,HS6,271019
3010,"ANACORTES, WA",0022,OECD,CGP,262391367,262391367,397098338,2024-12,HS6,271019
3010,"ANACORTES, WA",0023,NATO,CGP,38455059,38455059,73964975,2024-12,HS6,271019
3010,"ANACORTES, WA",0024,LAFTA,CGP,280711829,280711829,400323030,2024-12,HS6,271019
3010,"ANACORTES, WA",0025,EURO AREA,CGP,32968040,32968040,67044312,2024-12,HS6,271019
3010,"ANACORTES, WA",0026,APEC,CGP,280545935,280545935,453457291,2024-12,HS6,271019
3010,"ANACORTES, WA",0027,ASEAN,CGP,51122608,51122608,123403265,2024-12,HS6,271019
3010,"ANACORTES, WA",1220,CANADA,DET,5487019,5487019,6920663,2024-12,HS6,271019
3010,"ANACORTES, WA",1XXX,NORTH AMERICA,CGP,200802016,200802016,291139277,2024-12,HS6,271019
3010,"ANACORTES, WA",2010,MEXICO,DET,195314997,195314997,284218614,2024-12,HS6,271019
3010,"ANACORTES, WA",2250,PANAMA,DET,15374543,15374543,19342640,2024-12,HS6,271019
3010,"ANACORTES, WA",2XXX,CENTRAL AMERICA,CGP,15374543,15374543,19342640,2024-12,HS6,271019
3010,"ANACORTES, WA",3310,ECUADOR,DET,56775521,56775521,77189667,2024-12,HS6,271019
3010,"ANACORTES, WA",3370,CHILE,DET,28621311,28621311,38914749,2024-12,HS6,271019
3010,"ANACORTES, WA",3XXX,SOUTH AMERICA,CGP,85396832,85396832,116104416,2024-12,HS6,271019
3010,"ANACORTES, WA",4210,NETHERLANDS,DET,32968040,32968040,67044312,2024-12,HS6,271019
3010,"ANACORTES, WA",4XXX,EUROPE,CGP,32968040,32968040,67044312,2024-12,HS6,271019
3010,"ANACORTES, WA",5590,SINGAPORE,DET,51122608,51122608,123403265,2024-12,HS6,271019
3010,"ANACORTES, WA",5XXX,ASIA,CGP,51122608,51122608,123403265,2024-12,HS6,271019
3013,"FERRY, WA",0020,USMCA (NAFTA),CGP,53591,0,0,2024-12,HS6,271019
3013,"FERRY, WA",0022,OECD,CGP,53591,0,0,2024-12,HS6,271019
3013,"FERRY, WA",0023,NATO,CGP,53591,0,0,2024-12,HS6,271019
3013,"FERRY, WA",0026,APEC,CGP,53591,0,0,2024-12,HS6,271019
3013,"FERRY, WA",1220,CANADA,DET,53591,0,0,2024-12,HS6,271019
3013,"FERRY, WA",1XXX,NORTH AMERICA,CGP,53591,0,0,2024-12,HS6,271019
3015,"BOUNDARY, WA",0020,USMCA (NAFTA),CGP,112062,0,0,2024-12,HS6,271019
3015,"BOUNDARY, WA",0022,OECD,CGP,112062,0,0,2024-12,HS6,271019
3015,"BOUNDARY, WA",0023,NATO,CGP,112062,0,0,2024-12,HS6,271019
3015,"BOUNDARY, WA",0026,APEC,CGP,112062,0,0,2024-12,HS6,271019
3015,"BOUNDARY, WA",1220,CANADA,DET,112062,0,0,2024-12,HS6,271019
3015,"BOUNDARY, WA",1XXX,NORTH AMERICA,CGP,112062,0,0,2024-12,HS6,271019
3016,"LAURIER, WA",0020,USMCA (NAFTA),CGP,101944,0,0,2024-12,HS6,271019
3016,"LAURIER, WA",0022,OECD,CGP,101944,0,0,2024-12,HS6,271019
3016,"LAURIER, WA",0023,NATO,CGP,101944,0,0,2024-12,HS6,271019
3016,"LAURIER, WA",0026,APEC,CGP,101944,0,0,2024-12,HS6,271019
3016,"LAURIER, WA",1220,CANADA,DET,101944,0,0,2024-12,HS6,271019
3016,"LAURIER, WA",1XXX,NORTH AMERICA,CGP,101944,0,0,2024-12,HS6,271019
3019,"OROVILLE, WA",0020,USMCA (NAFTA),CGP,892833,0,0,2024-12,HS6,271019
3019,"OROVILLE, WA",0022,OECD,CGP,892833,0,0,2024-12,HS6,271019
3019,"OROVILLE, WA",0023,NATO,CGP,892833,0,0,2024-12,HS6,271019
3019,"OROVILLE, WA",0026,APEC,CGP,892833,0,0,2024-12,HS6,271019
3019,"OROVILLE, WA",1220,CANADA,DET,892833,0,0,2024-12,HS6,271019
3019,"OROVILLE, WA",1XXX,NORTH AMERICA,CGP,892833,0,0,2024-12,HS6,271019
3020,"FRONTIER, WA",0020,USMCA (NAFTA),CGP,616684,0,0,2024-12,HS6,271019
3020,"FRONTIER, WA",0022,OECD,CGP,616684,0,0,2024-12,HS6,271019
3020,"FRONTIER, WA",0023,NATO,CGP,616684,0,0,2024-12,HS6,271019
3020,"FRONTIER, WA",0026,APEC,CGP,616684,0,0,2024-12,HS6,271019
3020,"FRONTIER, WA",1220,CANADA,DET,616684,0,0,2024-12,HS6,271019
3020,"FRONTIER, WA",1XXX,NORTH AMERICA,CGP,616684,0,0,2024-12,HS6,271019
3023,"LYNDEN, WA",0020,USMCA (NAFTA),CGP,29739611,0,0,2024-12,HS6,271019
3023,"LYNDEN, WA",0021,TWENTY LATIN AMERICAN REPUBLICS,CGP,10253,0,0,2024-12,HS6,271019
3023,"LYNDEN, WA",0022,OECD,CGP,29739611,0,0,2024-12,HS6,271019
3023,"LYNDEN, WA",0023,NATO,CGP,29729358,0,0,2024-12,HS6,271019
3023,"LYNDEN, WA",0024,LAFTA,CGP,10253,0,0,2024-12,HS6,271019
3023,"LYNDEN, WA",0026,APEC,CGP,29739611,0,0,2024-12,HS6,271019
3023,"LYNDEN, WA",1220,CANADA,DET,29729358,0,0,2024-12,HS6,271019
3023,"LYNDEN, WA",1XXX,NORTH AMERICA,CGP,29739611,0,0,2024-12,HS6,271019
3023,"LYNDEN, WA",2010,MEXICO,DET,10253,0,0,2024-12,HS6,271019
3029,"SEATTLE-TACOMA INTERNATIONAL AIRPORT, WA",0014,PACIFIC RIM COUNTRIES,CGP,375701,0,0,2024-12,HS6,271019
3029,"SEATTLE-TACOMA INTERNATIONAL AIRPORT, WA",0020,USMCA (NAFTA),CGP,7452,0,0,2024-12,HS6,271019
3029,"SEATTLE-TACOMA INTERNATIONAL AIRPORT, WA",0022,OECD,CGP,31666,0,0,2024-12,HS6,271019
3029,"SEATTLE-TACOMA INTERNATIONAL AIRPORT, WA",0023,NATO,CGP,10965,0,0,2024-12,HS6,271019
3029,"SEATTLE-TACOMA INTERNATIONAL AIRPORT, WA",0026,APEC,CGP,387608,0,0,2024-12,HS6,271019
3029,"SEATTLE-TACOMA INTERNATIONAL AIRPORT, WA",0027,ASEAN,CGP,359455,0,0,2024-12,HS6,271019
3029,"SEATTLE-TACOMA INTERNATIONAL AIRPORT, WA",1220,CANADA,DET,7452,0,0,2024-12,HS6,271019
3029,"SEATTLE-TACOMA INTERNATIONAL AIRPORT, WA",1XXX,NORTH AMERICA,CGP,7452,0,0,2024-12,HS6,271019
3029,"SEATTLE-TACOMA INTERNATIONAL AIRPORT, WA",4634,KAZAKHSTAN,DET,6343,0,0,2024-12,HS6,271019
3029,"SEATTLE-TACOMA INTERNATIONAL AIRPORT, WA",4890,TURKEY,DET,3513,0,0,2024-12,HS6,271019
3029,"SEATTLE-TACOMA INTERNATIONAL AIRPORT, WA",4XXX,EUROPE,CGP,9856,0,0,2024-12,HS6,271019
3029,"SEATTLE-TACOMA INTERNATIONAL AIRPORT, WA",5170,SAUDI ARABIA,DET,7621,0,0,2024-12,HS6,271019
3029,"SEATTLE-TACOMA INTERNATIONAL AIRPORT, WA",5200,UNITED ARAB EMIRATES,DET,11755,0,0,2024-12,HS6,271019
3029,"SEATTLE-TACOMA INTERNATIONAL AIRPORT, WA",5520,VIETNAM,DET,4455,0,0,2024-12,HS6,271019
3029,"SEATTLE-TACOMA INTERNATIONAL AIRPORT, WA",5590,SINGAPORE,DET,355000,0,0,2024-12,HS6,271019
3029,"SEATTLE-TACOMA INTERNATIONAL AIRPORT, WA",5800,"KOREA, SOUTH",DET,3324,0,0,2024-12,HS6,271019
3029,"SEATTLE-TACOMA INTERNATIONAL AIRPORT, WA",5XXX,ASIA,CGP,382155,0,0,2024-12,HS6,271019
3029,"SEATTLE-TACOMA INTERNATIONAL AIRPORT, WA",6021,AUSTRALIA,DET,14630,0,0,2024-12,HS6,271019
3029,"SEATTLE-TACOMA INTERNATIONAL AIRPORT, WA",6141,NEW ZEALAND,DET,2747,0,0,2024-12,HS6,271019
3029,"SEATTLE-TACOMA INTERNATIONAL AIRPORT, WA",6XXX,AUSTRALIA AND OCEANIA,CGP,17377,0,0,2024-12,HS6,271019
3103,"SKAGWAY, AK",0020,USMCA (NAFTA),CGP,65293320,0,0,2024-12,HS6,271019
3103,"SKAGWAY, AK",0022,OECD,CGP,65293320,0,0,2024-12,HS6,271019
3103,"SKAGWAY, AK",0023,NATO,CGP,65293320,0,0,2024-12,HS6,271019
3103,"SKAGWAY, AK",0026,APEC,CGP,65293320,0,0,2024-12,HS6,271019
3103,"SKAGWAY, AK",1220,CANADA,DET,65293320,0,0,2024-12,HS6,271019
3103,"SKAGWAY, AK",1XXX,NORTH AMERICA,CGP,65293320,0,0,2024-12,HS6,271019
3104,"ALCAN, AK",0020,USMCA (NAFTA),CGP,66177,0,0,2024-12,HS6,271019
3104,"ALCAN, AK",0022,OECD,CGP,66177,0,0,2024-12,HS6,271019
3104,"ALCAN, AK",0023,NATO,CGP,66177,0,0,2024-12,HS6,271019
3104,"ALCAN, AK",0026,APEC,CGP,66177,0,0,2024-12,HS6,271019
3104,"ALCAN, AK",1220,CANADA,DET,66177,0,0,2024-12,HS6,271019
3104,"ALCAN, AK",1XXX,NORTH AMERICA,CGP,66177,0,0,2024-12,HS6,271019
3106,"DALTON CACHE, AK",0020,USMCA (NAFTA),CGP,7045611,0,0,2024-12,HS6,271019
3106,"DALTON CACHE, AK",0022,OECD,CGP,7045611,0,0,2024-12,HS6,271019
3106,"DALTON CACHE, AK",0023,NATO,CGP,7045611,0,0,2024-12,HS6,271019
3106,"DALTON CACHE, AK",0026,APEC,CGP,7045611,0,0,2024-12,HS6,271019
3106,"DALTON CACHE, AK",1220,CANADA,DET,7045611,0,0,2024-12,HS6,271019
3106,"DALTON CACHE, AK",1XXX,NORTH AMERICA,CGP,7045611,0,0,2024-12,HS6,271019
3126,"ANCHORAGE, AK",0003,EUROPEAN UNION,CGP,6777,6777,3320,2024-12,HS6,271019
3126,"ANCHORAGE, AK",0014,PACIFIC RIM COUNTRIES,CGP,1457485,0,0,2024-12,HS6,271019
3126,"ANCHORAGE, AK",0020,USMCA (NAFTA),CGP,25447752,25447752,27226192,2024-12,HS6,271019
3126,"ANCHORAGE, AK",0022,OECD,CGP,25960210,25454529,27229512,2024-12,HS6,271019
3126,"ANCHORAGE, AK",0023,NATO,CGP,25454529,25454529,27229512,2024-12,HS6,271019
3126,"ANCHORAGE, AK",0025,EURO AREA,CGP,6777,6777,3320,2024-12,HS6,271019
3126,"ANCHORAGE, AK",0026,APEC,CGP,27054059,25447752,27226192,2024-12,HS6,271019
3126,"ANCHORAGE, AK",0027,ASEAN,CGP,1069164,0,0,2024-12,HS6,271019
3126,"ANCHORAGE, AK",1220,CANADA,DET,25447752,25447752,27226192,2024-12,HS6,271019
3126,"ANCHORAGE, AK",1XXX,NORTH AMERICA,CGP,25447752,25447752,27226192,2024-12,HS6,271019
3126,"ANCHORAGE, AK",4280,GERMANY,DET,6777,6777,3320,2024-12,HS6,271019
3126,"ANCHORAGE, AK",4XXX,EUROPE,CGP,6777,6777,3320,2024-12,HS6,271019
3126,"ANCHORAGE, AK",5081,ISRAEL,DET,49241,0,0,2024-12,HS6,271019
3126,"ANCHORAGE, AK",5520,VIETNAM,DET,148822,0,0,2024-12,HS6,271019
3126,"ANCHORAGE, AK",5570,MALAYSIA,DET,837902,0,0,2024-12,HS6,271019
3126,"ANCHORAGE, AK",5590,SINGAPORE,DET,52309,0,0,2024-12,HS6,271019
3126,"ANCHORAGE, AK",5600,INDONESIA,DET,24662,0,0,2024-12,HS6,271019
3126,"ANCHORAGE, AK",5650,PHILIPPINES,DET,5469,0,0,2024-12,HS6,271019
3126,"ANCHORAGE, AK",5700,CHINA,DET,3159,0,0,2024-12,HS6,271019
3126,"ANCHORAGE, AK",5800,"KOREA, SOUTH",DET,82537,0,0,2024-12,HS6,271019
3126,"ANCHORAGE, AK",5820,HONG KONG,DET,26659,0,0,2024-12,HS6,271019
3126,"ANCHORAGE, AK",5830,TAIWAN,DET,34635,0,0,2024-12,HS6,271019
3126,"ANCHORAGE, AK",5880,JAPAN,DET,363339,0,0,2024-12,HS6,271019
3126,"ANCHORAGE, AK",5XXX,ASIA,CGP,1628734,0,0,2024-12,HS6,271019
3126,"ANCHORAGE, AK",6021,AUSTRALIA,DET,10564,0,0,2024-12,HS6,271019
3126,"ANCHORAGE, AK",6040,PAPUA NEW GUINEA,DET,16250,0,0,2024-12,HS6,271019
3126,"ANCHORAGE, AK",6XXX,AUSTRALIA AND OCEANIA,CGP,26814,0,0,2024-12,HS6,271019
3201,"HONOLULU, HI",0014,PACIFIC RIM COUNTRIES,CGP,685893,685893,523623,2024-12,HS6,271019
3201,"HONOLULU, HI",0021,TWENTY LATIN AMERICAN REPUBLICS,CGP,14634202,14634202,31149438,2024-12,HS6,271019
3201,"HONOLULU, HI",0022,OECD,CGP,592750,592750,515432,2024-12,HS6,271019
3201,"HONOLULU, HI",0026,APEC,CGP,685893,685893,523623,2024-12,HS6,271019
3201,"HONOLULU, HI",0027,ASEAN,CGP,93143,93143,8191,2024-12,HS6,271019
3201,"HONOLULU, HI",2250,PANAMA,DET,14634202,14634202,31149438,2024-12,HS6,271019
3201,"HONOLULU, HI",2XXX,CENTRAL AMERICA,CGP,14634202,14634202,31149438,2024-12,HS6,271019
3201,"HONOLULU, HI",5590,SINGAPORE,DET,93143,93143,8191,2024-12,HS6,271019
3201,"HONOLULU, HI",5800,"KOREA, SOUTH",DET,592750,592750,515432,2024-12,HS6,271019
3201,"HONOLULU, HI",5XXX,ASIA,CGP,685893,685893,523623,2024-12,HS6,271019
3201,"HONOLULU, HI",6810,MARSHALL ISLANDS,DET,2768,2768,481,2024-12,HS6,271019
3201,"HONOLULU, HI",6XXX,AUSTRALIA AND OCEANIA,CGP,2768,2768,481,2024-12,HS6,271019
3205,"HONOLULU INTERNATIONAL AIRPORT, HI",0014,PACIFIC RIM COUNTRIES,CGP,119068,0,0,2024-12,HS6,271019
3205,"HONOLULU INTERNATIONAL AIRPORT, HI",0022,OECD,CGP,103609,0,0,2024-12,HS6,271019
3205,"HONOLULU INTERNATIONAL AIRPORT, HI",0026,APEC,CGP,119068,0,0,2024-12,HS6,271019
3205,"HONOLULU INTERNATIONAL AIRPORT, HI",0027,ASEAN,CGP,15459,0,0,2024-12,HS6,271019
3205,"HONOLULU INTERNATIONAL AIRPORT, HI",5570,MALAYSIA,DET,4595,0,0,2024-12,HS6,271019
3205,"HONOLULU INTERNATIONAL AIRPORT, HI",5590,SINGAPORE,DET,5750,0,0,2024-12,HS6,271019
3205,"HONOLULU INTERNATIONAL AIRPORT, HI",5600,INDONESIA,DET,5114,0,0,2024-12,HS6,271019
3205,"HONOLULU INTERNATIONAL AIRPORT, HI",5XXX,ASIA,CGP,15459,0,0,2024-12,HS6,271019
3205,"HONOLULU INTERNATIONAL AIRPORT, HI",6021,AUSTRALIA,DET,103609,0,0,2024-12,HS6,271019
3205,"HONOLULU INTERNATIONAL AIRPORT, HI",6XXX,AUSTRALIA AND OCEANIA,CGP,103609,0,0,2024-12,HS6,271019
3301,"RAYMOND, MT",0020,USMCA (NAFTA),CGP,664744,0,0,2024-12,HS6,271019
3301,"RAYMOND, MT",0022,OECD,CGP,664744,0,0,2024-12,HS6,271019
3301,"RAYMOND, MT",0023,NATO,CGP,664744,0,0,2024-12,HS6,271019
3301,"RAYMOND, MT",0026,APEC,CGP,664744,0,0,2024-12,HS6,271019
3301,"RAYMOND, MT",1220,CANADA,DET,664744,0,0,2024-12,HS6,271019
3301,"RAYMOND, MT",1XXX,NORTH AMERICA,CGP,664744,0,0,2024-12,HS6,271019
3302,"EASTPORT, ID",0020,USMCA (NAFTA),CGP,60223795,0,0,2024-12,HS6,271019
3302,"EASTPORT, ID",0022,OECD,CGP,60223795,0,0,2024-12,HS6,271019
3302,"EASTPORT, ID",0023,NATO,CGP,60223795,0,0,2024-12,HS6,271019
3302,"EASTPORT, ID",0026,APEC,CGP,60223795,0,0,2024-12,HS6,271019
3302,"EASTPORT, ID",1220,CANADA,DET,60223795,0,0,2024-12,HS6,271019
3302,"EASTPORT, ID",1XXX,NORTH AMERICA,CGP,60223795,0,0,2024-12,HS6,271019
3304,"GREAT FALLS, MT",0020,USMCA (NAFTA),CGP,35628,0,0,2024-12,HS6,271019
3304,"GREAT FALLS, MT",0022,OECD,CGP,35628,0,0,2024-12,HS6,271019
3304,"GREAT FALLS, MT",0023,NATO,CGP,35628,0,0,2024-12,HS6,271019
3304,"GREAT FALLS, MT",0026,APEC,CGP,35628,0,0,2024-12,HS6,271019
3304,"GREAT FALLS, MT",1220,CANADA,DET,35628,0,0,2024-12,HS6,271019
3304,"GREAT FALLS, MT",1XXX,NORTH AMERICA,CGP,35628,0,0,2024-12,HS6,271019
3307,"DENVER, CO",0003,EUROPEAN UNION,CGP,45879,0,0,2024-12,HS6,271019
3307,"DENVER, CO",0022,OECD,CGP,48604,0,0,2024-12,HS6,271019
3307,"DENVER, CO",0023,NATO,CGP,48604,0,0,2024-12,HS6,271019
3307,"DENVER, CO",0025,EURO AREA,CGP,14083,0,0,2024-12,HS6,271019
3307,"DENVER, CO",4010,SWEDEN,DET,31796,0,0,2024-12,HS6,271019
3307,"DENVER, CO",4280,GERMANY,DET,14083,0,0,2024-12,HS6,271019
3307,"DENVER, CO",4890,TURKEY,DET,2725,0,0,2024-12,HS6,271019
3307,"DENVER, CO",4XXX,EUROPE,CGP,48604,0,0,2024-12,HS6,271019
3307,"DENVER, CO",5330,INDIA,DET,2822,0,0,2024-12,HS6,271019
3307,"DENVER, CO",5XXX,ASIA,CGP,2822,0,0,2024-12,HS6,271019
3308,"PORTHILL, ID",0020,USMCA (NAFTA),CGP,2696,0,0,2024-12,HS6,271019
3308,"PORTHILL, ID",0022,OECD,CGP,2696,0,0,2024-12,HS6,271019
3308,"PORTHILL, ID",0023,NATO,CGP,2696,0,0,2024-12,HS6,271019
3308,"PORTHILL, ID",0026,APEC,CGP,2696,0,0,2024-12,HS6,271019
3308,"PORTHILL, ID",1220,CANADA,DET,2696,0,0,2024-12,HS6,271019
3308,"PORTHILL, ID",1XXX,NORTH AMERICA,CGP,2696,0,0,2024-12,HS6,271019
3310,"SWEETGRASS, MT",0020,USMCA (NAFTA),CGP,73894210,0,0,2024-12,HS6,271019
3310,"SWEETGRASS, MT",0022,OECD,CGP,73894210,0,0,2024-12,HS6,271019
3310,"SWEETGRASS, MT",0023,NATO,CGP,73894210,0,0,2024-12,HS6,271019
3310,"SWEETGRASS, MT",0026,APEC,CGP,73894210,0,0,2024-12,HS6,271019
3310,"SWEETGRASS, MT",1220,CANADA,DET,73894210,0,0,2024-12,HS6,271019
3310,"SWEETGRASS, MT",1XXX,NORTH AMERICA,CGP,73894210,0,0,2024-12,HS6,271019
3316,"PIEGAN, MT",0020,USMCA (NAFTA),CGP,14530,0,0,2024-12,HS6,271019
3316,"PIEGAN, MT",0022,OECD,CGP,14530,0,0,2024-12,HS6,271019
3316,"PIEGAN, MT",0023,NATO,CGP,14530,0,0,2024-12,HS6,271019
3316,"PIEGAN, MT",0026,APEC,CGP,14530,0,0,2024-12,HS6,271019
3316,"PIEGAN, MT",1220,CANADA,DET,14530,0,0,2024-12,HS6,271019
3316,"PIEGAN, MT",1XXX,NORTH AMERICA,CGP,14530,0,0,2024-12,HS6,271019
3318,"ROOSVILLE, MT",0020,USMCA (NAFTA),CGP,335993,0,0,2024-12,HS6,271019
3318,"ROOSVILLE, MT",0022,OECD,CGP,335993,0,0,2024-12,HS6,271019
3318,"ROOSVILLE, MT",0023,NATO,CGP,335993,0,0,2024-12,HS6,271019
3318,"ROOSVILLE, MT",0026,APEC,CGP,335993,0,0,2024-12,HS6,271019
3318,"ROOSVILLE, MT",1220,CANADA,DET,335993,0,0,2024-12,HS6,271019
3318,"ROOSVILLE, MT",1XXX,NORTH AMERICA,CGP,335993,0,0,2024-12,HS6,271019
3322,"DEL BONITA, MT",0020,USMCA (NAFTA),CGP,88768,0,0,2024-12,HS6,271019
3322,"DEL BONITA, MT",0022,OECD,CGP,88768,0,0,2024-12,HS6,271019
3322,"DEL BONITA, MT",0023,NATO,CGP,88768,0,0,2024-12,HS6,271019
3322,"DEL BONITA, MT",0026,APEC,CGP,88768,0,0,2024-12,HS6,271019
3322,"DEL BONITA, MT",1220,CANADA,DET,88768,0,0,2024-12,HS6,271019
3322,"DEL BONITA, MT",1XXX,NORTH AMERICA,CGP,88768,0,0,2024-12,HS6,271019
3401,"PEMBINA, ND",0020,USMCA (NAFTA),CGP,92626509,0,0,2024-12,HS6,271019
3401,"PEMBINA, ND",0022,OECD,CGP,92626509,0,0,2024-12,HS6,271019
3401,"PEMBINA, ND",0023,NATO,CGP,92626509,0,0,2024-12,HS6,271019
3401,"PEMBINA, ND",0026,APEC,CGP,92626509,0,0,2024-12,HS6,271019
3401,"PEMBINA, ND",1220,CANADA,DET,92626509,0,0,2024-12,HS6,271019
3401,"PEMBINA, ND",1XXX,NORTH AMERICA,CGP,92626509,0,0,2024-12,HS6,271019
3403,"PORTAL, ND",0014,PACIFIC RIM COUNTRIES,CGP,1879848,0,0,2024-12,HS6,271019
3403,"PORTAL, ND",0020,USMCA (NAFTA),CGP,191959922,0,0,2024-12,HS6,271019
3403,"PORTAL, ND",0022,OECD,CGP,192907707,0,0,2024-12,HS6,271019
3403,"PORTAL, ND",0023,NATO,CGP,191959922,0,0,2024-12,HS6,271019
3403,"PORTAL, ND",0026,APEC,CGP,193895521,0,0,2024-12,HS6,271019
3403,"PORTAL, ND",0027,ASEAN,CGP,294748,0,0,2024-12,HS6,271019
3403,"PORTAL, ND",1220,CANADA,DET,191959922,0,0,2024-12,HS6,271019
3403,"PORTAL, ND",1XXX,NORTH AMERICA,CGP,191959922,0,0,2024-12,HS6,271019
3403,"PORTAL, ND",5330,INDIA,DET,35143,0,0,2024-12,HS6,271019
3403,"PORTAL, ND",5490,THAILAND,DET,55751,0,0,2024-12,HS6,271019
3403,"PORTAL, ND",5590,SINGAPORE,DET,54215,0,0,2024-12,HS6,271019
3403,"PORTAL, ND",5600,INDONESIA,DET,106547,0,0,2024-12,HS6,271019
3403,"PORTAL, ND",5650,PHILIPPINES,DET,78235,0,0,2024-12,HS6,271019
3403,"PORTAL, ND",5700,CHINA,DET,197175,0,0,2024-12,HS6,271019
3403,"PORTAL, ND",5800,"KOREA, SOUTH",DET,227070,0,0,2024-12,HS6,271019
3403,"PORTAL, ND",5820,HONG KONG,DET,106081,0,0,2024-12,HS6,271019
3403,"PORTAL, ND",5830,TAIWAN,DET,389810,0,0,2024-12,HS6,271019
3403,"PORTAL, ND",5880,JAPAN,DET,517586,0,0,2024-12,HS6,271019
3403,"PORTAL, ND",5XXX,ASIA,CGP,1767613,0,0,2024-12,HS6,271019
3403,"PORTAL, ND",6021,AUSTRALIA,DET,203129,0,0,2024-12,HS6,271019
3403,"PORTAL, ND",6XXX,AUSTRALIA AND OCEANIA,CGP,203129,0,0,2024-12,HS6,271019
3406,"NORTHGATE, ND",0020,USMCA (NAFTA),CGP,2945521,0,0,2024-12,HS6,271019
3406,"NORTHGATE, ND",0022,OECD,CGP,2945521,0,0,2024-12,HS6,271019
3406,"NORTHGATE, ND",0023,NATO,CGP,2945521,0,0,2024-12,HS6,271019
3406,"NORTHGATE, ND",0026,APEC,CGP,2945521,0,0,2024-12,HS6,271019
3406,"NORTHGATE, ND",1220,CANADA,DET,2945521,0,0,2024-12,HS6,271019
3406,"NORTHGATE, ND",1XXX,NORTH AMERICA,CGP,2945521,0,0,2024-12,HS6,271019
3407,"WALHALLA, ND",0020,USMCA (NAFTA),CGP,3046,0,0,2024-12,HS6,271019
3407,"WALHALLA, ND",0022,OECD,CGP,3046,0,0,2024-12,HS6,271019
3407,"WALHALLA, ND",0023,NATO,CGP,3046,0,0,2024-12,HS6,271019
3407,"WALHALLA, ND",0026,APEC,CGP,3046,0,0,2024-12,HS6,271019
3407,"WALHALLA, ND",1220,CANADA,DET,3046,0,0,2024-12,HS6,271019
3407,"WALHALLA, ND",1XXX,NORTH AMERICA,CGP,3046,0,0,2024-12,HS6,271019
3413,"ANTLER, ND",0020,USMCA (NAFTA),CGP,162976,0,0,2024-12,HS6,271019
3413,"ANTLER, ND",0022,OECD,CGP,162976,0,0,2024-12,HS6,271019
3413,"ANTLER, ND",0023,NATO,CGP,162976,0,0,2024-12,HS6,271019
3413,"ANTLER, ND",0026,APEC,CGP,162976,0,0,2024-12,HS6,271019
3413,"ANTLER, ND",1220,CANADA,DET,162976,0,0,2024-12,HS6,271019
3413,"ANTLER, ND",1XXX,NORTH AMERICA,CGP,162976,0,0,2024-12,HS6,271019
3416,"MAIDA, ND",0020,USMCA (NAFTA),CGP,2722,0,0,2024-12,HS6,271019
3416,"MAIDA, ND",0022,OECD,CGP,2722,0,0,2024-12,HS6,271019
3416,"MAIDA, ND",0023,NATO,CGP,2722,0,0,2024-12,HS6,271019
3416,"MAIDA, ND",0026,APEC,CGP,2722,0,0,2024-12,HS6,271019
3416,"MAIDA, ND",1220,CANADA,DET,2722,0,0,2024-12,HS6,271019
3416,"MAIDA, ND",1XXX,NORTH AMERICA,CGP,2722,0,0,2024-12,HS6,271019
3419,"WESTHOPE, ND",0020,USMCA (NAFTA),CGP,132774,0,0,2024-12,HS6,271019
3419,"WESTHOPE, ND",0022,OECD,CGP,132774,0,0,2024-12,HS6,271019
3419,"WESTHOPE, ND",0023,NATO,CGP,132774,0,0,2024-12,HS6,271019
3419,"WESTHOPE, ND",0026,APEC,CGP,132774,0,0,2024-12,HS6,271019
3419,"WESTHOPE, ND",1220,CANADA,DET,132774,0,0,2024-12,HS6,271019
3419,"WESTHOPE, ND",1XXX,NORTH AMERICA,CGP,132774,0,0,2024-12,HS6,271019
3422,"DUNSEITH, ND",0020,USMCA (NAFTA),CGP,196218,0,0,2024-12,HS6,271019
3422,"DUNSEITH, ND",0022,OECD,CGP,196218,0,0,2024-12,HS6,271019
3422,"DUNSEITH, ND",0023,NATO,CGP,196218,0,0,2024-12,HS6,271019
3422,"DUNSEITH, ND",0026,APEC,CGP,196218,0,0,2024-12,HS6,271019
3422,"DUNSEITH, ND",1220,CANADA,DET,196218,0,0,2024-12,HS6,271019
3422,"DUNSEITH, ND",1XXX,NORTH AMERICA,CGP,196218,0,0,2024-12,HS6,271019
3424,"BAUDETTE, MN",0020,USMCA (NAFTA),CGP,66454,0,0,2024-12,HS6,271019
3424,"BAUDETTE, MN",0022,OECD,CGP,66454,0,0,2024-12,HS6,271019
3424,"BAUDETTE, MN",0023,NATO,CGP,66454,0,0,2024-12,HS6,271019
3424,"BAUDETTE, MN",0026,APEC,CGP,66454,0,0,2024-12,HS6,271019
3424,"BAUDETTE, MN",1220,CANADA,DET,66454,0,0,2024-12,HS6,271019
3424,"BAUDETTE, MN",1XXX,NORTH AMERICA,CGP,66454,0,0,2024-12,HS6,271019
3426,"ROSEAU, MN",0020,USMCA (NAFTA),CGP,621901,0,0,2024-12,HS6,271019
3426,"ROSEAU, MN",0022,OECD,CGP,621901,0,0,2024-12,HS6,271019
3426,"ROSEAU, MN",0023,NATO,CGP,621901,0,0,2024-12,HS6,271019
3426,"ROSEAU, MN",0026,APEC,CGP,621901,0,0,2024-12,HS6,271019
3426,"ROSEAU, MN",1220,CANADA,DET,621901,0,0,2024-12,HS6,271019
3426,"ROSEAU, MN",1XXX,NORTH AMERICA,CGP,621901,0,0,2024-12,HS6,271019
3430,"LANCASTER, MN",0020,USMCA (NAFTA),CGP,25837,0,0,2024-12,HS6,271019
3430,"LANCASTER, MN",0022,OECD,CGP,25837,0,0,2024-12,HS6,271019
3430,"LANCASTER, MN",0023,NATO,CGP,25837,0,0,2024-12,HS6,271019
3430,"LANCASTER, MN",0026,APEC,CGP,25837,0,0,2024-12,HS6,271019
3430,"LANCASTER, MN",1220,CANADA,DET,25837,0,0,2024-12,HS6,271019
3430,"LANCASTER, MN",1XXX,NORTH AMERICA,CGP,25837,0,0,2024-12,HS6,271019
3501,"MINNEAPOLIS-ST. PAUL, MN",0003,EUROPEAN UNION,CGP,148684,0,0,2024-12,HS6,271019
3501,"MINNEAPOLIS-ST. PAUL, MN",0014,PACIFIC RIM COUNTRIES,CGP,4485,0,0,2024-12,HS6,271019
3501,"MINNEAPOLIS-ST. PAUL, MN",0020,USMCA (NAFTA),CGP,339494,0,0,2024-12,HS6,271019
3501,"MINNEAPOLIS-ST. PAUL, MN",0022,OECD,CGP,492663,0,0,2024-12,HS6,271019
3501,"MINNEAPOLIS-ST. PAUL, MN",0023,NATO,CGP,488178,0,0,2024-12,HS6,271019
3501,"MINNEAPOLIS-ST. PAUL, MN",0025,EURO AREA,CGP,70309,0,0,2024-12,HS6,271019
3501,"MINNEAPOLIS-ST. PAUL, MN",0026,APEC,CGP,343979,0,0,2024-12,HS6,271019
3501,"MINNEAPOLIS-ST. PAUL, MN",1220,CANADA,DET,339494,0,0,2024-12,HS6,271019
3501,"MINNEAPOLIS-ST. PAUL, MN",1XXX,NORTH AMERICA,CGP,339494,0,0,2024-12,HS6,271019
3501,"MINNEAPOLIS-ST. PAUL, MN",4010,SWEDEN,DET,78375,0,0,2024-12,HS6,271019
3501,"MINNEAPOLIS-ST. PAUL, MN",4210,NETHERLANDS,DET,6805,0,0,2024-12,HS6,271019
3501,"MINNEAPOLIS-ST. PAUL, MN",4231,BELGIUM,DET,59394,0,0,2024-12,HS6,271019
3501,"MINNEAPOLIS-ST. PAUL, MN",4279,FRANCE,DET,4110,0,0,2024-12,HS6,271019
3501,"MINNEAPOLIS-ST. PAUL, MN",4XXX,EUROPE,CGP,148684,0,0,2024-12,HS6,271019
3501,"MINNEAPOLIS-ST. PAUL, MN",5800,"KOREA, SOUTH",DET,4485,0,0,2024-12,HS6,271019
3501,"MINNEAPOLIS-ST. PAUL, MN",5XXX,ASIA,CGP,4485,0,0,2024-12,HS6,271019
3502,"SIOUX FALLS, SD",0020,USMCA (NAFTA),CGP,19573,0,0,2024-12,HS6,271019
3502,"SIOUX FALLS, SD",0022,OECD,CGP,19573,0,0,2024-12,HS6,271019
3502,"SIOUX FALLS, SD",0023,NATO,CGP,19573,0,0,2024-12,HS6,271019
3502,"SIOUX FALLS, SD",0026,APEC,CGP,19573,0,0,2024-12,HS6,271019
3502,"SIOUX FALLS, SD",1220,CANADA,DET,19573,0,0,2024-12,HS6,271019
3502,"SIOUX FALLS, SD",1XXX,NORTH AMERICA,CGP,19573,0,0,2024-12,HS6,271019
3604,"INTERNATIONAL FALLS-RANIER, MN",0014,PACIFIC RIM COUNTRIES,CGP,798528,77096,21417,2024-12,HS6,271019
3604,"INTERNATIONAL FALLS-RANIER, MN",0020,USMCA (NAFTA),CGP,535709708,0,0,2024-12,HS6,271019
3604,"INTERNATIONAL FALLS-RANIER, MN",0022,OECD,CGP,535709708,0,0,2024-12,HS6,271019
3604,"INTERNATIONAL FALLS-RANIER, MN",0023,NATO,CGP,535709708,0,0,2024-12,HS6,271019
3604,"INTERNATIONAL FALLS-RANIER, MN",0026,APEC,CGP,536882683,322149,88433,2024-12,HS6,271019
3604,"INTERNATIONAL FALLS-RANIER, MN",0027,ASEAN,CGP,834477,245053,67016,2024-12,HS6,271019
3604,"INTERNATIONAL FALLS-RANIER, MN",1220,CANADA,DET,535709708,0,0,2024-12,HS6,271019
3604,"INTERNATIONAL FALLS-RANIER, MN",1XXX,NORTH AMERICA,CGP,535709708,0,0,2024-12,HS6,271019
3604,"INTERNATIONAL FALLS-RANIER, MN",5490,THAILAND,DET,252481,245053,67016,2024-12,HS6,271019
3604,"INTERNATIONAL FALLS-RANIER, MN",5520,VIETNAM,DET,121966,0,0,2024-12,HS6,271019
3604,"INTERNATIONAL FALLS-RANIER, MN",5570,MALAYSIA,DET,389356,0,0,2024-12,HS6,271019
3604,"INTERNATIONAL FALLS-RANIER, MN",5610,BRUNEI,DET,70674,0,0,2024-12,HS6,271019
3604,"INTERNATIONAL FALLS-RANIER, MN",5700,CHINA,DET,338498,77096,21417,2024-12,HS6,271019
3604,"INTERNATIONAL FALLS-RANIER, MN",5XXX,ASIA,CGP,1172975,322149,88433,2024-12,HS6,271019
3613,"GRAND PORTAGE, MN",0020,USMCA (NAFTA),CGP,667159,0,0,2024-12,HS6,271019
3613,"GRAND PORTAGE, MN",0022,OECD,CGP,667159,0,0,2024-12,HS6,271019
3613,"GRAND PORTAGE, MN",0023,NATO,CGP,667159,0,0,2024-12,HS6,271019
3613,"GRAND PORTAGE, MN",0026,APEC,CGP,667159,0,0,2024-12,HS6,271019
3613,"GRAND PORTAGE, MN",1220,CANADA,DET,667159,0,0,2024-12,HS6,271019
3613,"GRAND PORTAGE, MN",1XXX,NORTH AMERICA,CGP,667159,0,0,2024-12,HS6,271019
3801,"DETROIT, MI",0003,EUROPEAN UNION,CGP,2916168,2683297,366833,2024-12,HS6,271019
3801,"DETROIT, MI",0014,PACIFIC RIM COUNTRIES,CGP,331191,201200,79540,2024-12,HS6,271019
3801,"DETROIT, MI",0020,USMCA (NAFTA),CGP,250258222,2839720,4497535,2024-12,HS6,271019
3801,"DETROIT, MI",0021,TWENTY LATIN AMERICAN REPUBLICS,CGP,2560,0,0,2024-12,HS6,271019
3801,"DETROIT, MI",0022,OECD,CGP,253526821,5752389,5005652,2024-12,HS6,271019
3801,"DETROIT, MI",0023,NATO,CGP,253231121,5551189,4926112,2024-12,HS6,271019
3801,"DETROIT, MI",0024,LAFTA,CGP,2560,0,0,2024-12,HS6,271019
3801,"DETROIT, MI",0025,EURO AREA,CGP,2912453,2683297,366833,2024-12,HS6,271019
3801,"DETROIT, MI",0026,APEC,CGP,250589413,3040920,4577075,2024-12,HS6,271019
3801,"DETROIT, MI",1220,CANADA,DET,250258222,2839720,4497535,2024-12,HS6,271019
3801,"DETROIT, MI",1XXX,NORTH AMERICA,CGP,250258222,2839720,4497535,2024-12,HS6,271019
3801,"DETROIT, MI",3530,PARAGUAY,DET,2560,0,0,2024-12,HS6,271019
3801,"DETROIT, MI",3XXX,SOUTH AMERICA,CGP,2560,0,0,2024-12,HS6,271019
3801,"DETROIT, MI",4010,SWEDEN,DET,3715,0,0,2024-12,HS6,271019
3801,"DETROIT, MI",4050,FINLAND,DET,1804118,1758974,234339,2024-12,HS6,271019
3801,"DETROIT, MI",4120,UNITED KINGDOM,DET,56731,28172,61744,2024-12,HS6,271019
3801,"DETROIT, MI",4231,BELGIUM,DET,983456,924323,132494,2024-12,HS6,271019
3801,"DETROIT, MI",4279,FRANCE,DET,47726,0,0,2024-12,HS6,271019
3801,"DETROIT, MI",4280,GERMANY,DET,71257,0,0,2024-12,HS6,271019
3801,"DETROIT, MI",4633,GEORGIA,DET,47632,0,0,2024-12,HS6,271019
3801,"DETROIT, MI",4700,SPAIN,DET,5896,0,0,2024-12,HS6,271019
3801,"DETROIT, MI",4XXX,EUROPE,CGP,3020531,2711469,428577,2024-12,HS6,271019
3801,"DETROIT, MI",5170,SAUDI ARABIA,DET,9022,0,0,2024-12,HS6,271019
3801,"DETROIT, MI",5200,UNITED ARAB EMIRATES,DET,301387,20762,1501,2024-12,HS6,271019
3801,"DETROIT, MI",5700,CHINA,DET,35491,0,0,2024-12,HS6,271019
3801,"DETROIT, MI",5880,JAPAN,DET,295700,201200,79540,2024-12,HS6,271019
3801,"DETROIT, MI",5XXX,ASIA,CGP,641600,221962,81041,2024-12,HS6,271019
3801,"DETROIT, MI",7290,EGYPT,DET,8675,0,0,2024-12,HS6,271019
3801,"DETROIT, MI",7XXX,AFRICA,CGP,8675,0,0,2024-12,HS6,271019
3802,"PORT HURON, MI",0003,EUROPEAN UNION,CGP,767641,74371,84017,2024-12,HS6,271019
3802,"PORT HURON, MI",0014,PACIFIC RIM COUNTRIES,CGP,10128,0,0,2024-12,HS6,271019
3802,"PORT HURON, MI",0020,USMCA (NAFTA),CGP,428631687,11758552,20133236,2024-12,HS6,271019
3802,"PORT HURON, MI",0022,OECD,CGP,430194249,11862072,20223659,2024-12,HS6,271019
3802,"PORT HURON, MI",0023,NATO,CGP,430177741,11862072,20223659,2024-12,HS6,271019
3802,"PORT HURON, MI",0025,EURO AREA,CGP,596513,32581,10792,2024-12,HS6,271019
3802,"PORT HURON, MI",0026,APEC,CGP,428641815,11758552,20133236,2024-12,HS6,271019
3802,"PORT HURON, MI",0027,ASEAN,CGP,3891,0,0,2024-12,HS6,271019
3802,"PORT HURON, MI",1220,CANADA,DET,428631687,11758552,20133236,2024-12,HS6,271019
3802,"PORT HURON, MI",1XXX,NORTH AMERICA,CGP,428631687,11758552,20133236,2024-12,HS6,271019
3802,"PORT HURON, MI",4010,SWEDEN,DET,130149,41790,73225,2024-12,HS6,271019
3802,"PORT HURON, MI",4050,FINLAND,DET,10278,10278,1276,2024-12,HS6,271019
3802,"PORT HURON, MI",4099,DENMARK,DET,15435,0,0,2024-12,HS6,271019
3802,"PORT HURON, MI",4120,UNITED KINGDOM,DET,716113,29149,6406,2024-12,HS6,271019
3802,"PORT HURON, MI",4190,IRELAND,DET,16508,0,0,2024-12,HS6,271019
3802,"PORT HURON, MI",4210,NETHERLANDS,DET,163850,8858,1301,2024-12,HS6,271019
3802,"PORT HURON, MI",4231,BELGIUM,DET,275811,0,0,2024-12,HS6,271019
3802,"PORT HURON, MI",4279,FRANCE,DET,22027,0,0,2024-12,HS6,271019
3802,"PORT HURON, MI",4280,GERMANY,DET,108039,13445,8215,2024-12,HS6,271019
3802,"PORT HURON, MI",4370,HUNGARY,DET,25544,0,0,2024-12,HS6,271019
3802,"PORT HURON, MI",4890,TURKEY,DET,78808,0,0,2024-12,HS6,271019
3802,"PORT HURON, MI",4XXX,EUROPE,CGP,1562562,103520,90423,2024-12,HS6,271019
3802,"PORT HURON, MI",5040,LEBANON,DET,72897,0,0,2024-12,HS6,271019
3802,"PORT HURON, MI",5170,SAUDI ARABIA,DET,49851,0,0,2024-12,HS6,271019
3802,"PORT HURON, MI",5200,UNITED ARAB EMIRATES,DET,252410,0,0,2024-12,HS6,271019
3802,"PORT HURON, MI",5330,INDIA,DET,15746,0,0,2024-12,HS6,271019
3802,"PORT HURON, MI",5590,SINGAPORE,DET,3891,0,0,2024-12,HS6,271019
3802,"PORT HURON, MI",5700,CHINA,DET,6237,0,0,2024-12,HS6,271019
3802,"PORT HURON, MI",5XXX,ASIA,CGP,401032,0,0,2024-12,HS6,271019
3802,"PORT HURON, MI",7460,GUINEA,DET,7847,7847,1591,2024-12,HS6,271019
3802,"PORT HURON, MI",7550,GABON,DET,6170,0,0,2024-12,HS6,271019
3802,"PORT HURON, MI",7910,SOUTH AFRICA,DET,45239,0,0,2024-12,HS6,271019
3802,"PORT HURON, MI",7XXX,AFRICA,CGP,59256,7847,1591,2024-12,HS6,271019
3803,"SAULT STE MARIE, MI",0020,USMCA (NAFTA),CGP,6056731,0,0,2024-12,HS6,271019
3803,"SAULT STE MARIE, MI",0022,OECD,CGP,6056731,0,0,2024-12,HS6,271019
3803,"SAULT STE MARIE, MI",0023,NATO,CGP,6056731,0,0,2024-12,HS6,271019
3803,"SAULT STE MARIE, MI",0026,APEC,CGP,6056731,0,0,2024-12,HS6,271019
3803,"SAULT STE MARIE, MI",1220,CANADA,DET,6056731,0,0,2024-12,HS6,271019
3803,"SAULT STE MARIE, MI",1XXX,NORTH AMERICA,CGP,6056731,0,0,2024-12,HS6,271019
3805,"BATTLE CREEK, MI",0020,USMCA (NAFTA),CGP,77151,0,0,2024-12,HS6,271019
3805,"BATTLE CREEK, MI",0022,OECD,CGP,77151,0,0,2024-12,HS6,271019
3805,"BATTLE CREEK, MI",0023,NATO,CGP,77151,0,0,2024-12,HS6,271019
3805,"BATTLE CREEK, MI",0026,APEC,CGP,77151,0,0,2024-12,HS6,271019
3805,"BATTLE CREEK, MI",1220,CANADA,DET,77151,0,0,2024-12,HS6,271019
3805,"BATTLE CREEK, MI",1XXX,NORTH AMERICA,CGP,77151,0,0,2024-12,HS6,271019
3807,"DETROIT METROPOLITAN AIRPORT, MI",0003,EUROPEAN UNION,CGP,15972,0,0,2024-12,HS6,271019
3807,"DETROIT METROPOLITAN AIRPORT, MI",0022,OECD,CGP,15972,0,0,2024-12,HS6,271019
3807,"DETROIT METROPOLITAN AIRPORT, MI",0023,NATO,CGP,15972,0,0,2024-12,HS6,271019
3807,"DETROIT METROPOLITAN AIRPORT, MI",0025,EURO AREA,CGP,15972,0,0,2024-12,HS6,271019
3807,"DETROIT METROPOLITAN AIRPORT, MI",4279,FRANCE,DET,15972,0,0,2024-12,HS6,271019
3807,"DETROIT METROPOLITAN AIRPORT, MI",4XXX,EUROPE,CGP,15972,0,0,2024-12,HS6,271019
3807,"DETROIT METROPOLITAN AIRPORT, MI",7910,SOUTH AFRICA,DET,19634,0,0,2024-12,HS6,271019
3807,"DETROIT METROPOLITAN AIRPORT, MI",7XXX,AFRICA,CGP,19634,0,0,2024-12,HS6,271019
3809,"MARQUETTE, MI",0020,USMCA (NAFTA),CGP,3041,0,0,2024-12,HS6,271019
3809,"MARQUETTE, MI",0022,OECD,CGP,3041,0,0,2024-12,HS6,271019
3809,"MARQUETTE, MI",0023,NATO,CGP,3041,0,0,2024-12,HS6,271019
3809,"MARQUETTE, MI",0026,APEC,CGP,3041,0,0,2024-12,HS6,271019
3809,"MARQUETTE, MI",1220,CANADA,DET,3041,0,0,2024-12,HS6,271019
3809,"MARQUETTE, MI",1XXX,NORTH AMERICA,CGP,3041,0,0,2024-12,HS6,271019
3901,"CHICAGO, IL",0003,EUROPEAN UNION,CGP,1573609,272493,25033,2024-12,HS6,271019
3901,"CHICAGO, IL",0014,PACIFIC RIM COUNTRIES,CGP,2913642,234895,87402,2024-12,HS6,271019
3901,"CHICAGO, IL",0017,CAFTA-DR,CGP,58882,58882,5202,2024-12,HS6,271019
3901,"CHICAGO, IL",0020,USMCA (NAFTA),CGP,22497,0,0,2024-12,HS6,271019
3901,"CHICAGO, IL",0021,TWENTY LATIN AMERICAN REPUBLICS,CGP,304340,63709,5508,2024-12,HS6,271019
3901,"CHICAGO, IL",0022,OECD,CGP,3060111,543410,117334,2024-12,HS6,271019
3901,"CHICAGO, IL",0023,NATO,CGP,1698186,303688,29626,2024-12,HS6,271019
3901,"CHICAGO, IL",0024,LAFTA,CGP,245458,4827,306,2024-12,HS6,271019
3901,"CHICAGO, IL",0025,EURO AREA,CGP,1540854,272493,25033,2024-12,HS6,271019
3901,"CHICAGO, IL",0026,APEC,CGP,3223199,326742,109740,2024-12,HS6,271019
3901,"CHICAGO, IL",0027,ASEAN,CGP,584419,87020,22032,2024-12,HS6,271019
3901,"CHICAGO, IL",0028,CACM,CGP,58882,58882,5202,2024-12,HS6,271019
3901,"CHICAGO, IL",1XXX,NORTH AMERICA,CGP,22497,0,0,2024-12,HS6,271019
3901,"CHICAGO, IL",2010,MEXICO,DET,22497,0,0,2024-12,HS6,271019
3901,"CHICAGO, IL",2050,GUATEMALA,DET,58882,58882,5202,2024-12,HS6,271019
3901,"CHICAGO, IL",2XXX,CENTRAL AMERICA,CGP,58882,58882,5202,2024-12,HS6,271019
3901,"CHICAGO, IL",3330,PERU,DET,2800,0,0,2024-12,HS6,271019
3901,"CHICAGO, IL",3370,CHILE,DET,4827,4827,306,2024-12,HS6,271019
3901,"CHICAGO, IL",3510,BRAZIL,DET,188641,0,0,2024-12,HS6,271019
3901,"CHICAGO, IL",3570,ARGENTINA,DET,26693,0,0,2024-12,HS6,271019
3901,"CHICAGO, IL",3XXX,SOUTH AMERICA,CGP,222961,4827,306,2024-12,HS6,271019
3901,"CHICAGO, IL",4010,SWEDEN,DET,12165,0,0,2024-12,HS6,271019
3901,"CHICAGO, IL",4039,NORWAY,DET,9881,0,0,2024-12,HS6,271019
3901,"CHICAGO, IL",4050,FINLAND,DET,92612,92612,11676,2024-12,HS6,271019
3901,"CHICAGO, IL",4099,DENMARK,DET,3076,0,0,2024-12,HS6,271019
3901,"CHICAGO, IL",4120,UNITED KINGDOM,DET,151894,31195,4593,2024-12,HS6,271019
3901,"CHICAGO, IL",4210,NETHERLANDS,DET,199254,128873,8520,2024-12,HS6,271019
3901,"CHICAGO, IL",4231,BELGIUM,DET,151940,0,0,2024-12,HS6,271019
3901,"CHICAGO, IL",4239,LUXEMBOURG,DET,2842,0,0,2024-12,HS6,271019
3901,"CHICAGO, IL",4279,FRANCE,DET,37626,0,0,2024-12,HS6,271019
3901,"CHICAGO, IL",4280,GERMANY,DET,889968,2632,121,2024-12,HS6,271019
3901,"CHICAGO, IL",4330,AUSTRIA,DET,71207,0,0,2024-12,HS6,271019
3901,"CHICAGO, IL",4419,SWITZERLAND,DET,62998,0,0,2024-12,HS6,271019
3901,"CHICAGO, IL",4550,POLAND,DET,17514,0,0,2024-12,HS6,271019
3901,"CHICAGO, IL",4634,KAZAKHSTAN,DET,22505,0,0,2024-12,HS6,271019
3901,"CHICAGO, IL",4644,UZBEKISTAN,DET,23707,0,0,2024-12,HS6,271019
3901,"CHICAGO, IL",4759,ITALY,DET,92283,48376,4716,2024-12,HS6,271019
3901,"CHICAGO, IL",4840,GREECE,DET,3122,0,0,2024-12,HS6,271019
3901,"CHICAGO, IL",4890,TURKEY,DET,34009,0,0,2024-12,HS6,271019
3901,"CHICAGO, IL",4XXX,EUROPE,CGP,1878603,303688,29626,2024-12,HS6,271019
3901,"CHICAGO, IL",5050,IRAQ,DET,8482,5515,476,2024-12,HS6,271019
3901,"CHICAGO, IL",5081,ISRAEL,DET,17521,0,0,2024-12,HS6,271019
3901,"CHICAGO, IL",5130,KUWAIT,DET,171380,0,0,2024-12,HS6,271019
3901,"CHICAGO, IL",5170,SAUDI ARABIA,DET,133244,0,0,2024-12,HS6,271019
3901,"CHICAGO, IL",5200,UNITED ARAB EMIRATES,DET,212577,63562,31121,2024-12,HS6,271019
3901,"CHICAGO, IL",5230,OMAN,DET,15796,0,0,2024-12,HS6,271019
3901,"CHICAGO, IL",5330,INDIA,DET,756400,223572,519469,2024-12,HS6,271019
3901,"CHICAGO, IL",5350,PAKISTAN,DET,3301,0,0,2024-12,HS6,271019
3901,"CHICAGO, IL",5490,THAILAND,DET,68550,0,0,2024-12,HS6,271019
3901,"CHICAGO, IL",5520,VIETNAM,DET,210883,87020,22032,2024-12,HS6,271019
3901,"CHICAGO, IL",5570,MALAYSIA,DET,138384,0,0,2024-12,HS6,271019
3901,"CHICAGO, IL",5590,SINGAPORE,DET,75318,0,0,2024-12,HS6,271019
3901,"CHICAGO, IL",5600,INDONESIA,DET,52147,0,0,2024-12,HS6,271019
3901,"CHICAGO, IL",5650,PHILIPPINES,DET,39137,0,0,2024-12,HS6,271019
3901,"CHICAGO, IL",5700,CHINA,DET,1180163,0,0,2024-12,HS6,271019
3901,"CHICAGO, IL",5740,MONGOLIA,DET,85760,0,0,2024-12,HS6,271019
3901,"CHICAGO, IL",5800,"KOREA, SOUTH",DET,214097,100563,41335,2024-12,HS6,271019
3901,"CHICAGO, IL",5820,HONG KONG,DET,37526,0,0,2024-12,HS6,271019
3901,"CHICAGO, IL",5830,TAIWAN,DET,208092,0,0,2024-12,HS6,271019
3901,"CHICAGO, IL",5880,JAPAN,DET,615002,0,0,2024-12,HS6,271019
3901,"CHICAGO, IL",5XXX,ASIA,CGP,4243760,480232,614433,2024-12,HS6,271019
3901,"CHICAGO, IL",6021,AUSTRALIA,DET,345646,134332,46067,2024-12,HS6,271019
3901,"CHICAGO, IL",6141,NEW ZEALAND,DET,8130,0,0,2024-12,HS6,271019
3901,"CHICAGO, IL",6XXX,AUSTRALIA AND OCEANIA,CGP,353776,134332,46067,2024-12,HS6,271019
3901,"CHICAGO, IL",7290,EGYPT,DET,62238,0,0,2024-12,HS6,271019
3901,"CHICAGO, IL",7530,NIGERIA,DET,15285,0,0,2024-12,HS6,271019
3901,"CHICAGO, IL",7910,SOUTH AFRICA,DET,263776,6712,970,2024-12,HS6,271019
3901,"CHICAGO, IL",7XXX,AFRICA,CGP,341299,6712,970,2024-12,HS6,271019
3909,"ROCKFORD AIRPORT, IL",0003,EUROPEAN UNION,CGP,83397,0,0,2024-12,HS6,271019
3909,"ROCKFORD AIRPORT, IL",0022,OECD,CGP,83397,0,0,2024-12,HS6,271019
3909,"ROCKFORD AIRPORT, IL",0023,NATO,CGP,83397,0,0,2024-12,HS6,271019
3909,"ROCKFORD AIRPORT, IL",0025,EURO AREA,CGP,83397,0,0,2024-12,HS6,271019
3909,"ROCKFORD AIRPORT, IL",4280,GERMANY,DET,83397,0,0,2024-12,HS6,271019
3909,"ROCKFORD AIRPORT, IL",4XXX,EUROPE,CGP,83397,0,0,2024-12,HS6,271019
4101,"CLEVELAND, OH",0003,EUROPEAN UNION,CGP,601293,25142,43956,2024-12,HS6,271019
4101,"CLEVELAND, OH",0014,PACIFIC RIM COUNTRIES,CGP,220798,49835,5853,2024-12,HS6,271019
4101,"CLEVELAND, OH",0017,CAFTA-DR,CGP,2588,0,0,2024-12,HS6,271019
4101,"CLEVELAND, OH",0020,USMCA (NAFTA),CGP,358356,0,0,2024-12,HS6,271019
4101,"CLEVELAND, OH",0021,TWENTY LATIN AMERICAN REPUBLICS,CGP,57059,0,0,2024-12,HS6,271019
4101,"CLEVELAND, OH",0022,OECD,CGP,1301519,25142,43956,2024-12,HS6,271019
4101,"CLEVELAND, OH",0023,NATO,CGP,1143562,25142,43956,2024-12,HS6,271019
4101,"CLEVELAND, OH",0024,LAFTA,CGP,46756,0,0,2024-12,HS6,271019
4101,"CLEVELAND, OH",0025,EURO AREA,CGP,282266,25142,43956,2024-12,HS6,271019
4101,"CLEVELAND, OH",0026,APEC,CGP,582142,49835,5853,2024-12,HS6,271019
4101,"CLEVELAND, OH",0027,ASEAN,CGP,49473,0,0,2024-12,HS6,271019
4101,"CLEVELAND, OH",0028,CACM,CGP,2588,0,0,2024-12,HS6,271019
4101,"CLEVELAND, OH",1220,CANADA,DET,320692,0,0,2024-12,HS6,271019
4101,"CLEVELAND, OH",1XXX,NORTH AMERICA,CGP,358356,0,0,2024-12,HS6,271019
4101,"CLEVELAND, OH",2010,MEXICO,DET,37664,0,0,2024-12,HS6,271019
4101,"CLEVELAND, OH",2230,COSTA RICA,DET,2588,0,0,2024-12,HS6,271019
4101,"CLEVELAND, OH",2250,PANAMA,DET,7715,0,0,2024-12,HS6,271019
4101,"CLEVELAND, OH",2410,JAMAICA,DET,4850,0,0,2024-12,HS6,271019
4101,"CLEVELAND, OH",2XXX,CENTRAL AMERICA,CGP,15153,0,0,2024-12,HS6,271019
4101,"CLEVELAND, OH",3010,COLOMBIA,DET,2503,0,0,2024-12,HS6,271019
4101,"CLEVELAND, OH",3550,URUGUAY,DET,6589,0,0,2024-12,HS6,271019
4101,"CLEVELAND, OH",3XXX,SOUTH AMERICA,CGP,9092,0,0,2024-12,HS6,271019
4101,"CLEVELAND, OH",4010,SWEDEN,DET,291921,0,0,2024-12,HS6,271019
4101,"CLEVELAND, OH",4039,NORWAY,DET,3156,0,0,2024-12,HS6,271019
4101,"CLEVELAND, OH",4099,DENMARK,DET,5513,0,0,2024-12,HS6,271019
4101,"CLEVELAND, OH",4120,UNITED KINGDOM,DET,132690,0,0,2024-12,HS6,271019
4101,"CLEVELAND, OH",4190,IRELAND,DET,17444,0,0,2024-12,HS6,271019
4101,"CLEVELAND, OH",4210,NETHERLANDS,DET,33988,0,0,2024-12,HS6,271019
4101,"CLEVELAND, OH",4231,BELGIUM,DET,8545,0,0,2024-12,HS6,271019
4101,"CLEVELAND, OH",4239,LUXEMBOURG,DET,8063,0,0,2024-12,HS6,271019
4101,"CLEVELAND, OH",4279,FRANCE,DET,23797,0,0,2024-12,HS6,271019
4101,"CLEVELAND, OH",4280,GERMANY,DET,51675,25142,43956,2024-12,HS6,271019
4101,"CLEVELAND, OH",4330,AUSTRIA,DET,3726,0,0,2024-12,HS6,271019
4101,"CLEVELAND, OH",4351,CZECH REPUBLIC,DET,4146,0,0,2024-12,HS6,271019
4101,"CLEVELAND, OH",4370,HUNGARY,DET,14019,0,0,2024-12,HS6,271019
4101,"CLEVELAND, OH",4419,SWITZERLAND,DET,14091,0,0,2024-12,HS6,271019
4101,"CLEVELAND, OH",4490,LATVIA,DET,30526,0,0,2024-12,HS6,271019
4101,"CLEVELAND, OH",4550,POLAND,DET,3428,0,0,2024-12,HS6,271019
4101,"CLEVELAND, OH",4700,SPAIN,DET,73126,0,0,2024-12,HS6,271019
4101,"CLEVELAND, OH",4710,PORTUGAL,DET,2595,0,0,2024-12,HS6,271019
4101,"CLEVELAND, OH",4759,ITALY,DET,25484,0,0,2024-12,HS6,271019
4101,"CLEVELAND, OH",4792,SLOVENIA,DET,3297,0,0,2024-12,HS6,271019
4101,"CLEVELAND, OH",4890,TURKEY,DET,106901,0,0,2024-12,HS6,271019
4101,"CLEVELAND, OH",4XXX,EUROPE,CGP,858131,25142,43956,2024-12,HS6,271019
4101,"CLEVELAND, OH",5040,LEBANON,DET,9784,0,0,2024-12,HS6,271019
4101,"CLEVELAND, OH",5050,IRAQ,DET,27615,0,0,2024-12,HS6,271019
4101,"CLEVELAND, OH",5081,ISRAEL,DET,25500,0,0,2024-12,HS6,271019
4101,"CLEVELAND, OH",5130,KUWAIT,DET,5020,0,0,2024-12,HS6,271019
4101,"CLEVELAND, OH",5170,SAUDI ARABIA,DET,69862,0,0,2024-12,HS6,271019
4101,"CLEVELAND, OH",5180,QATAR,DET,5120,0,0,2024-12,HS6,271019
4101,"CLEVELAND, OH",5200,UNITED ARAB EMIRATES,DET,73881,0,0,2024-12,HS6,271019
4101,"CLEVELAND, OH",5230,OMAN,DET,3211,0,0,2024-12,HS6,271019
4101,"CLEVELAND, OH",5330,INDIA,DET,91472,0,0,2024-12,HS6,271019
4101,"CLEVELAND, OH",5490,THAILAND,DET,2988,0,0,2024-12,HS6,271019
4101,"CLEVELAND, OH",5590,SINGAPORE,DET,33528,0,0,2024-12,HS6,271019
4101,"CLEVELAND, OH",5600,INDONESIA,DET,12957,0,0,2024-12,HS6,271019
4101,"CLEVELAND, OH",5700,CHINA,DET,117278,49835,5853,2024-12,HS6,271019
4101,"CLEVELAND, OH",5800,"KOREA, SOUTH",DET,11828,0,0,2024-12,HS6,271019
4101,"CLEVELAND, OH",5820,HONG KONG,DET,2594,0,0,2024-12,HS6,271019
4101,"CLEVELAND, OH",5880,JAPAN,DET,16014,0,0,2024-12,HS6,271019
4101,"CLEVELAND, OH",5XXX,ASIA,CGP,508652,49835,5853,2024-12,HS6,271019
4101,"CLEVELAND, OH",6021,AUSTRALIA,DET,23544,0,0,2024-12,HS6,271019
4101,"CLEVELAND, OH",6141,NEW ZEALAND,DET,3055,0,0,2024-12,HS6,271019
4101,"CLEVELAND, OH",6XXX,AUSTRALIA AND OCEANIA,CGP,26599,0,0,2024-12,HS6,271019
4101,"CLEVELAND, OH",7140,MOROCCO,DET,60824,0,0,2024-12,HS6,271019
4101,"CLEVELAND, OH",7490,GHANA,DET,2996,0,0,2024-12,HS6,271019
4101,"CLEVELAND, OH",7530,NIGERIA,DET,15701,0,0,2024-12,HS6,271019
4101,"CLEVELAND, OH",7600,BURKINA FASO,DET,36618,0,0,2024-12,HS6,271019
4101,"CLEVELAND, OH",7749,ETHIOPIA,DET,9377,0,0,2024-12,HS6,271019
4101,"CLEVELAND, OH",7770,DJIBOUTI,DET,9001,0,0,2024-12,HS6,271019
4101,"CLEVELAND, OH",7910,SOUTH AFRICA,DET,6864,0,0,2024-12,HS6,271019
4101,"CLEVELAND, OH",7XXX,AFRICA,CGP,141381,0,0,2024-12,HS6,271019
4102,"CINCINNATI-LAWRENCEBURG, OH",0003,EUROPEAN UNION,CGP,62883,0,0,2024-12,HS6,271019
4102,"CINCINNATI-LAWRENCEBURG, OH",0014,PACIFIC RIM COUNTRIES,CGP,123324,0,0,2024-12,HS6,271019
4102,"CINCINNATI-LAWRENCEBURG, OH",0020,USMCA (NAFTA),CGP,8477,0,0,2024-12,HS6,271019
4102,"CINCINNATI-LAWRENCEBURG, OH",0021,TWENTY LATIN AMERICAN REPUBLICS,CGP,2916,0,0,2024-12,HS6,271019
4102,"CINCINNATI-LAWRENCEBURG, OH",0022,OECD,CGP,191894,0,0,2024-12,HS6,271019
4102,"CINCINNATI-LAWRENCEBURG, OH",0023,NATO,CGP,68444,0,0,2024-12,HS6,271019
4102,"CINCINNATI-LAWRENCEBURG, OH",0024,LAFTA,CGP,2916,0,0,2024-12,HS6,271019
4102,"CINCINNATI-LAWRENCEBURG, OH",0025,EURO AREA,CGP,62883,0,0,2024-12,HS6,271019
4102,"CINCINNATI-LAWRENCEBURG, OH",0026,APEC,CGP,131801,0,0,2024-12,HS6,271019
4102,"CINCINNATI-LAWRENCEBURG, OH",1220,CANADA,DET,5561,0,0,2024-12,HS6,271019
4102,"CINCINNATI-LAWRENCEBURG, OH",1XXX,NORTH AMERICA,CGP,8477,0,0,2024-12,HS6,271019
4102,"CINCINNATI-LAWRENCEBURG, OH",2010,MEXICO,DET,2916,0,0,2024-12,HS6,271019
4102,"CINCINNATI-LAWRENCEBURG, OH",4210,NETHERLANDS,DET,22977,0,0,2024-12,HS6,271019
4102,"CINCINNATI-LAWRENCEBURG, OH",4280,GERMANY,DET,39906,0,0,2024-12,HS6,271019
4102,"CINCINNATI-LAWRENCEBURG, OH",4XXX,EUROPE,CGP,62883,0,0,2024-12,HS6,271019
4102,"CINCINNATI-LAWRENCEBURG, OH",5200,UNITED ARAB EMIRATES,DET,25295,0,0,2024-12,HS6,271019
4102,"CINCINNATI-LAWRENCEBURG, OH",5330,INDIA,DET,11595,0,0,2024-12,HS6,271019
4102,"CINCINNATI-LAWRENCEBURG, OH",5350,PAKISTAN,DET,3416,0,0,2024-12,HS6,271019
4102,"CINCINNATI-LAWRENCEBURG, OH",5700,CHINA,DET,2790,0,0,2024-12,HS6,271019
4102,"CINCINNATI-LAWRENCEBURG, OH",5740,MONGOLIA,DET,5322,0,0,2024-12,HS6,271019
4102,"CINCINNATI-LAWRENCEBURG, OH",5800,"KOREA, SOUTH",DET,50961,0,0,2024-12,HS6,271019
4102,"CINCINNATI-LAWRENCEBURG, OH",5880,JAPAN,DET,64549,0,0,2024-12,HS6,271019
4102,"CINCINNATI-LAWRENCEBURG, OH",5XXX,ASIA,CGP,163928,0,0,2024-12,HS6,271019
4102,"CINCINNATI-LAWRENCEBURG, OH",6021,AUSTRALIA,DET,5024,0,0,2024-12,HS6,271019
4102,"CINCINNATI-LAWRENCEBURG, OH",6XXX,AUSTRALIA AND OCEANIA,CGP,5024,0,0,2024-12,HS6,271019
4102,"CINCINNATI-LAWRENCEBURG, OH",7450,MALI,DET,14127,0,0,2024-12,HS6,271019
4102,"CINCINNATI-LAWRENCEBURG, OH",7XXX,AFRICA,CGP,14127,0,0,2024-12,HS6,271019
4105,"TOLEDO-SANDUSKY, OH",0020,USMCA (NAFTA),CGP,16656291,16650167,13513402,2024-12,HS6,271019
4105,"TOLEDO-SANDUSKY, OH",0022,OECD,CGP,16656291,16650167,13513402,2024-12,HS6,271019
4105,"TOLEDO-SANDUSKY, OH",0023,NATO,CGP,16656291,16650167,13513402,2024-12,HS6,271019
4105,"TOLEDO-SANDUSKY, OH",0026,APEC,CGP,16656291,16650167,13513402,2024-12,HS6,271019
4105,"TOLEDO-SANDUSKY, OH",1220,CANADA,DET,16656291,16650167,13513402,2024-12,HS6,271019
4105,"TOLEDO-SANDUSKY, OH",1XXX,NORTH AMERICA,CGP,16656291,16650167,13513402,2024-12,HS6,271019
4110,"INDIANAPOLIS, IN",0003,EUROPEAN UNION,CGP,259795,0,0,2024-12,HS6,271019
4110,"INDIANAPOLIS, IN",0022,OECD,CGP,264155,0,0,2024-12,HS6,271019
4110,"INDIANAPOLIS, IN",0023,NATO,CGP,264155,0,0,2024-12,HS6,271019
4110,"INDIANAPOLIS, IN",0025,EURO AREA,CGP,259795,0,0,2024-12,HS6,271019
4110,"INDIANAPOLIS, IN",4280,GERMANY,DET,259795,0,0,2024-12,HS6,271019
4110,"INDIANAPOLIS, IN",4890,TURKEY,DET,4360,0,0,2024-12,HS6,271019
4110,"INDIANAPOLIS, IN",4XXX,EUROPE,CGP,264155,0,0,2024-12,HS6,271019
4115,"LOUISVILLE, KY",0003,EUROPEAN UNION,CGP,9191,0,0,2024-12,HS6,271019
4115,"LOUISVILLE, KY",0014,PACIFIC RIM COUNTRIES,CGP,3321,0,0,2024-12,HS6,271019
4115,"LOUISVILLE, KY",0020,USMCA (NAFTA),CGP,12170,0,0,2024-12,HS6,271019
4115,"LOUISVILLE, KY",0021,TWENTY LATIN AMERICAN REPUBLICS,CGP,21710,0,0,2024-12,HS6,271019
4115,"LOUISVILLE, KY",0022,OECD,CGP,36889,0,0,2024-12,HS6,271019
4115,"LOUISVILLE, KY",0023,NATO,CGP,11858,0,0,2024-12,HS6,271019
4115,"LOUISVILLE, KY",0024,LAFTA,CGP,21710,0,0,2024-12,HS6,271019
4115,"LOUISVILLE, KY",0026,APEC,CGP,15491,0,0,2024-12,HS6,271019
4115,"LOUISVILLE, KY",1XXX,NORTH AMERICA,CGP,12170,0,0,2024-12,HS6,271019
4115,"LOUISVILLE, KY",2010,MEXICO,DET,12170,0,0,2024-12,HS6,271019
4115,"LOUISVILLE, KY",3010,COLOMBIA,DET,9540,0,0,2024-12,HS6,271019
4115,"LOUISVILLE, KY",3XXX,SOUTH AMERICA,CGP,9540,0,0,2024-12,HS6,271019
4115,"LOUISVILLE, KY",4120,UNITED KINGDOM,DET,2667,0,0,2024-12,HS6,271019
4115,"LOUISVILLE, KY",4550,POLAND,DET,9191,0,0,2024-12,HS6,271019
4115,"LOUISVILLE, KY",4XXX,EUROPE,CGP,11858,0,0,2024-12,HS6,271019
4115,"LOUISVILLE, KY",5170,SAUDI ARABIA,DET,2556,0,0,2024-12,HS6,271019
4115,"LOUISVILLE, KY",5200,UNITED ARAB EMIRATES,DET,18727,0,0,2024-12,HS6,271019
4115,"LOUISVILLE, KY",5880,JAPAN,DET,3321,0,0,2024-12,HS6,271019
4115,"LOUISVILLE, KY",5XXX,ASIA,CGP,24604,0,0,2024-12,HS6,271019
4901,"AGUADILLA, PR",2482,BRITISH VIRGIN ISLANDS,DET,74030,74030,80256,2024-12,HS6,271019
4901,"AGUADILLA, PR",2XXX,CENTRAL AMERICA,CGP,74030,74030,80256,2024-12,HS6,271019
4908,"PONCE, PR",0021,TWENTY LATIN AMERICAN REPUBLICS,CGP,9356899,9356899,14517724,2024-12,HS6,271019
4908,"PONCE, PR",2250,PANAMA,DET,9356899,9356899,14517724,2024-12,HS6,271019
4908,"PONCE, PR",2481,ANGUILLA,DET,19229,19229,21120,2024-12,HS6,271019
4908,"PONCE, PR",2482,BRITISH VIRGIN ISLANDS,DET,3647931,3647931,4160386,2024-12,HS6,271019
4908,"PONCE, PR",2774,SINT MAARTEN,DET,58033,58033,58872,2024-12,HS6,271019
4908,"PONCE, PR",2831,GUADELOUPE,DET,4434723,4434723,5702532,2024-12,HS6,271019
4908,"PONCE, PR",2839,MARTINIQUE,DET,493818,493818,634992,2024-12,HS6,271019
4908,"PONCE, PR",2XXX,CENTRAL AMERICA,CGP,18010633,18010633,25095626,2024-12,HS6,271019
4909,"SAN JUAN, PR",0017,CAFTA-DR,CGP,10816686,10816686,5643818,2024-12,HS6,271019
4909,"SAN JUAN, PR",0020,USMCA (NAFTA),CGP,13047307,13047307,19077600,2024-12,HS6,271019
4909,"SAN JUAN, PR",0021,TWENTY LATIN AMERICAN REPUBLICS,CGP,25657486,25657486,14045190,2024-12,HS6,271019
4909,"SAN JUAN, PR",0022,OECD,CGP,13898953,13898953,19598979,2024-12,HS6,271019
4909,"SAN JUAN, PR",0023,NATO,CGP,13047307,13047307,19077600,2024-12,HS6,271019
4909,"SAN JUAN, PR",0024,LAFTA,CGP,13253962,13253962,7716558,2024-12,HS6,271019
4909,"SAN JUAN, PR",0026,APEC,CGP,13047307,13047307,19077600,2024-12,HS6,271019
4909,"SAN JUAN, PR",0028,CACM,CGP,2567330,2567330,1380769,2024-12,HS6,271019
4909,"SAN JUAN, PR",1220,CANADA,DET,13047307,13047307,19077600,2024-12,HS6,271019
4909,"SAN JUAN, PR",1XXX,NORTH AMERICA,CGP,13047307,13047307,19077600,2024-12,HS6,271019
4909,"SAN JUAN, PR",2050,GUATEMALA,DET,925608,925608,409860,2024-12,HS6,271019
4909,"SAN JUAN, PR",2110,EL SALVADOR,DET,595844,595844,337571,2024-12,HS6,271019
4909,"SAN JUAN, PR",2150,HONDURAS,DET,90011,90011,42068,2024-12,HS6,271019
4909,"SAN JUAN, PR",2190,NICARAGUA,DET,457668,457668,181989,2024-12,HS6,271019
4909,"SAN JUAN, PR",2230,COSTA RICA,DET,498199,498199,409281,2024-12,HS6,271019
4909,"SAN JUAN, PR",2250,PANAMA,DET,1586838,1586838,684814,2024-12,HS6,271019
4909,"SAN JUAN, PR",2360,BAHAMAS,DET,20792000,20792000,35509695,2024-12,HS6,271019
4909,"SAN JUAN, PR",2470,DOMINICAN REPUBLIC,DET,8249356,8249356,4263049,2024-12,HS6,271019
4909,"SAN JUAN, PR",2481,ANGUILLA,DET,1787545,1787545,2163689,2024-12,HS6,271019
4909,"SAN JUAN, PR",2482,BRITISH VIRGIN ISLANDS,DET,3114240,3114240,3608949,2024-12,HS6,271019
4909,"SAN JUAN, PR",2483,ST KITTS AND NEVIS,DET,398466,398466,137947,2024-12,HS6,271019
4909,"SAN JUAN, PR",2484,ANTIGUA AND BARBUDA,DET,162893,162893,211304,2024-12,HS6,271019
4909,"SAN JUAN, PR",2485,MONTSERRAT,DET,62781,62781,11511,2024-12,HS6,271019
4909,"SAN JUAN, PR",2486,DOMINICA,DET,30143,30143,8464,2024-12,HS6,271019
4909,"SAN JUAN, PR",2487,ST LUCIA,DET,2628,2628,186,2024-12,HS6,271019
4909,"SAN JUAN, PR",2489,GRENADA,DET,2964,2964,152,2024-12,HS6,271019
4909,"SAN JUAN, PR",2740,TRINIDAD AND TOBAGO,DET,106129,106129,44222,2024-12,HS6,271019
4909,"SAN JUAN, PR",2774,SINT MAARTEN,DET,4560053,4560053,6595413,2024-12,HS6,271019
4909,"SAN JUAN, PR",2777,CURACAO,DET,134534,134534,72284,2024-12,HS6,271019
4909,"SAN JUAN, PR",2831,GUADELOUPE,DET,16512858,16512858,18596889,2024-12,HS6,271019
4909,"SAN JUAN, PR",2839,MARTINIQUE,DET,9729532,9729532,10952231,2024-12,HS6,271019
4909,"SAN JUAN, PR",2XXX,CENTRAL AMERICA,CGP,69800290,69800290,84241568,2024-12,HS6,271019
4909,"SAN JUAN, PR",3010,COLOMBIA,DET,296852,296852,86950,2024-12,HS6,271019
4909,"SAN JUAN, PR",3070,VENEZUELA,DET,12957110,12957110,7629608,2024-12,HS6,271019
4909,"SAN JUAN, PR",3120,GUYANA,DET,122474,122474,65021,2024-12,HS6,271019
4909,"SAN JUAN, PR",3150,SURINAME,DET,24326,24326,19003,2024-12,HS6,271019
4909,"SAN JUAN, PR",3XXX,SOUTH AMERICA,CGP,13400762,13400762,7800582,2024-12,HS6,271019
4909,"SAN JUAN, PR",5081,ISRAEL,DET,56595,56595,25148,2024-12,HS6,271019
4909,"SAN JUAN, PR",5XXX,ASIA,CGP,56595,56595,25148,2024-12,HS6,271019
4913,"SAN JUAN INTERNATIONAL AIRPORT, PR",0003,EUROPEAN UNION,CGP,3980,0,0,2024-12,HS6,271019
4913,"SAN JUAN INTERNATIONAL AIRPORT, PR",0022,OECD,CGP,3980,0,0,2024-12,HS6,271019
4913,"SAN JUAN INTERNATIONAL AIRPORT, PR",0023,NATO,CGP,3980,0,0,2024-12,HS6,271019
4913,"SAN JUAN INTERNATIONAL AIRPORT, PR",0025,EURO AREA,CGP,3980,0,0,2024-12,HS6,271019
4913,"SAN JUAN INTERNATIONAL AIRPORT, PR",4280,GERMANY,DET,3980,0,0,2024-12,HS6,271019
4913,"SAN JUAN INTERNATIONAL AIRPORT, PR",4XXX,EUROPE,CGP,3980,0,0,2024-12,HS6,271019
5104,"CHRISTIANSTED, VI",0003,EUROPEAN UNION,CGP,61300243,61300243,116722231,2024-12,HS6,271019
5104,"CHRISTIANSTED, VI",0014,PACIFIC RIM COUNTRIES,CGP,5983481,5983481,12296755,2024-12,HS6,271019
5104,"CHRISTIANSTED, VI",0017,CAFTA-DR,CGP,221823969,221823969,349044778,2024-12,HS6,271019
5104,"CHRISTIANSTED, VI",0021,TWENTY LATIN AMERICAN REPUBLICS,CGP,496702819,496702819,792675859,2024-12,HS6,271019
5104,"CHRISTIANSTED, VI",0022,OECD,CGP,61300243,61300243,116722231,2024-12,HS6,271019
5104,"CHRISTIANSTED, VI",0023,NATO,CGP,61300243,61300243,116722231,2024-12,HS6,271019
5104,"CHRISTIANSTED, VI",0024,LAFTA,CGP,34581100,34581100,54926999,2024-12,HS6,271019
5104,"CHRISTIANSTED, VI",0025,EURO AREA,CGP,61300243,61300243,116722231,2024-12,HS6,271019
5104,"CHRISTIANSTED, VI",0026,APEC,CGP,5983481,5983481,12296755,2024-12,HS6,271019
5104,"CHRISTIANSTED, VI",0027,ASEAN,CGP,5983481,5983481,12296755,2024-12,HS6,271019
5104,"CHRISTIANSTED, VI",0028,CACM,CGP,43745867,43745867,59833267,2024-12,HS6,271019
5104,"CHRISTIANSTED, VI",2050,GUATEMALA,DET,22073867,22073867,31730506,2024-12,HS6,271019
5104,"CHRISTIANSTED, VI",2190,NICARAGUA,DET,21672000,21672000,28102761,2024-12,HS6,271019
5104,"CHRISTIANSTED, VI",2250,PANAMA,DET,85025182,85025182,154582481,2024-12,HS6,271019
5104,"CHRISTIANSTED, VI",2320,BERMUDA,DET,23437378,23437378,28349507,2024-12,HS6,271019
5104,"CHRISTIANSTED, VI",2360,BAHAMAS,DET,36857768,36857768,43757025,2024-12,HS6,271019
5104,"CHRISTIANSTED, VI",2410,JAMAICA,DET,21772702,21772702,29050261,2024-12,HS6,271019
5104,"CHRISTIANSTED, VI",2430,TURKS AND CAICOS ISLANDS,DET,5241543,5241543,6154707,2024-12,HS6,271019
5104,"CHRISTIANSTED, VI",2440,CAYMAN ISLANDS,DET,27184444,27184444,34530843,2024-12,HS6,271019
5104,"CHRISTIANSTED, VI",2450,HAITI,DET,155272568,155272568,234121601,2024-12,HS6,271019
5104,"CHRISTIANSTED, VI",2470,DOMINICAN REPUBLIC,DET,178078102,178078102,289211511,2024-12,HS6,271019
5104,"CHRISTIANSTED, VI",2481,ANGUILLA,DET,3494313,3494313,4701393,2024-12,HS6,271019
5104,"CHRISTIANSTED, VI",2482,BRITISH VIRGIN ISLANDS,DET,9060161,9060161,12508503,2024-12,HS6,271019
5104,"CHRISTIANSTED, VI",2483,ST KITTS AND NEVIS,DET,9898833,9898833,12672762,2024-12,HS6,271019
5104,"CHRISTIANSTED, VI",2484,ANTIGUA AND BARBUDA,DET,98479424,98479424,123855955,2024-12,HS6,271019
5104,"CHRISTIANSTED, VI",2487,ST LUCIA,DET,31166269,31166269,37678390,2024-12,HS6,271019
5104,"CHRISTIANSTED, VI",2488,ST VINCENT AND THE GRENADINES,DET,6935764,6935764,10072861,2024-12,HS6,271019
5104,"CHRISTIANSTED, VI",2489,GRENADA,DET,17746026,17746026,28921458,2024-12,HS6,271019
5104,"CHRISTIANSTED, VI",2720,BARBADOS,DET,120064151,120064151,147386604,2024-12,HS6,271019
5104,"CHRISTIANSTED, VI",2774,SINT MAARTEN,DET,57853337,57853337,71388056,2024-12,HS6,271019
5104,"CHRISTIANSTED, VI",2777,CURACAO,DET,9076551,9076551,21006884,2024-12,HS6,271019
5104,"CHRISTIANSTED, VI",2779,ARUBA,DET,24551837,24551837,42801781,2024-12,HS6,271019
5104,"CHRISTIANSTED, VI",2831,GUADELOUPE,DET,101081748,101081748,128415878,2024-12,HS6,271019
5104,"CHRISTIANSTED, VI",2839,MARTINIQUE,DET,62052075,62052075,83037191,2024-12,HS6,271019
5104,"CHRISTIANSTED, VI",2XXX,CENTRAL AMERICA,CGP,1128076043,1128076043,1604038919,2024-12,HS6,271019
5104,"CHRISTIANSTED, VI",3120,GUYANA,DET,52054125,52054125,76497398,2024-12,HS6,271019
5104,"CHRISTIANSTED, VI",3150,SURINAME,DET,19681303,19681303,24310978,2024-12,HS6,271019
5104,"CHRISTIANSTED, VI",3510,BRAZIL,DET,27792423,27792423,40194025,2024-12,HS6,271019
5104,"CHRISTIANSTED, VI",3550,URUGUAY,DET,6788677,6788677,14732974,2024-12,HS6,271019
5104,"CHRISTIANSTED, VI",3XXX,SOUTH AMERICA,CGP,106316528,106316528,155735375,2024-12,HS6,271019
5104,"CHRISTIANSTED, VI",4231,BELGIUM,DET,28783845,28783845,40474836,2024-12,HS6,271019
5104,"CHRISTIANSTED, VI",4700,SPAIN,DET,32516398,32516398,76247395,2024-12,HS6,271019
5104,"CHRISTIANSTED, VI",4XXX,EUROPE,CGP,61300243,61300243,116722231,2024-12,HS6,271019
5104,"CHRISTIANSTED, VI",5590,SINGAPORE,DET,5983481,5983481,12296755,2024-12,HS6,271019
5104,"CHRISTIANSTED, VI",5XXX,ASIA,CGP,5983481,5983481,12296755,2024-12,HS6,271019
5104,"CHRISTIANSTED, VI",7520,TOGO,DET,6367800,6367800,10060837,2024-12,HS6,271019
5104,"CHRISTIANSTED, VI",7XXX,AFRICA,CGP,6367800,6367800,10060837,2024-12,HS6,271019
5201,"MIAMI, FL",0003,EUROPEAN UNION,CGP,3230780,3230780,584480,2024-12,HS6,271019
5201,"MIAMI, FL",0014,PACIFIC RIM COUNTRIES,CGP,2591524,2591524,4657031,2024-12,HS6,271019
5201,"MIAMI, FL",0017,CAFTA-DR,CGP,28848969,28848969,10661845,2024-12,HS6,271019
5201,"MIAMI, FL",0021,TWENTY LATIN AMERICAN REPUBLICS,CGP,50488801,50488801,16310595,2024-12,HS6,271019
5201,"MIAMI, FL",0022,OECD,CGP,21531092,21531092,8268072,2024-12,HS6,271019
5201,"MIAMI, FL",0023,NATO,CGP,3763966,3763966,707868,2024-12,HS6,271019
5201,"MIAMI, FL",0024,LAFTA,CGP,19373092,19373092,4801013,2024-12,HS6,271019
5201,"MIAMI, FL",0025,EURO AREA,CGP,2326881,2326881,410815,2024-12,HS6,271019
5201,"MIAMI, FL",0026,APEC,CGP,6105755,6105755,6239991,2024-12,HS6,271019
5201,"MIAMI, FL",0027,ASEAN,CGP,175099,175099,112260,2024-12,HS6,271019
5201,"MIAMI, FL",0028,CACM,CGP,14815336,14815336,5285655,2024-12,HS6,271019
5201,"MIAMI, FL",2050,GUATEMALA,DET,971926,971926,263609,2024-12,HS6,271019
5201,"MIAMI, FL",2110,EL SALVADOR,DET,2393092,2393092,1225535,2024-12,HS6,271019
5201,"MIAMI, FL",2150,HONDURAS,DET,7749156,7749156,2381393,2024-12,HS6,271019
5201,"MIAMI, FL",2190,NICARAGUA,DET,2856689,2856689,995163,2024-12,HS6,271019
5201,"MIAMI, FL",2230,COSTA RICA,DET,844473,844473,419955,2024-12,HS6,271019
5201,"MIAMI, FL",2250,PANAMA,DET,674875,674875,298787,2024-12,HS6,271019
5201,"MIAMI, FL",2360,BAHAMAS,DET,720465,720465,593997,2024-12,HS6,271019
5201,"MIAMI, FL",2390,CUBA,DET,345997,345997,185331,2024-12,HS6,271019
5201,"MIAMI, FL",2410,JAMAICA,DET,2063237,2063237,1000424,2024-12,HS6,271019
5201,"MIAMI, FL",2430,TURKS AND CAICOS ISLANDS,DET,541909,541909,926128,2024-12,HS6,271019
5201,"MIAMI, FL",2440,CAYMAN ISLANDS,DET,1031476,1031476,362360,2024-12,HS6,271019
5201,"MIAMI, FL",2450,HAITI,DET,1245868,1245868,363619,2024-12,HS6,271019
5201,"MIAMI, FL",2470,DOMINICAN REPUBLIC,DET,14033633,14033633,5376190,2024-12,HS6,271019
5201,"MIAMI, FL",2484,ANTIGUA AND BARBUDA,DET,544523,544523,225937,2024-12,HS6,271019
5201,"MIAMI, FL",2486,DOMINICA,DET,7528,7528,8000,2024-12,HS6,271019
5201,"MIAMI, FL",2720,BARBADOS,DET,105740,105740,75564,2024-12,HS6,271019
5201,"MIAMI, FL",2740,TRINIDAD AND TOBAGO,DET,443179,443179,105668,2024-12,HS6,271019
5201,"MIAMI, FL",2779,ARUBA,DET,25364,25364,13901,2024-12,HS6,271019
5201,"MIAMI, FL",2XXX,CENTRAL AMERICA,CGP,36599130,36599130,14821561,2024-12,HS6,271019
5201,"MIAMI, FL",3010,COLOMBIA,DET,13956252,13956252,2406379,2024-12,HS6,271019
5201,"MIAMI, FL",3070,VENEZUELA,DET,764089,764089,396698,2024-12,HS6,271019
5201,"MIAMI, FL",3120,GUYANA,DET,1327861,1327861,1585212,2024-12,HS6,271019
5201,"MIAMI, FL",3150,SURINAME,DET,244609,244609,123765,2024-12,HS6,271019
5201,"MIAMI, FL",3310,ECUADOR,DET,1080608,1080608,414431,2024-12,HS6,271019
5201,"MIAMI, FL",3330,PERU,DET,3023200,3023200,1320256,2024-12,HS6,271019
5201,"MIAMI, FL",3370,CHILE,DET,392770,392770,235643,2024-12,HS6,271019
5201,"MIAMI, FL",3510,BRAZIL,DET,45120,45120,9469,2024-12,HS6,271019
5201,"MIAMI, FL",3530,PARAGUAY,DET,4096,4096,1011,2024-12,HS6,271019
5201,"MIAMI, FL",3550,URUGUAY,DET,100922,100922,16184,2024-12,HS6,271019
5201,"MIAMI, FL",3570,ARGENTINA,DET,6035,6035,942,2024-12,HS6,271019
5201,"MIAMI, FL",3XXX,SOUTH AMERICA,CGP,20945562,20945562,6509990,2024-12,HS6,271019
5201,"MIAMI, FL",4010,SWEDEN,DET,203787,203787,52272,2024-12,HS6,271019
5201,"MIAMI, FL",4050,FINLAND,DET,75667,75667,33571,2024-12,HS6,271019
5201,"MIAMI, FL",4120,UNITED KINGDOM,DET,4269,4269,303,2024-12,HS6,271019
5201,"MIAMI, FL",4210,NETHERLANDS,DET,1171318,1171318,169819,2024-12,HS6,271019
5201,"MIAMI, FL",4231,BELGIUM,DET,40252,40252,28283,2024-12,HS6,271019
5201,"MIAMI, FL",4279,FRANCE,DET,3897,3897,263,2024-12,HS6,271019
5201,"MIAMI, FL",4280,GERMANY,DET,822172,822172,144354,2024-12,HS6,271019
5201,"MIAMI, FL",4490,LATVIA,DET,139139,139139,24018,2024-12,HS6,271019
5201,"MIAMI, FL",4550,POLAND,DET,700112,700112,121393,2024-12,HS6,271019
5201,"MIAMI, FL",4633,GEORGIA,DET,88711,88711,21855,2024-12,HS6,271019
5201,"MIAMI, FL",4700,SPAIN,DET,54313,54313,6057,2024-12,HS6,271019
5201,"MIAMI, FL",4840,GREECE,DET,16493,16493,3596,2024-12,HS6,271019
5201,"MIAMI, FL",4890,TURKEY,DET,532547,532547,123939,2024-12,HS6,271019
5201,"MIAMI, FL",4910,CYPRUS,DET,3630,3630,854,2024-12,HS6,271019
5201,"MIAMI, FL",4XXX,EUROPE,CGP,3856307,3856307,730577,2024-12,HS6,271019
5201,"MIAMI, FL",5050,IRAQ,DET,666768,666768,165973,2024-12,HS6,271019
5201,"MIAMI, FL",5081,ISRAEL,DET,163373,163373,67417,2024-12,HS6,271019
5201,"MIAMI, FL",5130,KUWAIT,DET,37933,37933,23189,2024-12,HS6,271019
5201,"MIAMI, FL",5170,SAUDI ARABIA,DET,292627,292627,55662,2024-12,HS6,271019
5201,"MIAMI, FL",5200,UNITED ARAB EMIRATES,DET,27231,27231,2161,2024-12,HS6,271019
5201,"MIAMI, FL",5230,OMAN,DET,15880,15880,3342,2024-12,HS6,271019
5201,"MIAMI, FL",5520,VIETNAM,DET,98261,98261,27061,2024-12,HS6,271019
5201,"MIAMI, FL",5570,MALAYSIA,DET,6454,6454,638,2024-12,HS6,271019
5201,"MIAMI, FL",5590,SINGAPORE,DET,15384,15384,5455,2024-12,HS6,271019
5201,"MIAMI, FL",5650,PHILIPPINES,DET,55000,55000,79106,2024-12,HS6,271019
5201,"MIAMI, FL",5700,CHINA,DET,12250,12250,932,2024-12,HS6,271019
5201,"MIAMI, FL",5800,"KOREA, SOUTH",DET,2170694,2170694,4347530,2024-12,HS6,271019
5201,"MIAMI, FL",5820,HONG KONG,DET,81676,81676,135927,2024-12,HS6,271019
5201,"MIAMI, FL",5830,TAIWAN,DET,10502,10502,4163,2024-12,HS6,271019
5201,"MIAMI, FL",5880,JAPAN,DET,3068,3068,245,2024-12,HS6,271019
5201,"MIAMI, FL",5XXX,ASIA,CGP,3657101,3657101,4918801,2024-12,HS6,271019
5201,"MIAMI, FL",6141,NEW ZEALAND,DET,236496,236496,83035,2024-12,HS6,271019
5201,"MIAMI, FL",6223,SOLOMON ISLANDS,DET,23777,23777,5572,2024-12,HS6,271019
5201,"MIAMI, FL",6XXX,AUSTRALIA AND OCEANIA,CGP,260273,260273,88607,2024-12,HS6,271019
5201,"MIAMI, FL",7250,LIBYA,DET,66310,66310,25945,2024-12,HS6,271019
5201,"MIAMI, FL",7490,GHANA,DET,144000,144000,411281,2024-12,HS6,271019
5201,"MIAMI, FL",7620,ANGOLA,DET,4350,4350,315,2024-12,HS6,271019
5201,"MIAMI, FL",7800,SEYCHELLES,DET,40696,40696,9681,2024-12,HS6,271019
5201,"MIAMI, FL",7920,NAMIBIA,DET,3071,3071,30,2024-12,HS6,271019
5201,"MIAMI, FL",7XXX,AFRICA,CGP,258427,258427,447252,2024-12,HS6,271019
5203,"PORT EVERGLADES, FL",0003,EUROPEAN UNION,CGP,429310,429310,155964,2024-12,HS6,271019
5203,"PORT EVERGLADES, FL",0014,PACIFIC RIM COUNTRIES,CGP,327703,327703,407213,2024-12,HS6,271019
5203,"PORT EVERGLADES, FL",0017,CAFTA-DR,CGP,28301432,28301432,11122907,2024-12,HS6,271019
5203,"PORT EVERGLADES, FL",0020,USMCA (NAFTA),CGP,13907,13907,1766,2024-12,HS6,271019
5203,"PORT EVERGLADES, FL",0021,TWENTY LATIN AMERICAN REPUBLICS,CGP,71774385,71774385,30908537,2024-12,HS6,271019
5203,"PORT EVERGLADES, FL",0022,OECD,CGP,12316684,12316684,5385126,2024-12,HS6,271019
5203,"PORT EVERGLADES, FL",0023,NATO,CGP,429310,429310,155964,2024-12,HS6,271019
5203,"PORT EVERGLADES, FL",0024,LAFTA,CGP,38156882,38156882,17449943,2024-12,HS6,271019
5203,"PORT EVERGLADES, FL",0025,EURO AREA,CGP,429310,429310,155964,2024-12,HS6,271019
5203,"PORT EVERGLADES, FL",0026,APEC,CGP,4809195,4809195,2748324,2024-12,HS6,271019
5203,"PORT EVERGLADES, FL",0028,CACM,CGP,20839341,20839341,8878536,2024-12,HS6,271019
5203,"PORT EVERGLADES, FL",1XXX,NORTH AMERICA,CGP,13907,13907,1766,2024-12,HS6,271019
5203,"PORT EVERGLADES, FL",2010,MEXICO,DET,13907,13907,1766,2024-12,HS6,271019
5203,"PORT EVERGLADES, FL",2050,GUATEMALA,DET,2836816,2836816,1171631,2024-12,HS6,271019
5203,"PORT EVERGLADES, FL",2080,BELIZE,DET,435136,435136,277398,2024-12,HS6,271019
5203,"PORT EVERGLADES, FL",2110,EL SALVADOR,DET,2922700,2922700,2359693,2024-12,HS6,271019
5203,"PORT EVERGLADES, FL",2150,HONDURAS,DET,8428330,8428330,2792720,2024-12,HS6,271019
5203,"PORT EVERGLADES, FL",2190,NICARAGUA,DET,415981,415981,209828,2024-12,HS6,271019
5203,"PORT EVERGLADES, FL",2230,COSTA RICA,DET,6235514,6235514,2344664,2024-12,HS6,271019
5203,"PORT EVERGLADES, FL",2250,PANAMA,DET,4653921,4653921,1962846,2024-12,HS6,271019
5203,"PORT EVERGLADES, FL",2360,BAHAMAS,DET,17110065,17110065,17913049,2024-12,HS6,271019
5203,"PORT EVERGLADES, FL",2390,CUBA,DET,582672,582672,350883,2024-12,HS6,271019
5203,"PORT EVERGLADES, FL",2410,JAMAICA,DET,5826100,5826100,1966766,2024-12,HS6,271019
5203,"PORT EVERGLADES, FL",2430,TURKS AND CAICOS ISLANDS,DET,12407964,12407964,14572904,2024-12,HS6,271019
5203,"PORT EVERGLADES, FL",2440,CAYMAN ISLANDS,DET,842734,842734,351041,2024-12,HS6,271019
5203,"PORT EVERGLADES, FL",2450,HAITI,DET,79478,79478,21958,2024-12,HS6,271019
5203,"PORT EVERGLADES, FL",2470,DOMINICAN REPUBLIC,DET,7462091,7462091,2244371,2024-12,HS6,271019
5203,"PORT EVERGLADES, FL",2481,ANGUILLA,DET,88891,88891,31464,2024-12,HS6,271019
5203,"PORT EVERGLADES, FL",2482,BRITISH VIRGIN ISLANDS,DET,135151,135151,24031,2024-12,HS6,271019
5203,"PORT EVERGLADES, FL",2483,ST KITTS AND NEVIS,DET,223293,223293,95435,2024-12,HS6,271019
5203,"PORT EVERGLADES, FL",2484,ANTIGUA AND BARBUDA,DET,361535,361535,401679,2024-12,HS6,271019
5203,"PORT EVERGLADES, FL",2485,MONTSERRAT,DET,45710,45710,25952,2024-12,HS6,271019
5203,"PORT EVERGLADES, FL",2486,DOMINICA,DET,199124,199124,69821,2024-12,HS6,271019
5203,"PORT EVERGLADES, FL",2487,ST LUCIA,DET,256419,256419,205646,2024-12,HS6,271019
5203,"PORT EVERGLADES, FL",2488,ST VINCENT AND THE GRENADINES,DET,155620,155620,46241,2024-12,HS6,271019
5203,"PORT EVERGLADES, FL",2489,GRENADA,DET,109629,109629,58749,2024-12,HS6,271019
5203,"PORT EVERGLADES, FL",2720,BARBADOS,DET,267373,267373,66590,2024-12,HS6,271019
5203,"PORT EVERGLADES, FL",2740,TRINIDAD AND TOBAGO,DET,1707890,1707890,779552,2024-12,HS6,271019
5203,"PORT EVERGLADES, FL",2774,SINT MAARTEN,DET,791325,791325,289074,2024-12,HS6,271019
5203,"PORT EVERGLADES, FL",2777,CURACAO,DET,677237,677237,251007,2024-12,HS6,271019
5203,"PORT EVERGLADES, FL",2779,ARUBA,DET,1007376,1007376,439078,2024-12,HS6,271019
5203,"PORT EVERGLADES, FL",2831,GUADELOUPE,DET,57877,57877,27580,2024-12,HS6,271019
5203,"PORT EVERGLADES, FL",2839,MARTINIQUE,DET,85254,85254,17017,2024-12,HS6,271019
5203,"PORT EVERGLADES, FL",2XXX,CENTRAL AMERICA,CGP,76409206,76409206,51368668,2024-12,HS6,271019
5203,"PORT EVERGLADES, FL",3010,COLOMBIA,DET,2994149,2994149,1193261,2024-12,HS6,271019
5203,"PORT EVERGLADES, FL",3070,VENEZUELA,DET,22629598,22629598,9326105,2024-12,HS6,271019
5203,"PORT EVERGLADES, FL",3120,GUYANA,DET,418664,418664,244390,2024-12,HS6,271019
5203,"PORT EVERGLADES, FL",3150,SURINAME,DET,3421834,3421834,1097234,2024-12,HS6,271019
5203,"PORT EVERGLADES, FL",3170,FRENCH GUIANA,DET,6856,6856,2616,2024-12,HS6,271019
5203,"PORT EVERGLADES, FL",3310,ECUADOR,DET,623005,623005,198215,2024-12,HS6,271019
5203,"PORT EVERGLADES, FL",3330,PERU,DET,2151484,2151484,1057087,2024-12,HS6,271019
5203,"PORT EVERGLADES, FL",3350,BOLIVIA,DET,2210501,2210501,631027,2024-12,HS6,271019
5203,"PORT EVERGLADES, FL",3370,CHILE,DET,2316101,2316101,1282258,2024-12,HS6,271019
5203,"PORT EVERGLADES, FL",3510,BRAZIL,DET,2205079,2205079,1713449,2024-12,HS6,271019
5203,"PORT EVERGLADES, FL",3530,PARAGUAY,DET,984591,984591,348371,2024-12,HS6,271019
5203,"PORT EVERGLADES, FL",3550,URUGUAY,DET,468287,468287,140990,2024-12,HS6,271019
5203,"PORT EVERGLADES, FL",3570,ARGENTINA,DET,1560180,1560180,1557414,2024-12,HS6,271019
5203,"PORT EVERGLADES, FL",3XXX,SOUTH AMERICA,CGP,41990329,41990329,18792417,2024-12,HS6,271019
5203,"PORT EVERGLADES, FL",4210,NETHERLANDS,DET,353387,353387,112233,2024-12,HS6,271019
5203,"PORT EVERGLADES, FL",4231,BELGIUM,DET,49172,49172,31184,2024-12,HS6,271019
5203,"PORT EVERGLADES, FL",4700,SPAIN,DET,13519,13519,10323,2024-12,HS6,271019
5203,"PORT EVERGLADES, FL",4840,GREECE,DET,13232,13232,2224,2024-12,HS6,271019
5203,"PORT EVERGLADES, FL",4XXX,EUROPE,CGP,429310,429310,155964,2024-12,HS6,271019
5203,"PORT EVERGLADES, FL",5230,OMAN,DET,120780,120780,20004,2024-12,HS6,271019
5203,"PORT EVERGLADES, FL",5800,"KOREA, SOUTH",DET,91526,91526,204352,2024-12,HS6,271019
5203,"PORT EVERGLADES, FL",5880,JAPAN,DET,73832,73832,151688,2024-12,HS6,271019
5203,"PORT EVERGLADES, FL",5XXX,ASIA,CGP,286138,286138,376044,2024-12,HS6,271019
5203,"PORT EVERGLADES, FL",6021,AUSTRALIA,DET,40479,40479,10840,2024-12,HS6,271019
5203,"PORT EVERGLADES, FL",6141,NEW ZEALAND,DET,121866,121866,40333,2024-12,HS6,271019
5203,"PORT EVERGLADES, FL",6XXX,AUSTRALIA AND OCEANIA,CGP,162345,162345,51173,2024-12,HS6,271019
5203,"PORT EVERGLADES, FL",7490,GHANA,DET,28400,28400,83406,2024-12,HS6,271019
5203,"PORT EVERGLADES, FL",7XXX,AFRICA,CGP,28400,28400,83406,2024-12,HS6,271019
5204,"WEST PALM BEACH, FL",0003,EUROPEAN UNION,CGP,26716,26716,9027,2024-12,HS6,271019
5204,"WEST PALM BEACH, FL",0017,CAFTA-DR,CGP,81113,81113,23102,2024-12,HS6,271019
5204,"WEST PALM BEACH, FL",0021,TWENTY LATIN AMERICAN REPUBLICS,CGP,81113,81113,23102,2024-12,HS6,271019
5204,"WEST PALM BEACH, FL",0022,OECD,CGP,26716,26716,9027,2024-12,HS6,271019
5204,"WEST PALM BEACH, FL",0023,NATO,CGP,26716,26716,9027,2024-12,HS6,271019
5204,"WEST PALM BEACH, FL",0025,EURO AREA,CGP,26716,26716,9027,2024-12,HS6,271019
5204,"WEST PALM BEACH, FL",2080,BELIZE,DET,1142972,1142972,681656,2024-12,HS6,271019
5204,"WEST PALM BEACH, FL",2360,BAHAMAS,DET,4066147,4066147,1984170,2024-12,HS6,271019
5204,"WEST PALM BEACH, FL",2410,JAMAICA,DET,66356,66356,12062,2024-12,HS6,271019
5204,"WEST PALM BEACH, FL",2430,TURKS AND CAICOS ISLANDS,DET,2789598,2789598,1644085,2024-12,HS6,271019
5204,"WEST PALM BEACH, FL",2440,CAYMAN ISLANDS,DET,1531040,1531040,977565,2024-12,HS6,271019
5204,"WEST PALM BEACH, FL",2470,DOMINICAN REPUBLIC,DET,81113,81113,23102,2024-12,HS6,271019
5204,"WEST PALM BEACH, FL",2481,ANGUILLA,DET,165947,165947,51906,2024-12,HS6,271019
5204,"WEST PALM BEACH, FL",2482,BRITISH VIRGIN ISLANDS,DET,570710,570710,128741,2024-12,HS6,271019
5204,"WEST PALM BEACH, FL",2483,ST KITTS AND NEVIS,DET,406975,406975,173822,2024-12,HS6,271019
5204,"WEST PALM BEACH, FL",2484,ANTIGUA AND BARBUDA,DET,313038,313038,104372,2024-12,HS6,271019
5204,"WEST PALM BEACH, FL",2485,MONTSERRAT,DET,8319,8319,1764,2024-12,HS6,271019
5204,"WEST PALM BEACH, FL",2486,DOMINICA,DET,264733,264733,82291,2024-12,HS6,271019
5204,"WEST PALM BEACH, FL",2487,ST LUCIA,DET,535313,535313,138495,2024-12,HS6,271019
5204,"WEST PALM BEACH, FL",2488,ST VINCENT AND THE GRENADINES,DET,169273,169273,48184,2024-12,HS6,271019
5204,"WEST PALM BEACH, FL",2489,GRENADA,DET,356532,356532,103274,2024-12,HS6,271019
5204,"WEST PALM BEACH, FL",2720,BARBADOS,DET,581233,581233,232647,2024-12,HS6,271019
5204,"WEST PALM BEACH, FL",2740,TRINIDAD AND TOBAGO,DET,4889087,4889087,1311664,2024-12,HS6,271019
5204,"WEST PALM BEACH, FL",2774,SINT MAARTEN,DET,706437,706437,232721,2024-12,HS6,271019
5204,"WEST PALM BEACH, FL",2779,ARUBA,DET,2633,2633,721,2024-12,HS6,271019
5204,"WEST PALM BEACH, FL",2XXX,CENTRAL AMERICA,CGP,18647456,18647456,7933242,2024-12,HS6,271019
5204,"WEST PALM BEACH, FL",3120,GUYANA,DET,7386770,7386770,3401158,2024-12,HS6,271019
5204,"WEST PALM BEACH, FL",3150,SURINAME,DET,468567,468567,142602,2024-12,HS6,271019
5204,"WEST PALM BEACH, FL",3XXX,SOUTH AMERICA,CGP,7855337,7855337,3543760,2024-12,HS6,271019
5204,"WEST PALM BEACH, FL",4279,FRANCE,DET,26716,26716,9027,2024-12,HS6,271019
5204,"WEST PALM BEACH, FL",4XXX,EUROPE,CGP,26716,26716,9027,2024-12,HS6,271019
5205,"FORT PIERCE, FL",0021,TWENTY LATIN AMERICAN REPUBLICS,CGP,11144,11144,14727,2024-12,HS6,271019
5205,"FORT PIERCE, FL",0024,LAFTA,CGP,11144,11144,14727,2024-12,HS6,271019
5205,"FORT PIERCE, FL",3350,BOLIVIA,DET,11144,11144,14727,2024-12,HS6,271019
5205,"FORT PIERCE, FL",3XXX,SOUTH AMERICA,CGP,11144,11144,14727,2024-12,HS6,271019
5206,"MIAMI INTERNATIONAL AIRPORT, FL",0003,EUROPEAN UNION,CGP,162051,0,0,2024-12,HS6,271019
5206,"MIAMI INTERNATIONAL AIRPORT, FL",0014,PACIFIC RIM COUNTRIES,CGP,145925,0,0,2024-12,HS6,271019
5206,"MIAMI INTERNATIONAL AIRPORT, FL",0017,CAFTA-DR,CGP,489945,0,0,2024-12,HS6,271019
5206,"MIAMI INTERNATIONAL AIRPORT, FL",0020,USMCA (NAFTA),CGP,214545,0,0,2024-12,HS6,271019
5206,"MIAMI INTERNATIONAL AIRPORT, FL",0021,TWENTY LATIN AMERICAN REPUBLICS,CGP,6935774,0,0,2024-12,HS6,271019
5206,"MIAMI INTERNATIONAL AIRPORT, FL",0022,OECD,CGP,3247071,0,0,2024-12,HS6,271019
5206,"MIAMI INTERNATIONAL AIRPORT, FL",0023,NATO,CGP,188298,0,0,2024-12,HS6,271019
5206,"MIAMI INTERNATIONAL AIRPORT, FL",0024,LAFTA,CGP,6356500,0,0,2024-12,HS6,271019
5206,"MIAMI INTERNATIONAL AIRPORT, FL",0025,EURO AREA,CGP,156525,0,0,2024-12,HS6,271019
5206,"MIAMI INTERNATIONAL AIRPORT, FL",0026,APEC,CGP,1589693,0,0,2024-12,HS6,271019
5206,"MIAMI INTERNATIONAL AIRPORT, FL",0027,ASEAN,CGP,165354,0,0,2024-12,HS6,271019
5206,"MIAMI INTERNATIONAL AIRPORT, FL",0028,CACM,CGP,439887,0,0,2024-12,HS6,271019
5206,"MIAMI INTERNATIONAL AIRPORT, FL",1XXX,NORTH AMERICA,CGP,214545,0,0,2024-12,HS6,271019
5206,"MIAMI INTERNATIONAL AIRPORT, FL",2010,MEXICO,DET,214545,0,0,2024-12,HS6,271019
5206,"MIAMI INTERNATIONAL AIRPORT, FL",2050,GUATEMALA,DET,126124,0,0,2024-12,HS6,271019
5206,"MIAMI INTERNATIONAL AIRPORT, FL",2080,BELIZE,DET,6733,0,0,2024-12,HS6,271019
5206,"MIAMI INTERNATIONAL AIRPORT, FL",2110,EL SALVADOR,DET,174467,0,0,2024-12,HS6,271019
5206,"MIAMI INTERNATIONAL AIRPORT, FL",2150,HONDURAS,DET,40350,0,0,2024-12,HS6,271019
5206,"MIAMI INTERNATIONAL AIRPORT, FL",2190,NICARAGUA,DET,11478,0,0,2024-12,HS6,271019
5206,"MIAMI INTERNATIONAL AIRPORT, FL",2230,COSTA RICA,DET,87468,0,0,2024-12,HS6,271019
5206,"MIAMI INTERNATIONAL AIRPORT, FL",2250,PANAMA,DET,82239,0,0,2024-12,HS6,271019
5206,"MIAMI INTERNATIONAL AIRPORT, FL",2360,BAHAMAS,DET,66147,0,0,2024-12,HS6,271019
5206,"MIAMI INTERNATIONAL AIRPORT, FL",2410,JAMAICA,DET,11460,0,0,2024-12,HS6,271019
5206,"MIAMI INTERNATIONAL AIRPORT, FL",2450,HAITI,DET,7090,0,0,2024-12,HS6,271019
5206,"MIAMI INTERNATIONAL AIRPORT, FL",2470,DOMINICAN REPUBLIC,DET,50058,0,0,2024-12,HS6,271019
5206,"MIAMI INTERNATIONAL AIRPORT, FL",2484,ANTIGUA AND BARBUDA,DET,13610,0,0,2024-12,HS6,271019
5206,"MIAMI INTERNATIONAL AIRPORT, FL",2488,ST VINCENT AND THE GRENADINES,DET,2670,0,0,2024-12,HS6,271019
5206,"MIAMI INTERNATIONAL AIRPORT, FL",2489,GRENADA,DET,3940,0,0,2024-12,HS6,271019
5206,"MIAMI INTERNATIONAL AIRPORT, FL",2720,BARBADOS,DET,2728,0,0,2024-12,HS6,271019
5206,"MIAMI INTERNATIONAL AIRPORT, FL",2740,TRINIDAD AND TOBAGO,DET,52607,0,0,2024-12,HS6,271019
5206,"MIAMI INTERNATIONAL AIRPORT, FL",2774,SINT MAARTEN,DET,19342,0,0,2024-12,HS6,271019
5206,"MIAMI INTERNATIONAL AIRPORT, FL",2777,CURACAO,DET,11203,0,0,2024-12,HS6,271019
5206,"MIAMI INTERNATIONAL AIRPORT, FL",2XXX,CENTRAL AMERICA,CGP,769714,0,0,2024-12,HS6,271019
5206,"MIAMI INTERNATIONAL AIRPORT, FL",3010,COLOMBIA,DET,1860453,0,0,2024-12,HS6,271019
5206,"MIAMI INTERNATIONAL AIRPORT, FL",3070,VENEZUELA,DET,21512,0,0,2024-12,HS6,271019
5206,"MIAMI INTERNATIONAL AIRPORT, FL",3120,GUYANA,DET,206877,0,0,2024-12,HS6,271019
5206,"MIAMI INTERNATIONAL AIRPORT, FL",3150,SURINAME,DET,24792,0,0,2024-12,HS6,271019
5206,"MIAMI INTERNATIONAL AIRPORT, FL",3310,ECUADOR,DET,376311,0,0,2024-12,HS6,271019
5206,"MIAMI INTERNATIONAL AIRPORT, FL",3330,PERU,DET,294810,0,0,2024-12,HS6,271019
5206,"MIAMI INTERNATIONAL AIRPORT, FL",3350,BOLIVIA,DET,433032,0,0,2024-12,HS6,271019
5206,"MIAMI INTERNATIONAL AIRPORT, FL",3370,CHILE,DET,797413,0,0,2024-12,HS6,271019
5206,"MIAMI INTERNATIONAL AIRPORT, FL",3510,BRAZIL,DET,1630048,0,0,2024-12,HS6,271019
5206,"MIAMI INTERNATIONAL AIRPORT, FL",3530,PARAGUAY,DET,19809,0,0,2024-12,HS6,271019
5206,"MIAMI INTERNATIONAL AIRPORT, FL",3550,URUGUAY,DET,13538,0,0,2024-12,HS6,271019
5206,"MIAMI INTERNATIONAL AIRPORT, FL",3570,ARGENTINA,DET,695029,0,0,2024-12,HS6,271019
5206,"MIAMI INTERNATIONAL AIRPORT, FL",3XXX,SOUTH AMERICA,CGP,6373624,0,0,2024-12,HS6,271019
5206,"MIAMI INTERNATIONAL AIRPORT, FL",4120,UNITED KINGDOM,DET,12699,0,0,2024-12,HS6,271019
5206,"MIAMI INTERNATIONAL AIRPORT, FL",4210,NETHERLANDS,DET,51539,0,0,2024-12,HS6,271019
5206,"MIAMI INTERNATIONAL AIRPORT, FL",4279,FRANCE,DET,41793,0,0,2024-12,HS6,271019
5206,"MIAMI INTERNATIONAL AIRPORT, FL",4280,GERMANY,DET,16635,0,0,2024-12,HS6,271019
5206,"MIAMI INTERNATIONAL AIRPORT, FL",4550,POLAND,DET,5526,0,0,2024-12,HS6,271019
5206,"MIAMI INTERNATIONAL AIRPORT, FL",4700,SPAIN,DET,3430,0,0,2024-12,HS6,271019
5206,"MIAMI INTERNATIONAL AIRPORT, FL",4759,ITALY,DET,4532,0,0,2024-12,HS6,271019
5206,"MIAMI INTERNATIONAL AIRPORT, FL",4840,GREECE,DET,38596,0,0,2024-12,HS6,271019
5206,"MIAMI INTERNATIONAL AIRPORT, FL",4890,TURKEY,DET,13548,0,0,2024-12,HS6,271019
5206,"MIAMI INTERNATIONAL AIRPORT, FL",4XXX,EUROPE,CGP,188298,0,0,2024-12,HS6,271019
5206,"MIAMI INTERNATIONAL AIRPORT, FL",5040,LEBANON,DET,48669,0,0,2024-12,HS6,271019
5206,"MIAMI INTERNATIONAL AIRPORT, FL",5081,ISRAEL,DET,3200,0,0,2024-12,HS6,271019
5206,"MIAMI INTERNATIONAL AIRPORT, FL",5170,SAUDI ARABIA,DET,6337,0,0,2024-12,HS6,271019
5206,"MIAMI INTERNATIONAL AIRPORT, FL",5200,UNITED ARAB EMIRATES,DET,43549,0,0,2024-12,HS6,271019
5206,"MIAMI INTERNATIONAL AIRPORT, FL",5330,INDIA,DET,13918,0,0,2024-12,HS6,271019
5206,"MIAMI INTERNATIONAL AIRPORT, FL",5350,PAKISTAN,DET,7628,0,0,2024-12,HS6,271019
5206,"MIAMI INTERNATIONAL AIRPORT, FL",5490,THAILAND,DET,71726,0,0,2024-12,HS6,271019
5206,"MIAMI INTERNATIONAL AIRPORT, FL",5520,VIETNAM,DET,65274,0,0,2024-12,HS6,271019
5206,"MIAMI INTERNATIONAL AIRPORT, FL",5570,MALAYSIA,DET,4009,0,0,2024-12,HS6,271019
5206,"MIAMI INTERNATIONAL AIRPORT, FL",5590,SINGAPORE,DET,5345,0,0,2024-12,HS6,271019
5206,"MIAMI INTERNATIONAL AIRPORT, FL",5600,INDONESIA,DET,19000,0,0,2024-12,HS6,271019
5206,"MIAMI INTERNATIONAL AIRPORT, FL",5800,"KOREA, SOUTH",DET,62803,0,0,2024-12,HS6,271019
5206,"MIAMI INTERNATIONAL AIRPORT, FL",5820,HONG KONG,DET,21877,0,0,2024-12,HS6,271019
5206,"MIAMI INTERNATIONAL AIRPORT, FL",5880,JAPAN,DET,27738,0,0,2024-12,HS6,271019
5206,"MIAMI INTERNATIONAL AIRPORT, FL",5XXX,ASIA,CGP,401073,0,0,2024-12,HS6,271019
5206,"MIAMI INTERNATIONAL AIRPORT, FL",6021,AUSTRALIA,DET,5153,0,0,2024-12,HS6,271019
5206,"MIAMI INTERNATIONAL AIRPORT, FL",6XXX,AUSTRALIA AND OCEANIA,CGP,5153,0,0,2024-12,HS6,271019
5206,"MIAMI INTERNATIONAL AIRPORT, FL",7210,ALGERIA,DET,3891,0,0,2024-12,HS6,271019
5206,"MIAMI INTERNATIONAL AIRPORT, FL",7230,TUNISIA,DET,43331,0,0,2024-12,HS6,271019
5206,"MIAMI INTERNATIONAL AIRPORT, FL",7530,NIGERIA,DET,7394,0,0,2024-12,HS6,271019
5206,"MIAMI INTERNATIONAL AIRPORT, FL",7620,ANGOLA,DET,22714,0,0,2024-12,HS6,271019
5206,"MIAMI INTERNATIONAL AIRPORT, FL",7749,ETHIOPIA,DET,4496,0,0,2024-12,HS6,271019
5206,"MIAMI INTERNATIONAL AIRPORT, FL",7870,MOZAMBIQUE,DET,40806,0,0,2024-12,HS6,271019
5206,"MIAMI INTERNATIONAL AIRPORT, FL",7XXX,AFRICA,CGP,122632,0,0,2024-12,HS6,271019
5210,"FT. LAUDERDALE INTERNATIONAL AIRPORT, FL",0021,TWENTY LATIN AMERICAN REPUBLICS,CGP,5153,0,0,2024-12,HS6,271019
5210,"FT. LAUDERDALE INTERNATIONAL AIRPORT, FL",0024,LAFTA,CGP,5153,0,0,2024-12,HS6,271019
5210,"FT. LAUDERDALE INTERNATIONAL AIRPORT, FL",3550,URUGUAY,DET,5153,0,0,2024-12,HS6,271019
5210,"FT. LAUDERDALE INTERNATIONAL AIRPORT, FL",3XXX,SOUTH AMERICA,CGP,5153,0,0,2024-12,HS6,271019
5301,"HOUSTON, TX",0003,EUROPEAN UNION,CGP,1128083432,1128083432,1833316943,2024-12,HS6,271019
5301,"HOUSTON, TX",0014,PACIFIC RIM COUNTRIES,CGP,295735693,295735693,450433823,2024-12,HS6,271019
5301,"HOUSTON, TX",0017,CAFTA-DR,CGP,1849740260,1849740260,2327063993,2024-12,HS6,271019
5301,"HOUSTON, TX",0020,USMCA (NAFTA),CGP,2813440250,2813440250,3856571909,2024-12,HS6,271019
5301,"HOUSTON, TX",0021,TWENTY LATIN AMERICAN REPUBLICS,CGP,9405110552,9405110552,11762488649,2024-12,HS6,271019
5301,"HOUSTON, TX",0022,OECD,CGP,6300605054,6300605054,8481340069,2024-12,HS6,271019
5301,"HOUSTON, TX",0023,NATO,CGP,1611556322,1611556322,2561343861,2024-12,HS6,271019
5301,"HOUSTON, TX",0024,LAFTA,CGP,6989594496,6989594496,8618749685,2024-12,HS6,271019
5301,"HOUSTON, TX",0025,EURO AREA,CGP,1015951364,1015951364,1658759475,2024-12,HS6,271019
5301,"HOUSTON, TX",0026,APEC,CGP,5326149915,5326149915,6903431197,2024-12,HS6,271019
5301,"HOUSTON, TX",0027,ASEAN,CGP,269997470,269997470,438413316,2024-12,HS6,271019
5301,"HOUSTON, TX",0028,CACM,CGP,1348373643,1348373643,1688649551,2024-12,HS6,271019
5301,"HOUSTON, TX",1220,CANADA,DET,303525328,303525328,490974635,2024-12,HS6,271019
5301,"HOUSTON, TX",1XXX,NORTH AMERICA,CGP,2813440250,2813440250,3856571909,2024-12,HS6,271019
5301,"HOUSTON, TX",2010,MEXICO,DET,2509914922,2509914922,3365597274,2024-12,HS6,271019
5301,"HOUSTON, TX",2050,GUATEMALA,DET,173976350,173976350,210870850,2024-12,HS6,271019
5301,"HOUSTON, TX",2080,BELIZE,DET,1942160,1942160,584738,2024-12,HS6,271019
5301,"HOUSTON, TX",2110,EL SALVADOR,DET,79262359,79262359,64678351,2024-12,HS6,271019
5301,"HOUSTON, TX",2150,HONDURAS,DET,341693551,341693551,484721000,2024-12,HS6,271019
5301,"HOUSTON, TX",2190,NICARAGUA,DET,15058001,15058001,9671235,2024-12,HS6,271019
5301,"HOUSTON, TX",2230,COSTA RICA,DET,738383382,738383382,918708115,2024-12,HS6,271019
5301,"HOUSTON, TX",2250,PANAMA,DET,510426070,510426070,756209633,2024-12,HS6,271019
5301,"HOUSTON, TX",2320,BERMUDA,DET,66866,66866,16468,2024-12,HS6,271019
5301,"HOUSTON, TX",2360,BAHAMAS,DET,189155335,189155335,319251944,2024-12,HS6,271019
5301,"HOUSTON, TX",2410,JAMAICA,DET,244079114,244079114,356387461,2024-12,HS6,271019
5301,"HOUSTON, TX",2440,CAYMAN ISLANDS,DET,19743701,19743701,28222145,2024-12,HS6,271019
5301,"HOUSTON, TX",2450,HAITI,DET,55349726,55349726,60465338,2024-12,HS6,271019
5301,"HOUSTON, TX",2470,DOMINICAN REPUBLIC,DET,501366617,501366617,638414442,2024-12,HS6,271019
5301,"HOUSTON, TX",2481,ANGUILLA,DET,170676,170676,48849,2024-12,HS6,271019
5301,"HOUSTON, TX",2482,BRITISH VIRGIN ISLANDS,DET,425052,425052,142824,2024-12,HS6,271019
5301,"HOUSTON, TX",2483,ST KITTS AND NEVIS,DET,166108,166108,53199,2024-12,HS6,271019
5301,"HOUSTON, TX",2484,ANTIGUA AND BARBUDA,DET,41021821,41021821,53005693,2024-12,HS6,271019
5301,"HOUSTON, TX",2486,DOMINICA,DET,259759,259759,72489,2024-12,HS6,271019
5301,"HOUSTON, TX",2487,ST LUCIA,DET,315141638,315141638,417392468,2024-12,HS6,271019
5301,"HOUSTON, TX",2488,ST VINCENT AND THE GRENADINES,DET,268760,268760,65913,2024-12,HS6,271019
5301,"HOUSTON, TX",2489,GRENADA,DET,437279,437279,109831,2024-12,HS6,271019
5301,"HOUSTON, TX",2720,BARBADOS,DET,35372123,35372123,41844555,2024-12,HS6,271019
5301,"HOUSTON, TX",2740,TRINIDAD AND TOBAGO,DET,561993586,561993586,712803963,2024-12,HS6,271019
5301,"HOUSTON, TX",2774,SINT MAARTEN,DET,2008502,2008502,731130,2024-12,HS6,271019
5301,"HOUSTON, TX",2777,CURACAO,DET,111778622,111778622,179818922,2024-12,HS6,271019
5301,"HOUSTON, TX",2779,ARUBA,DET,2259564,2259564,1058949,2024-12,HS6,271019
5301,"HOUSTON, TX",2831,GUADELOUPE,DET,57489670,57489670,74715132,2024-12,HS6,271019
5301,"HOUSTON, TX",2XXX,CENTRAL AMERICA,CGP,3999296392,3999296392,5330065637,2024-12,HS6,271019
5301,"HOUSTON, TX",3010,COLOMBIA,DET,501343726,501343726,565078896,2024-12,HS6,271019
5301,"HOUSTON, TX",3070,VENEZUELA,DET,15991103,15991103,10809056,2024-12,HS6,271019
5301,"HOUSTON, TX",3120,GUYANA,DET,13423794,13423794,5064781,2024-12,HS6,271019
5301,"HOUSTON, TX",3150,SURINAME,DET,8767584,8767584,4322903,2024-12,HS6,271019
5301,"HOUSTON, TX",3310,ECUADOR,DET,722471499,722471499,1012108423,2024-12,HS6,271019
5301,"HOUSTON, TX",3330,PERU,DET,1300254502,1300254502,1553381584,2024-12,HS6,271019
5301,"HOUSTON, TX",3350,BOLIVIA,DET,5080911,5080911,2171129,2024-12,HS6,271019
5301,"HOUSTON, TX",3370,CHILE,DET,908195297,908195297,1037573540,2024-12,HS6,271019
5301,"HOUSTON, TX",3510,BRAZIL,DET,905447892,905447892,972717450,2024-12,HS6,271019
5301,"HOUSTON, TX",3530,PARAGUAY,DET,9173372,9173372,3629612,2024-12,HS6,271019
5301,"HOUSTON, TX",3550,URUGUAY,DET,16595119,16595119,16943652,2024-12,HS6,271019
5301,"HOUSTON, TX",3570,ARGENTINA,DET,95126153,95126153,78739069,2024-12,HS6,271019
5301,"HOUSTON, TX",3XXX,SOUTH AMERICA,CGP,4501870952,4501870952,5262540095,2024-12,HS6,271019
5301,"HOUSTON, TX",4000,ICELAND,DET,26821295,26821295,37939474,2024-12,HS6,271019
5301,"HOUSTON, TX",4010,SWEDEN,DET,567478,567478,262639,2024-12,HS6,271019
5301,"HOUSTON, TX",4039,NORWAY,DET,225434,225434,280854,2024-12,HS6,271019
5301,"HOUSTON, TX",4050,FINLAND,DET,703481,703481,228799,2024-12,HS6,271019
5301,"HOUSTON, TX",4099,DENMARK,DET,48556341,48556341,92595099,2024-12,HS6,271019
5301,"HOUSTON, TX",4120,UNITED KINGDOM,DET,150746279,150746279,198032902,2024-12,HS6,271019
5301,"HOUSTON, TX",4210,NETHERLANDS,DET,488601960,488601960,787545556,2024-12,HS6,271019
5301,"HOUSTON, TX",4231,BELGIUM,DET,211122492,211122492,411823022,2024-12,HS6,271019
5301,"HOUSTON, TX",4279,FRANCE,DET,112580082,112580082,143380860,2024-12,HS6,271019
5301,"HOUSTON, TX",4280,GERMANY,DET,76520231,76520231,112812613,2024-12,HS6,271019
5301,"HOUSTON, TX",4351,CZECH REPUBLIC,DET,282271,282271,86722,2024-12,HS6,271019
5301,"HOUSTON, TX",4370,HUNGARY,DET,3440,3440,152,2024-12,HS6,271019
5301,"HOUSTON, TX",4419,SWITZERLAND,DET,17531575,17531575,23775206,2024-12,HS6,271019
5301,"HOUSTON, TX",4490,LATVIA,DET,482539,482539,145236,2024-12,HS6,271019
5301,"HOUSTON, TX",4510,LITHUANIA,DET,1405268,1405268,1732862,2024-12,HS6,271019
5301,"HOUSTON, TX",4550,POLAND,DET,62031195,62031195,81282165,2024-12,HS6,271019
5301,"HOUSTON, TX",4623,UKRAINE,DET,662270,662270,225491,2024-12,HS6,271019
5301,"HOUSTON, TX",4631,ARMENIA,DET,52887,52887,26072,2024-12,HS6,271019
5301,"HOUSTON, TX",4632,AZERBAIJAN,DET,49893,49893,20149,2024-12,HS6,271019
5301,"HOUSTON, TX",4634,KAZAKHSTAN,DET,2697591,2697591,982266,2024-12,HS6,271019
5301,"HOUSTON, TX",4635,KYRGYZSTAN,DET,388866,388866,52300,2024-12,HS6,271019
5301,"HOUSTON, TX",4700,SPAIN,DET,74600801,74600801,136055285,2024-12,HS6,271019
5301,"HOUSTON, TX",4720,GIBRALTAR,DET,13407295,13407295,32994596,2024-12,HS6,271019
5301,"HOUSTON, TX",4759,ITALY,DET,17972787,17972787,22725096,2024-12,HS6,271019
5301,"HOUSTON, TX",4792,SLOVENIA,DET,29928124,29928124,40009781,2024-12,HS6,271019
5301,"HOUSTON, TX",4840,GREECE,DET,691249,691249,100365,2024-12,HS6,271019
5301,"HOUSTON, TX",4850,ROMANIA,DET,691343,691343,330691,2024-12,HS6,271019
5301,"HOUSTON, TX",4890,TURKEY,DET,3496904,3496904,2999053,2024-12,HS6,271019
5301,"HOUSTON, TX",4910,CYPRUS,DET,1342350,1342350,2200000,2024-12,HS6,271019
5301,"HOUSTON, TX",4XXX,EUROPE,CGP,1344163721,1344163721,2130645306,2024-12,HS6,271019
5301,"HOUSTON, TX",5040,LEBANON,DET,387821,387821,291708,2024-12,HS6,271019
5301,"HOUSTON, TX",5050,IRAQ,DET,7265569,7265569,2598022,2024-12,HS6,271019
5301,"HOUSTON, TX",5081,ISRAEL,DET,3146670,3146670,2542562,2024-12,HS6,271019
5301,"HOUSTON, TX",5110,JORDAN,DET,1811281,1811281,724526,2024-12,HS6,271019
5301,"HOUSTON, TX",5130,KUWAIT,DET,1328465,1328465,1313083,2024-12,HS6,271019
5301,"HOUSTON, TX",5170,SAUDI ARABIA,DET,10053130,10053130,4822358,2024-12,HS6,271019
5301,"HOUSTON, TX",5180,QATAR,DET,121549,121549,30136,2024-12,HS6,271019
5301,"HOUSTON, TX",5200,UNITED ARAB EMIRATES,DET,19727407,19727407,18526681,2024-12,HS6,271019
5301,"HOUSTON, TX",5230,OMAN,DET,525034,525034,187437,2024-12,HS6,271019
5301,"HOUSTON, TX",5250,BAHRAIN,DET,179437,179437,58611,2024-12,HS6,271019
5301,"HOUSTON, TX",5330,INDIA,DET,26281131,26281131,25276624,2024-12,HS6,271019
5301,"HOUSTON, TX",5420,SRI LANKA,DET,25383,25383,4632,2024-12,HS6,271019
5301,"HOUSTON, TX",5490,THAILAND,DET,5457835,5457835,3489375,2024-12,HS6,271019
5301,"HOUSTON, TX",5520,VIETNAM,DET,3066338,3066338,1980966,2024-12,HS6,271019
5301,"HOUSTON, TX",5550,CAMBODIA,DET,70545,70545,26848,2024-12,HS6,271019
5301,"HOUSTON, TX",5570,MALAYSIA,DET,48085123,48085123,102107670,2024-12,HS6,271019
5301,"HOUSTON, TX",5590,SINGAPORE,DET,211791593,211791593,330101732,2024-12,HS6,271019
5301,"HOUSTON, TX",5600,INDONESIA,DET,1154025,1154025,590616,2024-12,HS6,271019
5301,"HOUSTON, TX",5650,PHILIPPINES,DET,372011,372011,116109,2024-12,HS6,271019
5301,"HOUSTON, TX",5700,CHINA,DET,18935597,18935597,8827746,2024-12,HS6,271019
5301,"HOUSTON, TX",5800,"KOREA, SOUTH",DET,4633933,4633933,3245531,2024-12,HS6,271019
5301,"HOUSTON, TX",5820,HONG KONG,DET,558491,558491,173177,2024-12,HS6,271019
5301,"HOUSTON, TX",5830,TAIWAN,DET,3516160,3516160,1405510,2024-12,HS6,271019
5301,"HOUSTON, TX",5880,JAPAN,DET,2055361,2055361,1075338,2024-12,HS6,271019
5301,"HOUSTON, TX",5XXX,ASIA,CGP,370549889,370549889,509516998,2024-12,HS6,271019
5301,"HOUSTON, TX",6021,AUSTRALIA,DET,4336805,4336805,2671392,2024-12,HS6,271019
5301,"HOUSTON, TX",6040,PAPUA NEW GUINEA,DET,98190,98190,59957,2024-12,HS6,271019
5301,"HOUSTON, TX",6141,NEW ZEALAND,DET,198404,198404,59045,2024-12,HS6,271019
5301,"HOUSTON, TX",6XXX,AUSTRALIA AND OCEANIA,CGP,4633399,4633399,2790394,2024-12,HS6,271019
5301,"HOUSTON, TX",7140,MOROCCO,DET,41890016,41890016,97178897,2024-12,HS6,271019
5301,"HOUSTON, TX",7210,ALGERIA,DET,11134241,11134241,16315032,2024-12,HS6,271019
5301,"HOUSTON, TX",7230,TUNISIA,DET,6492,6492,756,2024-12,HS6,271019
5301,"HOUSTON, TX",7250,LIBYA,DET,1254966,1254966,563028,2024-12,HS6,271019
5301,"HOUSTON, TX",7290,EGYPT,DET,68297093,68297093,128583125,2024-12,HS6,271019
5301,"HOUSTON, TX",7380,EQUATORIAL GUINEA,DET,814320,814320,278220,2024-12,HS6,271019
5301,"HOUSTON, TX",7410,MAURITANIA,DET,473787,473787,40659,2024-12,HS6,271019
5301,"HOUSTON, TX",7420,CAMEROON,DET,1020028,1020028,879971,2024-12,HS6,271019
5301,"HOUSTON, TX",7450,MALI,DET,2814,2814,104,2024-12,HS6,271019
5301,"HOUSTON, TX",7480,COTE D'IVOIRE,DET,1166799,1166799,967965,2024-12,HS6,271019
5301,"HOUSTON, TX",7490,GHANA,DET,1487567,1487567,496367,2024-12,HS6,271019
5301,"HOUSTON, TX",7520,TOGO,DET,30659061,30659061,41261022,2024-12,HS6,271019
5301,"HOUSTON, TX",7530,NIGERIA,DET,21591273,21591273,17251996,2024-12,HS6,271019
5301,"HOUSTON, TX",7550,GABON,DET,64145,64145,12128,2024-12,HS6,271019
5301,"HOUSTON, TX",7560,CHAD,DET,47279,47279,37710,2024-12,HS6,271019
5301,"HOUSTON, TX",7600,BURKINA FASO,DET,17851,17851,15169,2024-12,HS6,271019
5301,"HOUSTON, TX",7620,ANGOLA,DET,611493,611493,391086,2024-12,HS6,271019
5301,"HOUSTON, TX",7630,CONGO,DET,314650,314650,78817,2024-12,HS6,271019
5301,"HOUSTON, TX",7650,LIBERIA,DET,26277878,26277878,46181966,2024-12,HS6,271019
5301,"HOUSTON, TX",7660,DEMOCRATIC REPUBLIC OF THE CONGO,DET,37394,37394,3526,2024-12,HS6,271019
5301,"HOUSTON, TX",7749,ETHIOPIA,DET,119569,119569,27484,2024-12,HS6,271019
5301,"HOUSTON, TX",7910,SOUTH AFRICA,DET,1831631,1831631,793216,2024-12,HS6,271019
5301,"HOUSTON, TX",7920,NAMIBIA,DET,9818,9818,1311,2024-12,HS6,271019
5301,"HOUSTON, TX",7940,ZAMBIA,DET,301000,301000,28233,2024-12,HS6,271019
5301,"HOUSTON, TX",7XXX,AFRICA,CGP,209431165,209431165,351387788,2024-12,HS6,271019
5306,"TEXAS CITY, TX",0003,EUROPEAN UNION,CGP,281405823,281405823,386089439,2024-12,HS6,271019
5306,"TEXAS CITY, TX",0017,CAFTA-DR,CGP,573275649,573275649,767555266,2024-12,HS6,271019
5306,"TEXAS CITY, TX",0020,USMCA (NAFTA),CGP,780655037,780655037,1019469589,2024-12,HS6,271019
5306,"TEXAS CITY, TX",0021,TWENTY LATIN AMERICAN REPUBLICS,CGP,2708253702,2708253702,3707343622,2024-12,HS6,271019
5306,"TEXAS CITY, TX",0022,OECD,CGP,1467864559,1467864559,1919879550,2024-12,HS6,271019
5306,"TEXAS CITY, TX",0023,NATO,CGP,459382887,459382887,614275598,2024-12,HS6,271019
5306,"TEXAS CITY, TX",0024,LAFTA,CGP,2099193384,2099193384,2885217440,2024-12,HS6,271019
5306,"TEXAS CITY, TX",0025,EURO AREA,CGP,256602797,256602797,348650965,2024-12,HS6,271019
5306,"TEXAS CITY, TX",0026,APEC,CGP,1158240187,1158240187,1498522511,2024-12,HS6,271019
5306,"TEXAS CITY, TX",0028,CACM,CGP,504694758,504694758,674870722,2024-12,HS6,271019
5306,"TEXAS CITY, TX",1220,CANADA,DET,8671105,8671105,13564319,2024-12,HS6,271019
5306,"TEXAS CITY, TX",1XXX,NORTH AMERICA,CGP,780655037,780655037,1019469589,2024-12,HS6,271019
5306,"TEXAS CITY, TX",2010,MEXICO,DET,771983932,771983932,1005905270,2024-12,HS6,271019
5306,"TEXAS CITY, TX",2050,GUATEMALA,DET,237055553,237055553,314239740,2024-12,HS6,271019
5306,"TEXAS CITY, TX",2150,HONDURAS,DET,267639205,267639205,360630982,2024-12,HS6,271019
5306,"TEXAS CITY, TX",2250,PANAMA,DET,13938970,13938970,22318114,2024-12,HS6,271019
5306,"TEXAS CITY, TX",2360,BAHAMAS,DET,15573612,15573612,19092308,2024-12,HS6,271019
5306,"TEXAS CITY, TX",2410,JAMAICA,DET,38957722,38957722,85497658,2024-12,HS6,271019
5306,"TEXAS CITY, TX",2450,HAITI,DET,21845699,21845699,32252802,2024-12,HS6,271019
5306,"TEXAS CITY, TX",2470,DOMINICAN REPUBLIC,DET,68580891,68580891,92684544,2024-12,HS6,271019
5306,"TEXAS CITY, TX",2484,ANTIGUA AND BARBUDA,DET,5061770,5061770,9425565,2024-12,HS6,271019
5306,"TEXAS CITY, TX",2740,TRINIDAD AND TOBAGO,DET,14944227,14944227,18155930,2024-12,HS6,271019
5306,"TEXAS CITY, TX",2777,CURACAO,DET,23241792,23241792,32934451,2024-12,HS6,271019
5306,"TEXAS CITY, TX",2XXX,CENTRAL AMERICA,CGP,706839441,706839441,987232094,2024-12,HS6,271019
5306,"TEXAS CITY, TX",3010,COLOMBIA,DET,88399426,88399426,119702064,2024-12,HS6,271019
5306,"TEXAS CITY, TX",3310,ECUADOR,DET,750696239,750696239,1117285638,2024-12,HS6,271019
5306,"TEXAS CITY, TX",3330,PERU,DET,265612752,265612752,339241799,2024-12,HS6,271019
5306,"TEXAS CITY, TX",3370,CHILE,DET,111972398,111972398,139811123,2024-12,HS6,271019
5306,"TEXAS CITY, TX",3510,BRAZIL,DET,110528637,110528637,163271546,2024-12,HS6,271019
5306,"TEXAS CITY, TX",3XXX,SOUTH AMERICA,CGP,1327209452,1327209452,1879312170,2024-12,HS6,271019
5306,"TEXAS CITY, TX",4120,UNITED KINGDOM,DET,169305959,169305959,214621840,2024-12,HS6,271019
5306,"TEXAS CITY, TX",4210,NETHERLANDS,DET,223154570,223154570,307887944,2024-12,HS6,271019
5306,"TEXAS CITY, TX",4279,FRANCE,DET,33448227,33448227,40763021,2024-12,HS6,271019
5306,"TEXAS CITY, TX",4419,SWITZERLAND,DET,36125916,36125916,40185495,2024-12,HS6,271019
5306,"TEXAS CITY, TX",4550,POLAND,DET,24803026,24803026,37438474,2024-12,HS6,271019
5306,"TEXAS CITY, TX",4XXX,EUROPE,CGP,486837698,486837698,640896774,2024-12,HS6,271019
5306,"TEXAS CITY, TX",7440,SENEGAL,DET,27253824,27253824,41108340,2024-12,HS6,271019
5306,"TEXAS CITY, TX",7530,NIGERIA,DET,31763249,31763249,42043531,2024-12,HS6,271019
5306,"TEXAS CITY, TX",7XXX,AFRICA,CGP,59017073,59017073,83151871,2024-12,HS6,271019
5309,"HOUSTON INTERCONTINENTAL AIRPORT, TX",0003,EUROPEAN UNION,CGP,100456,0,0,2024-12,HS6,271019
5309,"HOUSTON INTERCONTINENTAL AIRPORT, TX",0014,PACIFIC RIM COUNTRIES,CGP,866894,0,0,2024-12,HS6,271019
5309,"HOUSTON INTERCONTINENTAL AIRPORT, TX",0017,CAFTA-DR,CGP,69250,0,0,2024-12,HS6,271019
5309,"HOUSTON INTERCONTINENTAL AIRPORT, TX",0021,TWENTY LATIN AMERICAN REPUBLICS,CGP,518494,0,0,2024-12,HS6,271019
5309,"HOUSTON INTERCONTINENTAL AIRPORT, TX",0022,OECD,CGP,878851,0,0,2024-12,HS6,271019
5309,"HOUSTON INTERCONTINENTAL AIRPORT, TX",0023,NATO,CGP,192891,0,0,2024-12,HS6,271019
5309,"HOUSTON INTERCONTINENTAL AIRPORT, TX",0024,LAFTA,CGP,415138,0,0,2024-12,HS6,271019
5309,"HOUSTON INTERCONTINENTAL AIRPORT, TX",0025,EURO AREA,CGP,100456,0,0,2024-12,HS6,271019
5309,"HOUSTON INTERCONTINENTAL AIRPORT, TX",0026,APEC,CGP,925986,0,0,2024-12,HS6,271019
5309,"HOUSTON INTERCONTINENTAL AIRPORT, TX",0027,ASEAN,CGP,215567,0,0,2024-12,HS6,271019
5309,"HOUSTON INTERCONTINENTAL AIRPORT, TX",0028,CACM,CGP,69250,0,0,2024-12,HS6,271019
5309,"HOUSTON INTERCONTINENTAL AIRPORT, TX",2150,HONDURAS,DET,28921,0,0,2024-12,HS6,271019
5309,"HOUSTON INTERCONTINENTAL AIRPORT, TX",2230,COSTA RICA,DET,40329,0,0,2024-12,HS6,271019
5309,"HOUSTON INTERCONTINENTAL AIRPORT, TX",2250,PANAMA,DET,34106,0,0,2024-12,HS6,271019
5309,"HOUSTON INTERCONTINENTAL AIRPORT, TX",2740,TRINIDAD AND TOBAGO,DET,21407,0,0,2024-12,HS6,271019
5309,"HOUSTON INTERCONTINENTAL AIRPORT, TX",2777,CURACAO,DET,5678,0,0,2024-12,HS6,271019
5309,"HOUSTON INTERCONTINENTAL AIRPORT, TX",2XXX,CENTRAL AMERICA,CGP,130441,0,0,2024-12,HS6,271019
5309,"HOUSTON INTERCONTINENTAL AIRPORT, TX",3010,COLOMBIA,DET,24052,0,0,2024-12,HS6,271019
5309,"HOUSTON INTERCONTINENTAL AIRPORT, TX",3120,GUYANA,DET,31228,0,0,2024-12,HS6,271019
5309,"HOUSTON INTERCONTINENTAL AIRPORT, TX",3310,ECUADOR,DET,3000,0,0,2024-12,HS6,271019
5309,"HOUSTON INTERCONTINENTAL AIRPORT, TX",3330,PERU,DET,45128,0,0,2024-12,HS6,271019
5309,"HOUSTON INTERCONTINENTAL AIRPORT, TX",3510,BRAZIL,DET,272307,0,0,2024-12,HS6,271019
5309,"HOUSTON INTERCONTINENTAL AIRPORT, TX",3570,ARGENTINA,DET,70651,0,0,2024-12,HS6,271019
5309,"HOUSTON INTERCONTINENTAL AIRPORT, TX",3XXX,SOUTH AMERICA,CGP,446366,0,0,2024-12,HS6,271019
5309,"HOUSTON INTERCONTINENTAL AIRPORT, TX",4039,NORWAY,DET,37180,0,0,2024-12,HS6,271019
5309,"HOUSTON INTERCONTINENTAL AIRPORT, TX",4120,UNITED KINGDOM,DET,49812,0,0,2024-12,HS6,271019
5309,"HOUSTON INTERCONTINENTAL AIRPORT, TX",4210,NETHERLANDS,DET,58154,0,0,2024-12,HS6,271019
5309,"HOUSTON INTERCONTINENTAL AIRPORT, TX",4279,FRANCE,DET,7352,0,0,2024-12,HS6,271019
5309,"HOUSTON INTERCONTINENTAL AIRPORT, TX",4280,GERMANY,DET,5804,0,0,2024-12,HS6,271019
5309,"HOUSTON INTERCONTINENTAL AIRPORT, TX",4419,SWITZERLAND,DET,4950,0,0,2024-12,HS6,271019
5309,"HOUSTON INTERCONTINENTAL AIRPORT, TX",4632,AZERBAIJAN,DET,16725,0,0,2024-12,HS6,271019
5309,"HOUSTON INTERCONTINENTAL AIRPORT, TX",4634,KAZAKHSTAN,DET,66531,0,0,2024-12,HS6,271019
5309,"HOUSTON INTERCONTINENTAL AIRPORT, TX",4700,SPAIN,DET,5468,0,0,2024-12,HS6,271019
5309,"HOUSTON INTERCONTINENTAL AIRPORT, TX",4759,ITALY,DET,13971,0,0,2024-12,HS6,271019
5309,"HOUSTON INTERCONTINENTAL AIRPORT, TX",4840,GREECE,DET,9707,0,0,2024-12,HS6,271019
5309,"HOUSTON INTERCONTINENTAL AIRPORT, TX",4890,TURKEY,DET,5443,0,0,2024-12,HS6,271019
5309,"HOUSTON INTERCONTINENTAL AIRPORT, TX",4XXX,EUROPE,CGP,281097,0,0,2024-12,HS6,271019
5309,"HOUSTON INTERCONTINENTAL AIRPORT, TX",5081,ISRAEL,DET,7154,0,0,2024-12,HS6,271019
5309,"HOUSTON INTERCONTINENTAL AIRPORT, TX",5110,JORDAN,DET,2504,0,0,2024-12,HS6,271019
5309,"HOUSTON INTERCONTINENTAL AIRPORT, TX",5130,KUWAIT,DET,48690,0,0,2024-12,HS6,271019
5309,"HOUSTON INTERCONTINENTAL AIRPORT, TX",5170,SAUDI ARABIA,DET,552001,0,0,2024-12,HS6,271019
5309,"HOUSTON INTERCONTINENTAL AIRPORT, TX",5180,QATAR,DET,22498,0,0,2024-12,HS6,271019
5309,"HOUSTON INTERCONTINENTAL AIRPORT, TX",5200,UNITED ARAB EMIRATES,DET,737530,0,0,2024-12,HS6,271019
5309,"HOUSTON INTERCONTINENTAL AIRPORT, TX",5230,OMAN,DET,51059,0,0,2024-12,HS6,271019
5309,"HOUSTON INTERCONTINENTAL AIRPORT, TX",5330,INDIA,DET,128258,0,0,2024-12,HS6,271019
5309,"HOUSTON INTERCONTINENTAL AIRPORT, TX",5350,PAKISTAN,DET,5250,0,0,2024-12,HS6,271019
5309,"HOUSTON INTERCONTINENTAL AIRPORT, TX",5490,THAILAND,DET,10014,0,0,2024-12,HS6,271019
5309,"HOUSTON INTERCONTINENTAL AIRPORT, TX",5520,VIETNAM,DET,3950,0,0,2024-12,HS6,271019
5309,"HOUSTON INTERCONTINENTAL AIRPORT, TX",5570,MALAYSIA,DET,37204,0,0,2024-12,HS6,271019
5309,"HOUSTON INTERCONTINENTAL AIRPORT, TX",5590,SINGAPORE,DET,139803,0,0,2024-12,HS6,271019
5309,"HOUSTON INTERCONTINENTAL AIRPORT, TX",5600,INDONESIA,DET,24596,0,0,2024-12,HS6,271019
5309,"HOUSTON INTERCONTINENTAL AIRPORT, TX",5683,MALDIVES,DET,2999,0,0,2024-12,HS6,271019
5309,"HOUSTON INTERCONTINENTAL AIRPORT, TX",5700,CHINA,DET,40653,0,0,2024-12,HS6,271019
5309,"HOUSTON INTERCONTINENTAL AIRPORT, TX",5740,MONGOLIA,DET,60587,0,0,2024-12,HS6,271019
5309,"HOUSTON INTERCONTINENTAL AIRPORT, TX",5800,"KOREA, SOUTH",DET,14579,0,0,2024-12,HS6,271019
5309,"HOUSTON INTERCONTINENTAL AIRPORT, TX",5820,HONG KONG,DET,15163,0,0,2024-12,HS6,271019
5309,"HOUSTON INTERCONTINENTAL AIRPORT, TX",5880,JAPAN,DET,5292,0,0,2024-12,HS6,271019
5309,"HOUSTON INTERCONTINENTAL AIRPORT, TX",5XXX,ASIA,CGP,1909784,0,0,2024-12,HS6,271019
5309,"HOUSTON INTERCONTINENTAL AIRPORT, TX",6021,AUSTRALIA,DET,491719,0,0,2024-12,HS6,271019
5309,"HOUSTON INTERCONTINENTAL AIRPORT, TX",6141,NEW ZEALAND,DET,97885,0,0,2024-12,HS6,271019
5309,"HOUSTON INTERCONTINENTAL AIRPORT, TX",6XXX,AUSTRALIA AND OCEANIA,CGP,589604,0,0,2024-12,HS6,271019
5309,"HOUSTON INTERCONTINENTAL AIRPORT, TX",7210,ALGERIA,DET,4020,0,0,2024-12,HS6,271019
5309,"HOUSTON INTERCONTINENTAL AIRPORT, TX",7230,TUNISIA,DET,4464,0,0,2024-12,HS6,271019
5309,"HOUSTON INTERCONTINENTAL AIRPORT, TX",7290,EGYPT,DET,77425,0,0,2024-12,HS6,271019
5309,"HOUSTON INTERCONTINENTAL AIRPORT, TX",7380,EQUATORIAL GUINEA,DET,29333,0,0,2024-12,HS6,271019
5309,"HOUSTON INTERCONTINENTAL AIRPORT, TX",7440,SENEGAL,DET,10749,0,0,2024-12,HS6,271019
5309,"HOUSTON INTERCONTINENTAL AIRPORT, TX",7480,COTE D'IVOIRE,DET,9540,0,0,2024-12,HS6,271019
5309,"HOUSTON INTERCONTINENTAL AIRPORT, TX",7490,GHANA,DET,11602,0,0,2024-12,HS6,271019
5309,"HOUSTON INTERCONTINENTAL AIRPORT, TX",7530,NIGERIA,DET,189096,0,0,2024-12,HS6,271019
5309,"HOUSTON INTERCONTINENTAL AIRPORT, TX",7550,GABON,DET,24991,0,0,2024-12,HS6,271019
5309,"HOUSTON INTERCONTINENTAL AIRPORT, TX",7560,CHAD,DET,5303,0,0,2024-12,HS6,271019
5309,"HOUSTON INTERCONTINENTAL AIRPORT, TX",7620,ANGOLA,DET,46992,0,0,2024-12,HS6,271019
5309,"HOUSTON INTERCONTINENTAL AIRPORT, TX",7630,CONGO,DET,8663,0,0,2024-12,HS6,271019
5309,"HOUSTON INTERCONTINENTAL AIRPORT, TX",7770,DJIBOUTI,DET,2640,0,0,2024-12,HS6,271019
5309,"HOUSTON INTERCONTINENTAL AIRPORT, TX",7790,KENYA,DET,3700,0,0,2024-12,HS6,271019
5309,"HOUSTON INTERCONTINENTAL AIRPORT, TX",7904,REUNION,DET,12997,0,0,2024-12,HS6,271019
5309,"HOUSTON INTERCONTINENTAL AIRPORT, TX",7910,SOUTH AFRICA,DET,11158,0,0,2024-12,HS6,271019
5309,"HOUSTON INTERCONTINENTAL AIRPORT, TX",7920,NAMIBIA,DET,10130,0,0,2024-12,HS6,271019
5309,"HOUSTON INTERCONTINENTAL AIRPORT, TX",7XXX,AFRICA,CGP,462803,0,0,2024-12,HS6,271019
5310,"GALVESTON, TX",0003,EUROPEAN UNION,CGP,3377915,3377915,7230265,2024-12,HS6,271019
5310,"GALVESTON, TX",0017,CAFTA-DR,CGP,5290000,5290000,11781442,2024-12,HS6,271019
5310,"GALVESTON, TX",0020,USMCA (NAFTA),CGP,52678654,52678654,82848020,2024-12,HS6,271019
5310,"GALVESTON, TX",0021,TWENTY LATIN AMERICAN REPUBLICS,CGP,135520295,135520295,222736757,2024-12,HS6,271019
5310,"GALVESTON, TX",0022,OECD,CGP,56056569,56056569,90078285,2024-12,HS6,271019
5310,"GALVESTON, TX",0023,NATO,CGP,20801873,20801873,37473147,2024-12,HS6,271019
5310,"GALVESTON, TX",0024,LAFTA,CGP,35254696,35254696,52605138,2024-12,HS6,271019
5310,"GALVESTON, TX",0025,EURO AREA,CGP,3377915,3377915,7230265,2024-12,HS6,271019
5310,"GALVESTON, TX",0026,APEC,CGP,52678654,52678654,82848020,2024-12,HS6,271019
5310,"GALVESTON, TX",1220,CANADA,DET,17423958,17423958,30242882,2024-12,HS6,271019
5310,"GALVESTON, TX",1XXX,NORTH AMERICA,CGP,52678654,52678654,82848020,2024-12,HS6,271019
5310,"GALVESTON, TX",2010,MEXICO,DET,35254696,35254696,52605138,2024-12,HS6,271019
5310,"GALVESTON, TX",2250,PANAMA,DET,94975599,94975599,158350177,2024-12,HS6,271019
5310,"GALVESTON, TX",2360,BAHAMAS,DET,32974134,32974134,40229084,2024-12,HS6,271019
5310,"GALVESTON, TX",2470,DOMINICAN REPUBLIC,DET,5290000,5290000,11781442,2024-12,HS6,271019
5310,"GALVESTON, TX",2XXX,CENTRAL AMERICA,CGP,133239733,133239733,210360703,2024-12,HS6,271019
5310,"GALVESTON, TX",4710,PORTUGAL,DET,3377915,3377915,7230265,2024-12,HS6,271019
5310,"GALVESTON, TX",4720,GIBRALTAR,DET,61281944,61281944,93381229,2024-12,HS6,271019
5310,"GALVESTON, TX",4XXX,EUROPE,CGP,64659859,64659859,100611494,2024-12,HS6,271019
5310,"GALVESTON, TX",5330,INDIA,DET,936000,936000,1200000,2024-12,HS6,271019
5310,"GALVESTON, TX",5XXX,ASIA,CGP,936000,936000,1200000,2024-12,HS6,271019
5310,"GALVESTON, TX",7650,LIBERIA,DET,7547810,7547810,10969180,2024-12,HS6,271019
5310,"GALVESTON, TX",7910,SOUTH AFRICA,DET,7062080,7062080,15522872,2024-12,HS6,271019
5310,"GALVESTON, TX",7XXX,AFRICA,CGP,14609890,14609890,26492052,2024-12,HS6,271019
5311,"FREEPORT, TX",0017,CAFTA-DR,CGP,9348801,9348801,3112834,2024-12,HS6,271019
5311,"FREEPORT, TX",0021,TWENTY LATIN AMERICAN REPUBLICS,CGP,9348801,9348801,3112834,2024-12,HS6,271019
5311,"FREEPORT, TX",0022,OECD,CGP,3794020,3794020,1120592,2024-12,HS6,271019
5311,"FREEPORT, TX",0028,CACM,CGP,9348801,9348801,3112834,2024-12,HS6,271019
5311,"FREEPORT, TX",2050,GUATEMALA,DET,2247496,2247496,795580,2024-12,HS6,271019
5311,"FREEPORT, TX",2110,EL SALVADOR,DET,298948,298948,116157,2024-12,HS6,271019
5311,"FREEPORT, TX",2150,HONDURAS,DET,2336549,2336549,816917,2024-12,HS6,271019
5311,"FREEPORT, TX",2190,NICARAGUA,DET,671788,671788,263588,2024-12,HS6,271019
5311,"FREEPORT, TX",2230,COSTA RICA,DET,3794020,3794020,1120592,2024-12,HS6,271019
5311,"FREEPORT, TX",2XXX,CENTRAL AMERICA,CGP,9348801,9348801,3112834,2024-12,HS6,271019
5312,"CORPUS CHRISTI, TX",0003,EUROPEAN UNION,CGP,207787940,207787940,276069236,2024-12,HS6,271019
5312,"CORPUS CHRISTI, TX",0014,PACIFIC RIM COUNTRIES,CGP,226815152,226815152,334690150,2024-12,HS6,271019
5312,"CORPUS CHRISTI, TX",0017,CAFTA-DR,CGP,413873092,413873092,568968074,2024-12,HS6,271019
5312,"CORPUS CHRISTI, TX",0020,USMCA (NAFTA),CGP,1153027675,1153027675,1699148047,2024-12,HS6,271019
5312,"CORPUS CHRISTI, TX",0021,TWENTY LATIN AMERICAN REPUBLICS,CGP,1458266275,1458266275,1991253931,2024-12,HS6,271019
5312,"CORPUS CHRISTI, TX",0022,OECD,CGP,2440914534,2440914534,3416442036,2024-12,HS6,271019
5312,"CORPUS CHRISTI, TX",0023,NATO,CGP,1106836982,1106836982,1638814228,2024-12,HS6,271019
5312,"CORPUS CHRISTI, TX",0024,LAFTA,CGP,1038239214,1038239214,1415211839,2024-12,HS6,271019
5312,"CORPUS CHRISTI, TX",0025,EURO AREA,CGP,182989908,182989908,238318027,2024-12,HS6,271019
5312,"CORPUS CHRISTI, TX",0026,APEC,CGP,1622363886,1622363886,2359526132,2024-12,HS6,271019
5312,"CORPUS CHRISTI, TX",0028,CACM,CGP,365989975,365989975,507063560,2024-12,HS6,271019
5312,"CORPUS CHRISTI, TX",1220,CANADA,DET,620781091,620781091,983192339,2024-12,HS6,271019
5312,"CORPUS CHRISTI, TX",1XXX,NORTH AMERICA,CGP,1153027675,1153027675,1699148047,2024-12,HS6,271019
5312,"CORPUS CHRISTI, TX",2010,MEXICO,DET,532246584,532246584,715955708,2024-12,HS6,271019
5312,"CORPUS CHRISTI, TX",2050,GUATEMALA,DET,85399838,85399838,119711333,2024-12,HS6,271019
5312,"CORPUS CHRISTI, TX",2080,BELIZE,DET,77764553,77764553,101333644,2024-12,HS6,271019
5312,"CORPUS CHRISTI, TX",2110,EL SALVADOR,DET,49917782,49917782,69838576,2024-12,HS6,271019
5312,"CORPUS CHRISTI, TX",2150,HONDURAS,DET,70906819,70906819,99802266,2024-12,HS6,271019
5312,"CORPUS CHRISTI, TX",2190,NICARAGUA,DET,159765536,159765536,217711385,2024-12,HS6,271019
5312,"CORPUS CHRISTI, TX",2250,PANAMA,DET,6153969,6153969,7074018,2024-12,HS6,271019
5312,"CORPUS CHRISTI, TX",2360,BAHAMAS,DET,5721435,5721435,6427474,2024-12,HS6,271019
5312,"CORPUS CHRISTI, TX",2410,JAMAICA,DET,33392653,33392653,47034585,2024-12,HS6,271019
5312,"CORPUS CHRISTI, TX",2470,DOMINICAN REPUBLIC,DET,47883117,47883117,61904514,2024-12,HS6,271019
5312,"CORPUS CHRISTI, TX",2740,TRINIDAD AND TOBAGO,DET,164222305,164222305,219296289,2024-12,HS6,271019
5312,"CORPUS CHRISTI, TX",2777,CURACAO,DET,70019490,70019490,87330210,2024-12,HS6,271019
5312,"CORPUS CHRISTI, TX",2XXX,CENTRAL AMERICA,CGP,771147497,771147497,1037464294,2024-12,HS6,271019
5312,"CORPUS CHRISTI, TX",3010,COLOMBIA,DET,126642828,126642828,179650220,2024-12,HS6,271019
5312,"CORPUS CHRISTI, TX",3310,ECUADOR,DET,50858466,50858466,75978226,2024-12,HS6,271019
5312,"CORPUS CHRISTI, TX",3330,PERU,DET,23435643,23435643,32649609,2024-12,HS6,271019
5312,"CORPUS CHRISTI, TX",3370,CHILE,DET,219085416,219085416,293038326,2024-12,HS6,271019
5312,"CORPUS CHRISTI, TX",3510,BRAZIL,DET,39087261,39087261,53375993,2024-12,HS6,271019
5312,"CORPUS CHRISTI, TX",3570,ARGENTINA,DET,46883016,46883016,64563757,2024-12,HS6,271019
5312,"CORPUS CHRISTI, TX",3XXX,SOUTH AMERICA,CGP,505992630,505992630,699256131,2024-12,HS6,271019
5312,"CORPUS CHRISTI, TX",4120,UNITED KINGDOM,DET,278220295,278220295,379545689,2024-12,HS6,271019
5312,"CORPUS CHRISTI, TX",4210,NETHERLANDS,DET,34639811,34639811,47527594,2024-12,HS6,271019
5312,"CORPUS CHRISTI, TX",4231,BELGIUM,DET,40087771,40087771,44900992,2024-12,HS6,271019
5312,"CORPUS CHRISTI, TX",4279,FRANCE,DET,58546573,58546573,77811411,2024-12,HS6,271019
5312,"CORPUS CHRISTI, TX",4280,GERMANY,DET,49715753,49715753,68078030,2024-12,HS6,271019
5312,"CORPUS CHRISTI, TX",4550,POLAND,DET,24798032,24798032,37751209,2024-12,HS6,271019
5312,"CORPUS CHRISTI, TX",4634,KAZAKHSTAN,DET,17608,17608,3680,2024-12,HS6,271019
5312,"CORPUS CHRISTI, TX",4890,TURKEY,DET,47656,47656,6964,2024-12,HS6,271019
5312,"CORPUS CHRISTI, TX",4XXX,EUROPE,CGP,486073499,486073499,655625569,2024-12,HS6,271019
5312,"CORPUS CHRISTI, TX",5081,ISRAEL,DET,229287572,229287572,254293404,2024-12,HS6,271019
5312,"CORPUS CHRISTI, TX",5800,"KOREA, SOUTH",DET,226815152,226815152,334690150,2024-12,HS6,271019
5312,"CORPUS CHRISTI, TX",5XXX,ASIA,CGP,456102724,456102724,588983554,2024-12,HS6,271019
5401,"WASHINGTON, DC",0003,EUROPEAN UNION,CGP,297977,0,0,2024-12,HS6,271019
5401,"WASHINGTON, DC",0014,PACIFIC RIM COUNTRIES,CGP,38604,0,0,2024-12,HS6,271019
5401,"WASHINGTON, DC",0021,TWENTY LATIN AMERICAN REPUBLICS,CGP,18176,0,0,2024-12,HS6,271019
5401,"WASHINGTON, DC",0022,OECD,CGP,326505,0,0,2024-12,HS6,271019
5401,"WASHINGTON, DC",0023,NATO,CGP,300767,0,0,2024-12,HS6,271019
5401,"WASHINGTON, DC",0024,LAFTA,CGP,18176,0,0,2024-12,HS6,271019
5401,"WASHINGTON, DC",0025,EURO AREA,CGP,61681,0,0,2024-12,HS6,271019
5401,"WASHINGTON, DC",0026,APEC,CGP,38604,0,0,2024-12,HS6,271019
5401,"WASHINGTON, DC",0027,ASEAN,CGP,38604,0,0,2024-12,HS6,271019
5401,"WASHINGTON, DC",3510,BRAZIL,DET,18176,0,0,2024-12,HS6,271019
5401,"WASHINGTON, DC",3XXX,SOUTH AMERICA,CGP,18176,0,0,2024-12,HS6,271019
5401,"WASHINGTON, DC",4010,SWEDEN,DET,225208,0,0,2024-12,HS6,271019
5401,"WASHINGTON, DC",4099,DENMARK,DET,11088,0,0,2024-12,HS6,271019
5401,"WASHINGTON, DC",4120,UNITED KINGDOM,DET,2790,0,0,2024-12,HS6,271019
5401,"WASHINGTON, DC",4210,NETHERLANDS,DET,19276,0,0,2024-12,HS6,271019
5401,"WASHINGTON, DC",4279,FRANCE,DET,5592,0,0,2024-12,HS6,271019
5401,"WASHINGTON, DC",4280,GERMANY,DET,14858,0,0,2024-12,HS6,271019
5401,"WASHINGTON, DC",4419,SWITZERLAND,DET,25738,0,0,2024-12,HS6,271019
5401,"WASHINGTON, DC",4759,ITALY,DET,4870,0,0,2024-12,HS6,271019
5401,"WASHINGTON, DC",4792,SLOVENIA,DET,17085,0,0,2024-12,HS6,271019
5401,"WASHINGTON, DC",4XXX,EUROPE,CGP,326505,0,0,2024-12,HS6,271019
5401,"WASHINGTON, DC",5050,IRAQ,DET,18828,0,0,2024-12,HS6,271019
5401,"WASHINGTON, DC",5110,JORDAN,DET,18544,0,0,2024-12,HS6,271019
5401,"WASHINGTON, DC",5170,SAUDI ARABIA,DET,208027,0,0,2024-12,HS6,271019
5401,"WASHINGTON, DC",5200,UNITED ARAB EMIRATES,DET,11595,0,0,2024-12,HS6,271019
5401,"WASHINGTON, DC",5330,INDIA,DET,6014,0,0,2024-12,HS6,271019
5401,"WASHINGTON, DC",5570,MALAYSIA,DET,29684,0,0,2024-12,HS6,271019
5401,"WASHINGTON, DC",5590,SINGAPORE,DET,8920,0,0,2024-12,HS6,271019
5401,"WASHINGTON, DC",5XXX,ASIA,CGP,301612,0,0,2024-12,HS6,271019
5401,"WASHINGTON, DC",7410,MAURITANIA,DET,5629,0,0,2024-12,HS6,271019
5401,"WASHINGTON, DC",7450,MALI,DET,35871,0,0,2024-12,HS6,271019
5401,"WASHINGTON, DC",7470,SIERRA LEONE,DET,9816,0,0,2024-12,HS6,271019
5401,"WASHINGTON, DC",7490,GHANA,DET,7149,0,0,2024-12,HS6,271019
5401,"WASHINGTON, DC",7620,ANGOLA,DET,17200,0,0,2024-12,HS6,271019
5401,"WASHINGTON, DC",7700,SOMALIA,DET,15116,0,0,2024-12,HS6,271019
5401,"WASHINGTON, DC",7749,ETHIOPIA,DET,470593,0,0,2024-12,HS6,271019
5401,"WASHINGTON, DC",7910,SOUTH AFRICA,DET,6763,0,0,2024-12,HS6,271019
5401,"WASHINGTON, DC",7XXX,AFRICA,CGP,568137,0,0,2024-12,HS6,271019
5501,"DALLAS-FORT WORTH, TX",0003,EUROPEAN UNION,CGP,323837,0,0,2024-12,HS6,271019
5501,"DALLAS-FORT WORTH, TX",0014,PACIFIC RIM COUNTRIES,CGP,1073562,0,0,2024-12,HS6,271019
5501,"DALLAS-FORT WORTH, TX",0021,TWENTY LATIN AMERICAN REPUBLICS,CGP,76546,0,0,2024-12,HS6,271019
5501,"DALLAS-FORT WORTH, TX",0022,OECD,CGP,986445,0,0,2024-12,HS6,271019
5501,"DALLAS-FORT WORTH, TX",0023,NATO,CGP,350148,0,0,2024-12,HS6,271019
5501,"DALLAS-FORT WORTH, TX",0024,LAFTA,CGP,76546,0,0,2024-12,HS6,271019
5501,"DALLAS-FORT WORTH, TX",0025,EURO AREA,CGP,283857,0,0,2024-12,HS6,271019
5501,"DALLAS-FORT WORTH, TX",0026,APEC,CGP,1183726,0,0,2024-12,HS6,271019
5501,"DALLAS-FORT WORTH, TX",0027,ASEAN,CGP,403057,0,0,2024-12,HS6,271019
5501,"DALLAS-FORT WORTH, TX",3330,PERU,DET,5254,0,0,2024-12,HS6,271019
5501,"DALLAS-FORT WORTH, TX",3370,CHILE,DET,5479,0,0,2024-12,HS6,271019
5501,"DALLAS-FORT WORTH, TX",3510,BRAZIL,DET,62147,0,0,2024-12,HS6,271019
5501,"DALLAS-FORT WORTH, TX",3570,ARGENTINA,DET,3666,0,0,2024-12,HS6,271019
5501,"DALLAS-FORT WORTH, TX",3XXX,SOUTH AMERICA,CGP,76546,0,0,2024-12,HS6,271019
5501,"DALLAS-FORT WORTH, TX",4010,SWEDEN,DET,26859,0,0,2024-12,HS6,271019
5501,"DALLAS-FORT WORTH, TX",4099,DENMARK,DET,13121,0,0,2024-12,HS6,271019
5501,"DALLAS-FORT WORTH, TX",4120,UNITED KINGDOM,DET,22611,0,0,2024-12,HS6,271019
5501,"DALLAS-FORT WORTH, TX",4210,NETHERLANDS,DET,171399,0,0,2024-12,HS6,271019
5501,"DALLAS-FORT WORTH, TX",4279,FRANCE,DET,25881,0,0,2024-12,HS6,271019
5501,"DALLAS-FORT WORTH, TX",4280,GERMANY,DET,57446,0,0,2024-12,HS6,271019
5501,"DALLAS-FORT WORTH, TX",4623,UKRAINE,DET,12956,0,0,2024-12,HS6,271019
5501,"DALLAS-FORT WORTH, TX",4634,KAZAKHSTAN,DET,2828,0,0,2024-12,HS6,271019
5501,"DALLAS-FORT WORTH, TX",4700,SPAIN,DET,9014,0,0,2024-12,HS6,271019
5501,"DALLAS-FORT WORTH, TX",4759,ITALY,DET,11018,0,0,2024-12,HS6,271019
5501,"DALLAS-FORT WORTH, TX",4840,GREECE,DET,9099,0,0,2024-12,HS6,271019
5501,"DALLAS-FORT WORTH, TX",4890,TURKEY,DET,3700,0,0,2024-12,HS6,271019
5501,"DALLAS-FORT WORTH, TX",4XXX,EUROPE,CGP,365932,0,0,2024-12,HS6,271019
5501,"DALLAS-FORT WORTH, TX",5050,IRAQ,DET,4284,0,0,2024-12,HS6,271019
5501,"DALLAS-FORT WORTH, TX",5081,ISRAEL,DET,93474,0,0,2024-12,HS6,271019
5501,"DALLAS-FORT WORTH, TX",5110,JORDAN,DET,70788,0,0,2024-12,HS6,271019
5501,"DALLAS-FORT WORTH, TX",5170,SAUDI ARABIA,DET,91133,0,0,2024-12,HS6,271019
5501,"DALLAS-FORT WORTH, TX",5180,QATAR,DET,50270,0,0,2024-12,HS6,271019
5501,"DALLAS-FORT WORTH, TX",5200,UNITED ARAB EMIRATES,DET,113809,0,0,2024-12,HS6,271019
5501,"DALLAS-FORT WORTH, TX",5230,OMAN,DET,4000,0,0,2024-12,HS6,271019
5501,"DALLAS-FORT WORTH, TX",5250,BAHRAIN,DET,8997,0,0,2024-12,HS6,271019
5501,"DALLAS-FORT WORTH, TX",5330,INDIA,DET,103076,0,0,2024-12,HS6,271019
5501,"DALLAS-FORT WORTH, TX",5380,BANGLADESH,DET,8719,0,0,2024-12,HS6,271019
5501,"DALLAS-FORT WORTH, TX",5490,THAILAND,DET,52887,0,0,2024-12,HS6,271019
5501,"DALLAS-FORT WORTH, TX",5520,VIETNAM,DET,46544,0,0,2024-12,HS6,271019
5501,"DALLAS-FORT WORTH, TX",5570,MALAYSIA,DET,56538,0,0,2024-12,HS6,271019
5501,"DALLAS-FORT WORTH, TX",5590,SINGAPORE,DET,113277,0,0,2024-12,HS6,271019
5501,"DALLAS-FORT WORTH, TX",5600,INDONESIA,DET,12719,0,0,2024-12,HS6,271019
5501,"DALLAS-FORT WORTH, TX",5650,PHILIPPINES,DET,121092,0,0,2024-12,HS6,271019
5501,"DALLAS-FORT WORTH, TX",5700,CHINA,DET,63109,0,0,2024-12,HS6,271019
5501,"DALLAS-FORT WORTH, TX",5740,MONGOLIA,DET,3041,0,0,2024-12,HS6,271019
5501,"DALLAS-FORT WORTH, TX",5800,"KOREA, SOUTH",DET,39628,0,0,2024-12,HS6,271019
5501,"DALLAS-FORT WORTH, TX",5820,HONG KONG,DET,111514,0,0,2024-12,HS6,271019
5501,"DALLAS-FORT WORTH, TX",5830,TAIWAN,DET,57969,0,0,2024-12,HS6,271019
5501,"DALLAS-FORT WORTH, TX",5880,JAPAN,DET,31526,0,0,2024-12,HS6,271019
5501,"DALLAS-FORT WORTH, TX",5XXX,ASIA,CGP,1258394,0,0,2024-12,HS6,271019
5501,"DALLAS-FORT WORTH, TX",6021,AUSTRALIA,DET,462965,0,0,2024-12,HS6,271019
5501,"DALLAS-FORT WORTH, TX",6141,NEW ZEALAND,DET,3225,0,0,2024-12,HS6,271019
5501,"DALLAS-FORT WORTH, TX",6XXX,AUSTRALIA AND OCEANIA,CGP,466190,0,0,2024-12,HS6,271019
5501,"DALLAS-FORT WORTH, TX",7140,MOROCCO,DET,4520,0,0,2024-12,HS6,271019
5501,"DALLAS-FORT WORTH, TX",7210,ALGERIA,DET,8445,0,0,2024-12,HS6,271019
5501,"DALLAS-FORT WORTH, TX",7290,EGYPT,DET,22044,0,0,2024-12,HS6,271019
5501,"DALLAS-FORT WORTH, TX",7450,MALI,DET,7170,0,0,2024-12,HS6,271019
5501,"DALLAS-FORT WORTH, TX",7490,GHANA,DET,18040,0,0,2024-12,HS6,271019
5501,"DALLAS-FORT WORTH, TX",7530,NIGERIA,DET,3877,0,0,2024-12,HS6,271019
5501,"DALLAS-FORT WORTH, TX",7910,SOUTH AFRICA,DET,58196,0,0,2024-12,HS6,271019
5501,"DALLAS-FORT WORTH, TX",7XXX,AFRICA,CGP,122292,0,0,2024-12,HS6,271019
5506,"AUSTIN, TX",7490,GHANA,DET,2901,0,0,2024-12,HS6,271019
5506,"AUSTIN, TX",7XXX,AFRICA,CGP,2901,0,0,2024-12,HS6,271019
5507,"SAN ANTONIO, TX",0020,USMCA (NAFTA),CGP,33873,0,0,2024-12,HS6,271019
5507,"SAN ANTONIO, TX",0021,TWENTY LATIN AMERICAN REPUBLICS,CGP,33873,0,0,2024-12,HS6,271019
5507,"SAN ANTONIO, TX",0022,OECD,CGP,33873,0,0,2024-12,HS6,271019
5507,"SAN ANTONIO, TX",0024,LAFTA,CGP,33873,0,0,2024-12,HS6,271019
5507,"SAN ANTONIO, TX",0026,APEC,CGP,33873,0,0,2024-12,HS6,271019
5507,"SAN ANTONIO, TX",1XXX,NORTH AMERICA,CGP,33873,0,0,2024-12,HS6,271019
5507,"SAN ANTONIO, TX",2010,MEXICO,DET,33873,0,0,2024-12,HS6,271019
7000,LOW VALUE,0020,USMCA (NAFTA),CGP,58807617,0,0,2024-12,HS6,271019
7000,LOW VALUE,0022,OECD,CGP,58807617,0,0,2024-12,HS6,271019
7000,LOW VALUE,0023,NATO,CGP,58807617,0,0,2024-12,HS6,271019
7000,LOW VALUE,0026,APEC,CGP,58807617,0,0,2024-12,HS6,271019
7000,LOW VALUE,1220,CANADA,DET,58807617,0,0,2024-12,HS6,271019
7000,LOW VALUE,1XXX,NORTH AMERICA,CGP,58807617,0,0,2024-12,HS6,271019
0101,"PORTLAND, ME",-,TOTAL FOR ALL COUNTRIES,DET,205172,205172,35119,2024-12,HS6,271019
0105,"VANCEBORO, ME",-,TOTAL FOR ALL COUNTRIES,DET,5702388,0,0,2024-12,HS6,271019
0106,"HOULTON, ME",-,TOTAL FOR ALL COUNTRIES,DET,16962749,0,0,2024-12,HS6,271019
0108,"VAN BUREN, ME",-,TOTAL FOR ALL COUNTRIES,DET,221014,0,0,2024-12,HS6,271019
0109,"MADAWASKA, ME",-,TOTAL FOR ALL COUNTRIES,DET,70568,0,0,2024-12,HS6,271019
0115,"CALAIS, ME",-,TOTAL FOR ALL COUNTRIES,DET,5261248,0,0,2024-12,HS6,271019
0127,"BRIDGEWATER, ME",-,TOTAL FOR ALL COUNTRIES,DET,56455,0,0,2024-12,HS6,271019
0206,"BEECHER FALLS, VT",-,TOTAL FOR ALL COUNTRIES,DET,135873,0,0,2024-12,HS6,271019
0209,"DERBY LINE, VT",-,TOTAL FOR ALL COUNTRIES,DET,149300,0,0,2024-12,HS6,271019
0211,"NORTON, VT",-,TOTAL FOR ALL COUNTRIES,DET,892170,0,0,2024-12,HS6,271019
0212,"HIGHGATE SPRINGS-ALBURG, VT",-,TOTAL FOR ALL COUNTRIES,DET,477009,0,0,2024-12,HS6,271019
0401,"BOSTON, MA",-,TOTAL FOR ALL COUNTRIES,DET,492587,492587,138912,2024-12,HS6,271019
0408,"SALEM, MA",-,TOTAL FOR ALL COUNTRIES,DET,16168,16168,2733,2024-12,HS6,271019
0417,"LOGAN AIRPORT, MA",-,TOTAL FOR ALL COUNTRIES,DET,610544,0,0,2024-12,HS6,271019
0701,"OGDENSBURG, NY",-,TOTAL FOR ALL COUNTRIES,DET,3431960,0,0,2024-12,HS6,271019
0704,"MASSENA, NY",-,TOTAL FOR ALL COUNTRIES,DET,128160,14394,790,2024-12,HS6,271019
0708,"ALEXANDRIA BAY, NY",-,TOTAL FOR ALL COUNTRIES,DET,42290502,0,0,2024-12,HS6,271019
0712,"CHAMPLAIN-ROUSES POINT, NY",-,TOTAL FOR ALL COUNTRIES,DET,72210727,8913584,15304303,2024-12,HS6,271019
0715,"TROUT RIVER, NY",-,TOTAL FOR ALL COUNTRIES,DET,1681263,0,0,2024-12,HS6,271019
0901,"BUFFALO-NIAGARA FALLS, NY",-,TOTAL FOR ALL COUNTRIES,DET,281624340,173914,46972,2024-12,HS6,271019
0904,"OSWEGO, NY",-,TOTAL FOR ALL COUNTRIES,DET,49275,0,0,2024-12,HS6,271019
1001,"NEW YORK, NY",-,TOTAL FOR ALL COUNTRIES,DET,217283429,217283429,192323012,2024-12,HS6,271019
1002,"ALBANY, NY",-,TOTAL FOR ALL COUNTRIES,DET,16892452,16892452,23884812,2024-12,HS6,271019
1003,"NEWARK, NJ",-,TOTAL FOR ALL COUNTRIES,DET,981045121,980479683,1264514431,2024-12,HS6,271019
1004,"PERTH AMBOY, NJ",-,TOTAL FOR ALL COUNTRIES,DET,162377005,162377005,243378480,2024-12,HS6,271019
1012,"JFK INTERNATIONAL AIRPORT, NY",-,TOTAL FOR ALL COUNTRIES,DET,4952467,0,0,2024-12,HS6,271019
1101,"PHILADELPHIA, PA",-,TOTAL FOR ALL COUNTRIES,DET,228624586,228624586,357678366,2024-12,HS6,271019
1102,"CHESTER, PA",-,TOTAL FOR ALL COUNTRIES,DET,224590812,224590812,356475768,2024-12,HS6,271019
1103,"WILMINGTON, DE",-,TOTAL FOR ALL COUNTRIES,DET,184587535,184530743,275015315,2024-12,HS6,271019
1104,"PITTSBURGH, PA",-,TOTAL FOR ALL COUNTRIES,DET,4196,0,0,2024-12,HS6,271019
1108,"PHILADELPHIA INTERNATIONAL AIRPORT, PA",-,TOTAL FOR ALL COUNTRIES,DET,166039,0,0,2024-12,HS6,271019
1109,"HARRISBURG, PA",-,TOTAL FOR ALL COUNTRIES,DET,2748,0,0,2024-12,HS6,271019
1113,"GLOUCESTER CITY, NJ",-,TOTAL FOR ALL COUNTRIES,DET,48107111,48107111,63297736,2024-12,HS6,271019
1303,"BALTIMORE, MD",-,TOTAL FOR ALL COUNTRIES,DET,7568516,7568516,2439054,2024-12,HS6,271019
1305,"BALTIMORE-WASHINGTON INTERNATIONAL AIRPORT, MD",-,TOTAL FOR ALL COUNTRIES,DET,12544,0,0,2024-12,HS6,271019
1401,"NORFOLK-NEWPORT NEWS, VA",-,TOTAL FOR ALL COUNTRIES,DET,54287359,54287359,67813383,2024-12,HS6,271019
1501,"WILMINGTON, NC",-,TOTAL FOR ALL COUNTRIES,DET,516523,516523,250720,2024-12,HS6,271019
1512,"CHARLOTTE, NC",-,TOTAL FOR ALL COUNTRIES,DET,22199,0,0,2024-12,HS6,271019
1601,"CHARLESTON, SC",-,TOTAL FOR ALL COUNTRIES,DET,21134011,21134011,8298666,2024-12,HS6,271019
1602,"GEORGETOWN, SC",-,TOTAL FOR ALL COUNTRIES,DET,29785,29785,10397,2024-12,HS6,271019
1603,"GREENVILLE-SPARTANSBURG, SC",-,TOTAL FOR ALL COUNTRIES,DET,23066,0,0,2024-12,HS6,271019
1703,"SAVANNAH, GA",-,TOTAL FOR ALL COUNTRIES,DET,60117631,60117631,42893799,2024-12,HS6,271019
1704,"ATLANTA, GA",-,TOTAL FOR ALL COUNTRIES,DET,912142,0,0,2024-12,HS6,271019
1801,"TAMPA, FL",-,TOTAL FOR ALL COUNTRIES,DET,10930873,10900273,3465008,2024-12,HS6,271019
1803,"JACKSONVILLE, FL",-,TOTAL FOR ALL COUNTRIES,DET,19458727,19458727,22085609,2024-12,HS6,271019
1805,"FERNANDINA, FL",-,TOTAL FOR ALL COUNTRIES,DET,2276294,2276294,710700,2024-12,HS6,271019
1808,"ORLANDO, FL",-,TOTAL FOR ALL COUNTRIES,DET,15783,0,0,2024-12,HS6,271019
1816,"PORT CANAVERAL, FL",-,TOTAL FOR ALL COUNTRIES,DET,21064,21064,4431,2024-12,HS6,271019
1818,"PANAMA CITY, FL",-,TOTAL FOR ALL COUNTRIES,DET,41252,41252,7857,2024-12,HS6,271019
1883,"SARASOTA-BRADENTON AIRPORT, FL",-,TOTAL FOR ALL COUNTRIES,DET,14710,0,0,2024-12,HS6,271019
1888,"ORLANDO EXECUTIVE AIRPORT, FL",-,TOTAL FOR ALL COUNTRIES,DET,5000,0,0,2024-12,HS6,271019
1901,"MOBILE, AL",-,TOTAL FOR ALL COUNTRIES,DET,331899614,331899614,430148776,2024-12,HS6,271019
1902,"GULFPORT, MS",-,TOTAL FOR ALL COUNTRIES,DET,45539603,45539603,12469567,2024-12,HS6,271019
1903,"PASCAGOULA, MS",-,TOTAL FOR ALL COUNTRIES,DET,2704303458,2704303458,3575658345,2024-12,HS6,271019
1910,"HUNTSVILLE, AL",-,TOTAL FOR ALL COUNTRIES,DET,32534,0,0,2024-12,HS6,271019
2001,"MORGAN CITY, LA",-,TOTAL FOR ALL COUNTRIES,DET,5612137,5612137,5341123,2024-12,HS6,271019
2002,"NEW ORLEANS, LA",-,TOTAL FOR ALL COUNTRIES,DET,6396737787,6392522615,8388143830,2024-12,HS6,271019
2004,"BATON ROUGE, LA",-,TOTAL FOR ALL COUNTRIES,DET,2635178084,2635178084,3732317483,2024-12,HS6,271019
2006,"MEMPHIS, TN",-,TOTAL FOR ALL COUNTRIES,DET,139523,0,0,2024-12,HS6,271019
2007,"NASHVILLE, TN",-,TOTAL FOR ALL COUNTRIES,DET,16241,0,0,2024-12,HS6,271019
2010,"GRAMERCY, LA",-,TOTAL FOR ALL COUNTRIES,DET,3785572402,3785572402,5237078716,2024-12,HS6,271019
2017,"LAKE CHARLES, LA",-,TOTAL FOR ALL COUNTRIES,DET,4632483441,4632483441,6132757500,2024-12,HS6,271019
2101,"PORT ARTHUR, TX",-,TOTAL FOR ALL COUNTRIES,DET,3951867338,3951867338,5124280737,2024-12,HS6,271019
2104,"BEAUMONT, TX",-,TOTAL FOR ALL COUNTRIES,DET,4011425968,4011425968,5341142453,2024-12,HS6,271019
2301,"BROWNSVILLE, TX",-,TOTAL FOR ALL COUNTRIES,DET,2117562601,441656477,1114898986,2024-12,HS6,271019
2302,"DEL RIO, TX",-,TOTAL FOR ALL COUNTRIES,DET,600324,0,0,2024-12,HS6,271019
2303,"EAGLE PASS, TX",-,TOTAL FOR ALL COUNTRIES,DET,711449328,0,0,2024-12,HS6,271019
2304,"LAREDO, TX",-,TOTAL FOR ALL COUNTRIES,DET,2297449152,0,0,2024-12,HS6,271019
2305,"HILDAGO, TX",-,TOTAL FOR ALL COUNTRIES,DET,752578513,0,0,2024-12,HS6,271019
2307,"RIO GRANDE CITY, TX",-,TOTAL FOR ALL COUNTRIES,DET,90230502,0,0,2024-12,HS6,271019
2309,"PROGRESO, TX",-,TOTAL FOR ALL COUNTRIES,DET,1000565,0,0,2024-12,HS6,271019
2310,"ROMA, TX",-,TOTAL FOR ALL COUNTRIES,DET,565184,0,0,2024-12,HS6,271019
2401,"YSLETA, TX",-,TOTAL FOR ALL COUNTRIES,DET,331723035,0,0,2024-12,HS6,271019
2402,"EL PASO, TX",-,TOTAL FOR ALL COUNTRIES,DET,787142688,0,0,2024-12,HS6,271019
2403,"PRESIDIO, TX",-,TOTAL FOR ALL COUNTRIES,DET,112671,0,0,2024-12,HS6,271019
2404,"FABENS, TX",-,TOTAL FOR ALL COUNTRIES,DET,22189,0,0,2024-12,HS6,271019
2406,"COLUMBUS, NM",-,TOTAL FOR ALL COUNTRIES,DET,9000,0,0,2024-12,HS6,271019
2408,"SANTA TERESA, NM",-,TOTAL FOR ALL COUNTRIES,DET,5107748,0,0,2024-12,HS6,271019
2501,"SAN DIEGO, CA",-,TOTAL FOR ALL COUNTRIES,DET,78459,73397,8171,2024-12,HS6,271019
2503,"CALEXICO, CA",-,TOTAL FOR ALL COUNTRIES,DET,70095583,0,0,2024-12,HS6,271019
2505,"TECATE, CA",-,TOTAL FOR ALL COUNTRIES,DET,49345,0,0,2024-12,HS6,271019
2506,"OTAY MESA, CA",-,TOTAL FOR ALL COUNTRIES,DET,17342180,0,0,2024-12,HS6,271019
2507,"CALEXICO-EAST, CA",-,TOTAL FOR ALL COUNTRIES,DET,48719468,0,0,2024-12,HS6,271019
2604,"NOGALES, AZ",-,TOTAL FOR ALL COUNTRIES,DET,244510131,0,0,2024-12,HS6,271019
2608,"SAN LUIS, AZ",-,TOTAL FOR ALL COUNTRIES,DET,5744313,0,0,2024-12,HS6,271019
2704,"LOS ANGELES, CA",-,TOTAL FOR ALL COUNTRIES,DET,383556055,383556055,473671561,2024-12,HS6,271019
2709,"LONG BEACH, CA",-,TOTAL FOR ALL COUNTRIES,DET,880523901,880523901,1174554229,2024-12,HS6,271019
2713,"PORT HUENEME, CA",-,TOTAL FOR ALL COUNTRIES,DET,61772,61772,44525,2024-12,HS6,271019
2720,"LOS ANGELES INTERNATIONAL AIRPORT, CA",-,TOTAL FOR ALL COUNTRIES,DET,2334903,0,0,2024-12,HS6,271019
2721,"ONTARIO INTERNATIONAL AIRPORT, CA",-,TOTAL FOR ALL COUNTRIES,DET,16294,0,0,2024-12,HS6,271019
2801,"SAN FRANCISCO INTERNATIONAL AIRPORT, CA",-,TOTAL FOR ALL COUNTRIES,DET,672835,0,0,2024-12,HS6,271019
2809,"SAN FRANCISCO, CA",-,TOTAL FOR ALL COUNTRIES,DET,214377329,214377329,325523842,2024-12,HS6,271019
2811,"OAKLAND, CA",-,TOTAL FOR ALL COUNTRIES,DET,3282819,3282819,1581501,2024-12,HS6,271019
2812,"RICHMOND, CA",-,TOTAL FOR ALL COUNTRIES,DET,1595468119,1595468119,2185231482,2024-12,HS6,271019
2815,"CROCKETT, CA",-,TOTAL FOR ALL COUNTRIES,DET,132110940,132110940,241287688,2024-12,HS6,271019
2820,"MARTINEZ, CA",-,TOTAL FOR ALL COUNTRIES,DET,92446235,92446235,141173738,2024-12,HS6,271019
2830,"CARQUINEZ STRAIT, CA",-,TOTAL FOR ALL COUNTRIES,DET,5571050,5571050,13069139,2024-12,HS6,271019
2904,"PORTLAND, OR",-,TOTAL FOR ALL COUNTRIES,DET,6393292,6393292,8377976,2024-12,HS6,271019
2908,"VANCOUVER, WA",-,TOTAL FOR ALL COUNTRIES,DET,29637,29637,5936,2024-12,HS6,271019
2910,"PORTLAND INTERNATIONAL AIRPORT, WA",-,TOTAL FOR ALL COUNTRIES,DET,42079,0,0,2024-12,HS6,271019
3001,"SEATTLE, WA",-,TOTAL FOR ALL COUNTRIES,DET,33509421,32993173,36179268,2024-12,HS6,271019
3002,"TACOMA, WA",-,TOTAL FOR ALL COUNTRIES,DET,2375391,2375391,701417,2024-12,HS6,271019
3004,"BLAINE, WA",-,TOTAL FOR ALL COUNTRIES,DET,471347134,231300523,273006441,2024-12,HS6,271019
3005,"BELLINGHAM, WA",-,TOTAL FOR ALL COUNTRIES,DET,1919751671,1919707692,2549840005,2024-12,HS6,271019
3006,"EVERETT, WA",-,TOTAL FOR ALL COUNTRIES,DET,2963,0,0,2024-12,HS6,271019
3007,"PORT ANGELES, WA",-,TOTAL FOR ALL COUNTRIES,DET,14140786,14140786,10287464,2024-12,HS6,271019
3008,"PORT TOWNSEND, WA",-,TOTAL FOR ALL COUNTRIES,DET,102366,0,0,2024-12,HS6,271019
3009,"SUMAS, WA",-,TOTAL FOR ALL COUNTRIES,DET,13308591,0,0,2024-12,HS6,271019
3010,"ANACORTES, WA",-,TOTAL FOR ALL COUNTRIES,DET,385664039,385664039,617033910,2024-12,HS6,271019
3013,"FERRY, WA",-,TOTAL FOR ALL COUNTRIES,DET,53591,0,0,2024-12,HS6,271019
3015,"BOUNDARY, WA",-,TOTAL FOR ALL COUNTRIES,DET,112062,0,0,2024-12,HS6,271019
3016,"LAURIER, WA",-,TOTAL FOR ALL COUNTRIES,DET,101944,0,0,2024-12,HS6,271019
3019,"OROVILLE, WA",-,TOTAL FOR ALL COUNTRIES,DET,892833,0,0,2024-12,HS6,271019
3020,"FRONTIER, WA",-,TOTAL FOR ALL COUNTRIES,DET,616684,0,0,2024-12,HS6,271019
3023,"LYNDEN, WA",-,TOTAL FOR ALL COUNTRIES,DET,29739611,0,0,2024-12,HS6,271019
3029,"SEATTLE-TACOMA INTERNATIONAL AIRPORT, WA",-,TOTAL FOR ALL COUNTRIES,DET,416840,0,0,2024-12,HS6,271019
3103,"SKAGWAY, AK",-,TOTAL FOR ALL COUNTRIES,DET,65293320,0,0,2024-12,HS6,271019
3104,"ALCAN, AK",-,TOTAL FOR ALL COUNTRIES,DET,66177,0,0,2024-12,HS6,271019
3106,"DALTON CACHE, AK",-,TOTAL FOR ALL COUNTRIES,DET,7045611,0,0,2024-12,HS6,271019
3126,"ANCHORAGE, AK",-,TOTAL FOR ALL COUNTRIES,DET,27110077,25454529,27229512,2024-12,HS6,271019
3201,"HONOLULU, HI",-,TOTAL FOR ALL COUNTRIES,DET,15322863,15322863,31673542,2024-12,HS6,271019
3205,"HONOLULU INTERNATIONAL AIRPORT, HI",-,TOTAL FOR ALL COUNTRIES,DET,119068,0,0,2024-12,HS6,271019
3301,"RAYMOND, MT",-,TOTAL FOR ALL COUNTRIES,DET,664744,0,0,2024-12,HS6,271019
3302,"EASTPORT, ID",-,TOTAL FOR ALL COUNTRIES,DET,60223795,0,0,2024-12,HS6,271019
3304,"GREAT FALLS, MT",-,TOTAL FOR ALL COUNTRIES,DET,35628,0,0,2024-12,HS6,271019
3307,"DENVER, CO",-,TOTAL FOR ALL COUNTRIES,DET,51426,0,0,2024-12,HS6,271019
3308,"PORTHILL, ID",-,TOTAL FOR ALL COUNTRIES,DET,2696,0,0,2024-12,HS6,271019
3310,"SWEETGRASS, MT",-,TOTAL FOR ALL COUNTRIES,DET,73894210,0,0,2024-12,HS6,271019
3316,"PIEGAN, MT",-,TOTAL FOR ALL COUNTRIES,DET,14530,0,0,2024-12,HS6,271019
3318,"ROOSVILLE, MT",-,TOTAL FOR ALL COUNTRIES,DET,335993,0,0,2024-12,HS6,271019
3322,"DEL BONITA, MT",-,TOTAL FOR ALL COUNTRIES,DET,88768,0,0,2024-12,HS6,271019
3401,"PEMBINA, ND",-,TOTAL FOR ALL COUNTRIES,DET,92626509,0,0,2024-12,HS6,271019
3403,"PORTAL, ND",-,TOTAL FOR ALL COUNTRIES,DET,193930664,0,0,2024-12,HS6,271019
3406,"NORTHGATE, ND",-,TOTAL FOR ALL COUNTRIES,DET,2945521,0,0,2024-12,HS6,271019
3407,"WALHALLA, ND",-,TOTAL FOR ALL COUNTRIES,DET,3046,0,0,2024-12,HS6,271019
3413,"ANTLER, ND",-,TOTAL FOR ALL COUNTRIES,DET,162976,0,0,2024-12,HS6,271019
3416,"MAIDA, ND",-,TOTAL FOR ALL COUNTRIES,DET,2722,0,0,2024-12,HS6,271019
3419,"WESTHOPE, ND",-,TOTAL FOR ALL COUNTRIES,DET,132774,0,0,2024-12,HS6,271019
3422,"DUNSEITH, ND",-,TOTAL FOR ALL COUNTRIES,DET,196218,0,0,2024-12,HS6,271019
3424,"BAUDETTE, MN",-,TOTAL FOR ALL COUNTRIES,DET,66454,0,0,2024-12,HS6,271019
3426,"ROSEAU, MN",-,TOTAL FOR ALL COUNTRIES,DET,621901,0,0,2024-12,HS6,271019
3430,"LANCASTER, MN",-,TOTAL FOR ALL COUNTRIES,DET,25837,0,0,2024-12,HS6,271019
3501,"MINNEAPOLIS-ST. PAUL, MN",-,TOTAL FOR ALL COUNTRIES,DET,492663,0,0,2024-12,HS6,271019
3502,"SIOUX FALLS, SD",-,TOTAL FOR ALL COUNTRIES,DET,19573,0,0,2024-12,HS6,271019
3604,"INTERNATIONAL FALLS-RANIER, MN",-,TOTAL FOR ALL COUNTRIES,DET,536882683,322149,88433,2024-12,HS6,271019
3613,"GRAND PORTAGE, MN",-,TOTAL FOR ALL COUNTRIES,DET,667159,0,0,2024-12,HS6,271019
3801,"DETROIT, MI",-,TOTAL FOR ALL COUNTRIES,DET,253931588,5773151,5007153,2024-12,HS6,271019
3802,"PORT HURON, MI",-,TOTAL FOR ALL COUNTRIES,DET,430654537,11869919,20225250,2024-12,HS6,271019
3803,"SAULT STE MARIE, MI",-,TOTAL FOR ALL COUNTRIES,DET,6056731,0,0,2024-12,HS6,271019
3805,"BATTLE CREEK, MI",-,TOTAL FOR ALL COUNTRIES,DET,77151,0,0,2024-12,HS6,271019
3807,"DETROIT METROPOLITAN AIRPORT, MI",-,TOTAL FOR ALL COUNTRIES,DET,35606,0,0,2024-12,HS6,271019
3809,"MARQUETTE, MI",-,TOTAL FOR ALL COUNTRIES,DET,3041,0,0,2024-12,HS6,271019
3901,"CHICAGO, IL",-,TOTAL FOR ALL COUNTRIES,DET,7121778,988673,696604,2024-12,HS6,271019
3909,"ROCKFORD AIRPORT, IL",-,TOTAL FOR ALL COUNTRIES,DET,83397,0,0,2024-12,HS6,271019
4101,"CLEVELAND, OH",-,TOTAL FOR ALL COUNTRIES,DET,1917364,74977,49809,2024-12,HS6,271019
4102,"CINCINNATI-LAWRENCEBURG, OH",-,TOTAL FOR ALL COUNTRIES,DET,254439,0,0,2024-12,HS6,271019
4105,"TOLEDO-SANDUSKY, OH",-,TOTAL FOR ALL COUNTRIES,DET,16656291,16650167,13513402,2024-12,HS6,271019
4110,"INDIANAPOLIS, IN",-,TOTAL FOR ALL COUNTRIES,DET,264155,0,0,2024-12,HS6,271019
4115,"LOUISVILLE, KY",-,TOTAL FOR ALL COUNTRIES,DET,58172,0,0,2024-12,HS6,271019
4901,"AGUADILLA, PR",-,TOTAL FOR ALL COUNTRIES,DET,74030,74030,80256,2024-12,HS6,271019
4908,"PONCE, PR",-,TOTAL FOR ALL COUNTRIES,DET,18010633,18010633,25095626,2024-12,HS6,271019
4909,"SAN JUAN, PR",-,TOTAL FOR ALL COUNTRIES,DET,96304954,96304954,111144898,2024-12,HS6,271019
4913,"SAN JUAN INTERNATIONAL AIRPORT, PR",-,TOTAL FOR ALL COUNTRIES,DET,3980,0,0,2024-12,HS6,271019
5104,"CHRISTIANSTED, VI",-,TOTAL FOR ALL COUNTRIES,DET,1308044095,1308044095,1898854117,2024-12,HS6,271019
5201,"MIAMI, FL",-,TOTAL FOR ALL COUNTRIES,DET,65576800,65576800,27516788,2024-12,HS6,271019
5203,"PORT EVERGLADES, FL",-,TOTAL FOR ALL COUNTRIES,DET,119319635,119319635,70829438,2024-12,HS6,271019
5204,"WEST PALM BEACH, FL",-,TOTAL FOR ALL COUNTRIES,DET,26529509,26529509,11486029,2024-12,HS6,271019
5205,"FORT PIERCE, FL",-,TOTAL FOR ALL COUNTRIES,DET,11144,11144,14727,2024-12,HS6,271019
5206,"MIAMI INTERNATIONAL AIRPORT, FL",-,TOTAL FOR ALL COUNTRIES,DET,8075039,0,0,2024-12,HS6,271019
5210,"FT. LAUDERDALE INTERNATIONAL AIRPORT, FL",-,TOTAL FOR ALL COUNTRIES,DET,5153,0,0,2024-12,HS6,271019
5301,"HOUSTON, TX",-,TOTAL FOR ALL COUNTRIES,DET,13243385768,13243385768,17443518127,2024-12,HS6,271019
5306,"TEXAS CITY, TX",-,TOTAL FOR ALL COUNTRIES,DET,3360558701,3360558701,4610062498,2024-12,HS6,271019
5309,"HOUSTON INTERCONTINENTAL AIRPORT, TX",-,TOTAL FOR ALL COUNTRIES,DET,3820095,0,0,2024-12,HS6,271019
5310,"GALVESTON, TX",-,TOTAL FOR ALL COUNTRIES,DET,266124136,266124136,421512269,2024-12,HS6,271019
5311,"FREEPORT, TX",-,TOTAL FOR ALL COUNTRIES,DET,9348801,9348801,3112834,2024-12,HS6,271019
5312,"CORPUS CHRISTI, TX",-,TOTAL FOR ALL COUNTRIES,DET,3372344025,3372344025,4680477595,2024-12,HS6,271019
5401,"WASHINGTON, DC",-,TOTAL FOR ALL COUNTRIES,DET,1214430,0,0,2024-12,HS6,271019
5501,"DALLAS-FORT WORTH, TX",-,TOTAL FOR ALL COUNTRIES,DET,2289354,0,0,2024-12,HS6,271019
5506,"AUSTIN, TX",-,TOTAL FOR ALL COUNTRIES,DET,2901,0,0,2024-12,HS6,271019
5507,"SAN ANTONIO, TX",-,TOTAL FOR ALL COUNTRIES,DET,33873,0,0,2024-12,HS6,271019
7000,LOW VALUE,-,TOTAL FOR ALL COUNTRIES,DET,58807617,0,0,2024-12,HS6,271019
0101,"PORTLAND, ME",0003,EUROPEAN UNION,CGP,57600,57600,8047,2024-12,HS6,271019
0101,"PORTLAND, ME",0022,OECD,CGP,194110,194110,34251,2024-12,HS6,271019
0101,"PORTLAND, ME",0023,NATO,CGP,194110,194110,34251,2024-12,HS6,271019
0101,"PORTLAND, ME",0025,EURO AREA,CGP,57600,57600,8047,2024-12,HS6,271019
0101,"PORTLAND, ME",1010,GREENLAND,DET,11062,11062,868,2024-12,HS6,271019
0101,"PORTLAND, ME",1XXX,NORTH AMERICA,CGP,11062,11062,868,2024-12,HS6,271019
0101,"PORTLAND, ME",4000,ICELAND,DET,136510,136510,26204,2024-12,HS6,271019
0101,"PORTLAND, ME",4210,NETHERLANDS,DET,57600,57600,8047,2024-12,HS6,271019
0101,"PORTLAND, ME",4XXX,EUROPE,CGP,194110,194110,34251,2024-12,HS6,271019
0105,"VANCEBORO, ME",0020,USMCA (NAFTA),CGP,5702388,0,0,2024-12,HS6,271019
0105,"VANCEBORO, ME",0022,OECD,CGP,5702388,0,0,2024-12,HS6,271019
0105,"VANCEBORO, ME",0023,NATO,CGP,5702388,0,0,2024-12,HS6,271019
0105,"VANCEBORO, ME",0026,APEC,CGP,5702388,0,0,2024-12,HS6,271019
0105,"VANCEBORO, ME",1220,CANADA,DET,5702388,0,0,2024-12,HS6,271019
0105,"VANCEBORO, ME",1XXX,NORTH AMERICA,CGP,5702388,0,0,2024-12,HS6,271019
0106,"HOULTON, ME",0020,USMCA (NAFTA),CGP,16962749,0,0,2024-12,HS6,271019
0106,"HOULTON, ME",0022,OECD,CGP,16962749,0,0,2024-12,HS6,271019
0106,"HOULTON, ME",0023,NATO,CGP,16962749,0,0,2024-12,HS6,271019
0106,"HOULTON, ME",0026,APEC,CGP,16962749,0,0,2024-12,HS6,271019
0106,"HOULTON, ME",1220,CANADA,DET,16962749,0,0,2024-12,HS6,271019
0106,"HOULTON, ME",1XXX,NORTH AMERICA,CGP,16962749,0,0,2024-12,HS6,271019
0108,"VAN BUREN, ME",0020,USMCA (NAFTA),CGP,221014,0,0,2024-12,HS6,271019
0108,"VAN BUREN, ME",0022,OECD,CGP,221014,0,0,2024-12,HS6,271019
0108,"VAN BUREN, ME",0023,NATO,CGP,221014,0,0,2024-12,HS6,271019
0108,"VAN BUREN, ME",0026,APEC,CGP,221014,0,0,2024-12,HS6,271019
0108,"VAN BUREN, ME",1220,CANADA,DET,221014,0,0,2024-12,HS6,271019
0108,"VAN BUREN, ME",1XXX,NORTH AMERICA,CGP,221014,0,0,2024-12,HS6,271019
0109,"MADAWASKA, ME",0020,USMCA (NAFTA),CGP,70568,0,0,2024-12,HS6,271019
0109,"MADAWASKA, ME",0022,OECD,CGP,70568,0,0,2024-12,HS6,271019
0109,"MADAWASKA, ME",0023,NATO,CGP,70568,0,0,2024-12,HS6,271019
0109,"MADAWASKA, ME",0026,APEC,CGP,70568,0,0,2024-12,HS6,271019
0109,"MADAWASKA, ME",1220,CANADA,DET,70568,0,0,2024-12,HS6,271019
0109,"MADAWASKA, ME",1XXX,NORTH AMERICA,CGP,70568,0,0,2024-12,HS6,271019
0115,"CALAIS, ME",0020,USMCA (NAFTA),CGP,5261248,0,0,2024-12,HS6,271019
0115,"CALAIS, ME",0022,OECD,CGP,5261248,0,0,2024-12,HS6,271019
0115,"CALAIS, ME",0023,NATO,CGP,5261248,0,0,2024-12,HS6,271019
0115,"CALAIS, ME",0026,APEC,CGP,5261248,0,0,2024-12,HS6,271019
0115,"CALAIS, ME",1220,CANADA,DET,5261248,0,0,2024-12,HS6,271019
0115,"CALAIS, ME",1XXX,NORTH AMERICA,CGP,5261248,0,0,2024-12,HS6,271019
0127,"BRIDGEWATER, ME",0020,USMCA (NAFTA),CGP,56455,0,0,2024-12,HS6,271019
0127,"BRIDGEWATER, ME",0022,OECD,CGP,56455,0,0,2024-12,HS6,271019
0127,"BRIDGEWATER, ME",0023,NATO,CGP,56455,0,0,2024-12,HS6,271019
0127,"BRIDGEWATER, ME",0026,APEC,CGP,56455,0,0,2024-12,HS6,271019
0127,"BRIDGEWATER, ME",1220,CANADA,DET,56455,0,0,2024-12,HS6,271019
0127,"BRIDGEWATER, ME",1XXX,NORTH AMERICA,CGP,56455,0,0,2024-12,HS6,271019
0206,"BEECHER FALLS, VT",0020,USMCA (NAFTA),CGP,135873,0,0,2024-12,HS6,271019
0206,"BEECHER FALLS, VT",0022,OECD,CGP,135873,0,0,2024-12,HS6,271019
0206,"BEECHER FALLS, VT",0023,NATO,CGP,135873,0,0,2024-12,HS6,271019
0206,"BEECHER FALLS, VT",0026,APEC,CGP,135873,0,0,2024-12,HS6,271019
0206,"BEECHER FALLS, VT",1220,CANADA,DET,135873,0,0,2024-12,HS6,271019
0206,"BEECHER FALLS, VT",1XXX,NORTH AMERICA,CGP,135873,0,0,2024-12,HS6,271019
0209,"DERBY LINE, VT",0020,USMCA (NAFTA),CGP,149300,0,0,2024-12,HS6,271019
0209,"DERBY LINE, VT",0022,OECD,CGP,149300,0,0,2024-12,HS6,271019
0209,"DERBY LINE, VT",0023,NATO,CGP,149300,0,0,2024-12,HS6,271019
0209,"DERBY LINE, VT",0026,APEC,CGP,149300,0,0,2024-12,HS6,271019
0209,"DERBY LINE, VT",1220,CANADA,DET,149300,0,0,2024-12,HS6,271019
0209,"DERBY LINE, VT",1XXX,NORTH AMERICA,CGP,149300,0,0,2024-12,HS6,271019
0211,"NORTON, VT",0020,USMCA (NAFTA),CGP,892170,0,0,2024-12,HS6,271019
0211,"NORTON, VT",0022,OECD,CGP,892170,0,0,2024-12,HS6,271019
0211,"NORTON, VT",0023,NATO,CGP,892170,0,0,2024-12,HS6,271019
0211,"NORTON, VT",0026,APEC,CGP,892170,0,0,2024-12,HS6,271019
0211,"NORTON, VT",1220,CANADA,DET,892170,0,0,2024-12,HS6,271019
0211,"NORTON, VT",1XXX,NORTH AMERICA,CGP,892170,0,0,2024-12,HS6,271019
0212,"HIGHGATE SPRINGS-ALBURG, VT",0020,USMCA (NAFTA),CGP,477009,0,0,2024-12,HS6,271019
0212,"HIGHGATE SPRINGS-ALBURG, VT",0022,OECD,CGP,477009,0,0,2024-12,HS6,271019
0212,"HIGHGATE SPRINGS-ALBURG, VT",0023,NATO,CGP,477009,0,0,2024-12,HS6,271019
0212,"HIGHGATE SPRINGS-ALBURG, VT",0026,APEC,CGP,477009,0,0,2024-12,HS6,271019
0212,"HIGHGATE SPRINGS-ALBURG, VT",1220,CANADA,DET,477009,0,0,2024-12,HS6,271019
0212,"HIGHGATE SPRINGS-ALBURG, VT",1XXX,NORTH AMERICA,CGP,477009,0,0,2024-12,HS6,271019
0401,"BOSTON, MA",0014,PACIFIC RIM COUNTRIES,CGP,27408,27408,3191,2024-12,HS6,271019
0401,"BOSTON, MA",0021,TWENTY LATIN AMERICAN REPUBLICS,CGP,228548,228548,21632,2024-12,HS6,271019
0401,"BOSTON, MA",0022,OECD,CGP,214048,214048,20483,2024-12,HS6,271019
0401,"BOSTON, MA",0024,LAFTA,CGP,228548,228548,21632,2024-12,HS6,271019
0401,"BOSTON, MA",0026,APEC,CGP,346621,346621,44279,2024-12,HS6,271019
0401,"BOSTON, MA",0027,ASEAN,CGP,102036,102036,21130,2024-12,HS6,271019
0401,"BOSTON, MA",3330,PERU,DET,30537,30537,2666,2024-12,HS6,271019
0401,"BOSTON, MA",3370,CHILE,DET,198011,198011,18966,2024-12,HS6,271019
0401,"BOSTON, MA",3XXX,SOUTH AMERICA,CGP,228548,228548,21632,2024-12,HS6,271019
0401,"BOSTON, MA",5200,UNITED ARAB EMIRATES,DET,137111,137111,92998,2024-12,HS6,271019
0401,"BOSTON, MA",5350,PAKISTAN,DET,8855,8855,1635,2024-12,HS6,271019
0401,"BOSTON, MA",5490,THAILAND,DET,90665,90665,19456,2024-12,HS6,271019
0401,"BOSTON, MA",5570,MALAYSIA,DET,4329,4329,370,2024-12,HS6,271019
0401,"BOSTON, MA",5600,INDONESIA,DET,7042,7042,1304,2024-12,HS6,271019
0401,"BOSTON, MA",5800,"KOREA, SOUTH",DET,16037,16037,1517,2024-12,HS6,271019
0401,"BOSTON, MA",5XXX,ASIA,CGP,264039,264039,117280,2024-12,HS6,271019
0408,"SALEM, MA",0014,PACIFIC RIM COUNTRIES,CGP,16168,16168,2733,2024-12,HS6,271019
0408,"SALEM, MA",0026,APEC,CGP,16168,16168,2733,2024-12,HS6,271019
0408,"SALEM, MA",0027,ASEAN,CGP,16168,16168,2733,2024-12,HS6,271019
0408,"SALEM, MA",5650,PHILIPPINES,DET,16168,16168,2733,2024-12,HS6,271019
0408,"SALEM, MA",5XXX,ASIA,CGP,16168,16168,2733,2024-12,HS6,271019
0417,"LOGAN AIRPORT, MA",0003,EUROPEAN UNION,CGP,385940,0,0,2024-12,HS6,271019
0417,"LOGAN AIRPORT, MA",0014,PACIFIC RIM COUNTRIES,CGP,216574,0,0,2024-12,HS6,271019
0417,"LOGAN AIRPORT, MA",0022,OECD,CGP,581765,0,0,2024-12,HS6,271019
0417,"LOGAN AIRPORT, MA",0023,NATO,CGP,391010,0,0,2024-12,HS6,271019
0417,"LOGAN AIRPORT, MA",0025,EURO AREA,CGP,330162,0,0,2024-12,HS6,271019
0417,"LOGAN AIRPORT, MA",0026,APEC,CGP,216574,0,0,2024-12,HS6,271019
0417,"LOGAN AIRPORT, MA",0027,ASEAN,CGP,25819,0,0,2024-12,HS6,271019
0417,"LOGAN AIRPORT, MA",4010,SWEDEN,DET,55778,0,0,2024-12,HS6,271019
0417,"LOGAN AIRPORT, MA",4120,UNITED KINGDOM,DET,5070,0,0,2024-12,HS6,271019
0417,"LOGAN AIRPORT, MA",4280,GERMANY,DET,330162,0,0,2024-12,HS6,271019
0417,"LOGAN AIRPORT, MA",4XXX,EUROPE,CGP,391010,0,0,2024-12,HS6,271019
0417,"LOGAN AIRPORT, MA",5170,SAUDI ARABIA,DET,2960,0,0,2024-12,HS6,271019
0417,"LOGAN AIRPORT, MA",5570,MALAYSIA,DET,13261,0,0,2024-12,HS6,271019
0417,"LOGAN AIRPORT, MA",5650,PHILIPPINES,DET,12558,0,0,2024-12,HS6,271019
0417,"LOGAN AIRPORT, MA",5800,"KOREA, SOUTH",DET,45375,0,0,2024-12,HS6,271019
0417,"LOGAN AIRPORT, MA",5880,JAPAN,DET,145380,0,0,2024-12,HS6,271019
0417,"LOGAN AIRPORT, MA",5XXX,ASIA,CGP,219534,0,0,2024-12,HS6,271019
0701,"OGDENSBURG, NY",0020,USMCA (NAFTA),CGP,3431960,0,0,2024-12,HS6,271019
0701,"OGDENSBURG, NY",0022,OECD,CGP,3431960,0,0,2024-12,HS6,271019
0701,"OGDENSBURG, NY",0023,NATO,CGP,3431960,0,0,2024-12,HS6,271019
0701,"OGDENSBURG, NY",0026,APEC,CGP,3431960,0,0,2024-12,HS6,271019
0701,"OGDENSBURG, NY",1220,CANADA,DET,3431960,0,0,2024-12,HS6,271019
0701,"OGDENSBURG, NY",1XXX,NORTH AMERICA,CGP,3431960,0,0,2024-12,HS6,271019
0704,"MASSENA, NY",0020,USMCA (NAFTA),CGP,113766,0,0,2024-12,HS6,271019
0704,"MASSENA, NY",0022,OECD,CGP,113766,0,0,2024-12,HS6,271019
0704,"MASSENA, NY",0023,NATO,CGP,113766,0,0,2024-12,HS6,271019
0704,"MASSENA, NY",0026,APEC,CGP,113766,0,0,2024-12,HS6,271019
0704,"MASSENA, NY",1220,CANADA,DET,113766,0,0,2024-12,HS6,271019
0704,"MASSENA, NY",1XXX,NORTH AMERICA,CGP,113766,0,0,2024-12,HS6,271019
0704,"MASSENA, NY",7910,SOUTH AFRICA,DET,14394,14394,790,2024-12,HS6,271019
0704,"MASSENA, NY",7XXX,AFRICA,CGP,14394,14394,790,2024-12,HS6,271019
0708,"ALEXANDRIA BAY, NY",0020,USMCA (NAFTA),CGP,42290502,0,0,2024-12,HS6,271019
0708,"ALEXANDRIA BAY, NY",0022,OECD,CGP,42290502,0,0,2024-12,HS6,271019
0708,"ALEXANDRIA BAY, NY",0023,NATO,CGP,42290502,0,0,2024-12,HS6,271019
0708,"ALEXANDRIA BAY, NY",0026,APEC,CGP,42290502,0,0,2024-12,HS6,271019
0708,"ALEXANDRIA BAY, NY",1220,CANADA,DET,42290502,0,0,2024-12,HS6,271019
0708,"ALEXANDRIA BAY, NY",1XXX,NORTH AMERICA,CGP,42290502,0,0,2024-12,HS6,271019
0712,"CHAMPLAIN-ROUSES POINT, NY",0020,USMCA (NAFTA),CGP,72210727,8913584,15304303,2024-12,HS6,271019
0712,"CHAMPLAIN-ROUSES POINT, NY",0022,OECD,CGP,72210727,8913584,15304303,2024-12,HS6,271019
0712,"CHAMPLAIN-ROUSES POINT, NY",0023,NATO,CGP,72210727,8913584,15304303,2024-12,HS6,271019
0712,"CHAMPLAIN-ROUSES POINT, NY",0026,APEC,CGP,72210727,8913584,15304303,2024-12,HS6,271019
0712,"CHAMPLAIN-ROUSES POINT, NY",1220,CANADA,DET,72210727,8913584,15304303,2024-12,HS6,271019
0712,"CHAMPLAIN-ROUSES POINT, NY",1XXX,NORTH AMERICA,CGP,72210727,8913584,15304303,2024-12,HS6,271019
0715,"TROUT RIVER, NY",0020,USMCA (NAFTA),CGP,1681263,0,0,2024-12,HS6,271019
0715,"TROUT RIVER, NY",0022,OECD,CGP,1681263,0,0,2024-12,HS6,271019
0715,"TROUT RIVER, NY",0023,NATO,CGP,1681263,0,0,2024-12,HS6,271019
0715,"TROUT RIVER, NY",0026,APEC,CGP,1681263,0,0,2024-12,HS6,271019
0715,"TROUT RIVER, NY",1220,CANADA,DET,1681263,0,0,2024-12,HS6,271019
0715,"TROUT RIVER, NY",1XXX,NORTH AMERICA,CGP,1681263,0,0,2024-12,HS6,271019
0901,"BUFFALO-NIAGARA FALLS, NY",0003,EUROPEAN UNION,CGP,491762,140122,39457,2024-12,HS6,271019
0901,"BUFFALO-NIAGARA FALLS, NY",0014,PACIFIC RIM COUNTRIES,CGP,379476,0,0,2024-12,HS6,271019
0901,"BUFFALO-NIAGARA FALLS, NY",0020,USMCA (NAFTA),CGP,280503872,0,0,2024-12,HS6,271019
0901,"BUFFALO-NIAGARA FALLS, NY",0022,OECD,CGP,281521639,140122,39457,2024-12,HS6,271019
0901,"BUFFALO-NIAGARA FALLS, NY",0023,NATO,CGP,281130161,140122,39457,2024-12,HS6,271019
0901,"BUFFALO-NIAGARA FALLS, NY",0025,EURO AREA,CGP,470728,121806,34565,2024-12,HS6,271019
0901,"BUFFALO-NIAGARA FALLS, NY",0026,APEC,CGP,280883348,0,0,2024-12,HS6,271019
0901,"BUFFALO-NIAGARA FALLS, NY",1220,CANADA,DET,280503872,0,0,2024-12,HS6,271019
0901,"BUFFALO-NIAGARA FALLS, NY",1XXX,NORTH AMERICA,CGP,280503872,0,0,2024-12,HS6,271019
0901,"BUFFALO-NIAGARA FALLS, NY",4120,UNITED KINGDOM,DET,101158,0,0,2024-12,HS6,271019
0901,"BUFFALO-NIAGARA FALLS, NY",4210,NETHERLANDS,DET,54092,0,0,2024-12,HS6,271019
0901,"BUFFALO-NIAGARA FALLS, NY",4231,BELGIUM,DET,282102,0,0,2024-12,HS6,271019
0901,"BUFFALO-NIAGARA FALLS, NY",4280,GERMANY,DET,89997,77269,24944,2024-12,HS6,271019
0901,"BUFFALO-NIAGARA FALLS, NY",4351,CZECH REPUBLIC,DET,18316,18316,4892,2024-12,HS6,271019
0901,"BUFFALO-NIAGARA FALLS, NY",4419,SWITZERLAND,DET,14720,0,0,2024-12,HS6,271019
0901,"BUFFALO-NIAGARA FALLS, NY",4635,KYRGYZSTAN,DET,33792,33792,7515,2024-12,HS6,271019
0901,"BUFFALO-NIAGARA FALLS, NY",4759,ITALY,DET,44537,44537,9621,2024-12,HS6,271019
0901,"BUFFALO-NIAGARA FALLS, NY",4850,ROMANIA,DET,2718,0,0,2024-12,HS6,271019
0901,"BUFFALO-NIAGARA FALLS, NY",4890,TURKEY,DET,33369,0,0,2024-12,HS6,271019
0901,"BUFFALO-NIAGARA FALLS, NY",4XXX,EUROPE,CGP,674801,173914,46972,2024-12,HS6,271019
0901,"BUFFALO-NIAGARA FALLS, NY",5170,SAUDI ARABIA,DET,62919,0,0,2024-12,HS6,271019
0901,"BUFFALO-NIAGARA FALLS, NY",5350,PAKISTAN,DET,3272,0,0,2024-12,HS6,271019
0901,"BUFFALO-NIAGARA FALLS, NY",5800,"KOREA, SOUTH",DET,6386,0,0,2024-12,HS6,271019
0901,"BUFFALO-NIAGARA FALLS, NY",5880,JAPAN,DET,373090,0,0,2024-12,HS6,271019
0901,"BUFFALO-NIAGARA FALLS, NY",5XXX,ASIA,CGP,445667,0,0,2024-12,HS6,271019
0904,"OSWEGO, NY",0020,USMCA (NAFTA),CGP,49275,0,0,2024-12,HS6,271019
0904,"OSWEGO, NY",0022,OECD,CGP,49275,0,0,2024-12,HS6,271019
0904,"OSWEGO, NY",0023,NATO,CGP,49275,0,0,2024-12,HS6,271019
0904,"OSWEGO, NY",0026,APEC,CGP,49275,0,0,2024-12,HS6,271019
0904,"OSWEGO, NY",1220,CANADA,DET,49275,0,0,2024-12,HS6,271019
0904,"OSWEGO, NY",1XXX,NORTH AMERICA,CGP,49275,0,0,2024-12,HS6,271019
1001,"NEW YORK, NY",0003,EUROPEAN UNION,CGP,58134875,58134875,55702976,2024-12,HS6,271019
1001,"NEW YORK, NY",0014,PACIFIC RIM COUNTRIES,CGP,20663158,20663158,9878115,2024-12,HS6,271019
1001,"NEW YORK, NY",0017,CAFTA-DR,CGP,7516759,7516759,3250095,2024-12,HS6,271019
1001,"NEW YORK, NY",0020,USMCA (NAFTA),CGP,67955617,67955617,84912273,2024-12,HS6,271019
1001,"NEW YORK, NY",0021,TWENTY LATIN AMERICAN REPUBLICS,CGP,22931663,22931663,9868435,2024-12,HS6,271019
1001,"NEW YORK, NY",0022,OECD,CGP,148169906,148169906,151209619,2024-12,HS6,271019
1001,"NEW YORK, NY",0023,NATO,CGP,129594929,129594929,142307838,2024-12,HS6,271019
1001,"NEW YORK, NY",0024,LAFTA,CGP,14204398,14204398,6244321,2024-12,HS6,271019
1001,"NEW YORK, NY",0025,EURO AREA,CGP,55793162,55793162,54898903,2024-12,HS6,271019
1001,"NEW YORK, NY",0026,APEC,CGP,97218169,97218169,98052967,2024-12,HS6,271019
1001,"NEW YORK, NY",0027,ASEAN,CGP,5556249,5556249,1797873,2024-12,HS6,271019
1001,"NEW YORK, NY",0028,CACM,CGP,6012178,6012178,2455958,2024-12,HS6,271019
1001,"NEW YORK, NY",1220,CANADA,DET,67955617,67955617,84912273,2024-12,HS6,271019
1001,"NEW YORK, NY",1XXX,NORTH AMERICA,CGP,67955617,67955617,84912273,2024-12,HS6,271019
1001,"NEW YORK, NY",2050,GUATEMALA,DET,2404183,2404183,814160,2024-12,HS6,271019
1001,"NEW YORK, NY",2080,BELIZE,DET,134322,134322,48999,2024-12,HS6,271019
1001,"NEW YORK, NY",2110,EL SALVADOR,DET,949350,949350,270597,2024-12,HS6,271019
1001,"NEW YORK, NY",2150,HONDURAS,DET,1131832,1131832,354396,2024-12,HS6,271019
1001,"NEW YORK, NY",2190,NICARAGUA,DET,2646,2646,754,2024-12,HS6,271019
1001,"NEW YORK, NY",2230,COSTA RICA,DET,1524167,1524167,1016051,2024-12,HS6,271019
1001,"NEW YORK, NY",2250,PANAMA,DET,1167930,1167930,359354,2024-12,HS6,271019
1001,"NEW YORK, NY",2320,BERMUDA,DET,11152,11152,1310,2024-12,HS6,271019
1001,"NEW YORK, NY",2410,JAMAICA,DET,163613,163613,44366,2024-12,HS6,271019
1001,"NEW YORK, NY",2450,HAITI,DET,42576,42576,14665,2024-12,HS6,271019
1001,"NEW YORK, NY",2470,DOMINICAN REPUBLIC,DET,1504581,1504581,794137,2024-12,HS6,271019
1001,"NEW YORK, NY",2487,ST LUCIA,DET,36490,36490,12934,2024-12,HS6,271019
1001,"NEW YORK, NY",2489,GRENADA,DET,52129,52129,17583,2024-12,HS6,271019
1001,"NEW YORK, NY",2720,BARBADOS,DET,74272,74272,21229,2024-12,HS6,271019
1001,"NEW YORK, NY",2740,TRINIDAD AND TOBAGO,DET,1305516,1305516,414023,2024-12,HS6,271019
1001,"NEW YORK, NY",2XXX,CENTRAL AMERICA,CGP,10504759,10504759,4184558,2024-12,HS6,271019
1001,"NEW YORK, NY",3010,COLOMBIA,DET,2281817,2281817,841536,2024-12,HS6,271019
1001,"NEW YORK, NY",3070,VENEZUELA,DET,1241924,1241924,662701,2024-12,HS6,271019
1001,"NEW YORK, NY",3120,GUYANA,DET,329298,329298,233948,2024-12,HS6,271019
1001,"NEW YORK, NY",3310,ECUADOR,DET,425706,425706,172694,2024-12,HS6,271019
1001,"NEW YORK, NY",3330,PERU,DET,2959411,2959411,1109472,2024-12,HS6,271019
1001,"NEW YORK, NY",3370,CHILE,DET,3441381,3441381,1281641,2024-12,HS6,271019
1001,"NEW YORK, NY",3510,BRAZIL,DET,2973950,2973950,1953913,2024-12,HS6,271019
1001,"NEW YORK, NY",3530,PARAGUAY,DET,283777,283777,93174,2024-12,HS6,271019
1001,"NEW YORK, NY",3550,URUGUAY,DET,61612,61612,16974,2024-12,HS6,271019
1001,"NEW YORK, NY",3570,ARGENTINA,DET,534820,534820,112216,2024-12,HS6,271019
1001,"NEW YORK, NY",3XXX,SOUTH AMERICA,CGP,14533696,14533696,6478269,2024-12,HS6,271019
1001,"NEW YORK, NY",4000,ICELAND,DET,3470,3470,340,2024-12,HS6,271019
1001,"NEW YORK, NY",4010,SWEDEN,DET,163069,163069,65373,2024-12,HS6,271019
1001,"NEW YORK, NY",4039,NORWAY,DET,239715,239715,72254,2024-12,HS6,271019
1001,"NEW YORK, NY",4050,FINLAND,DET,189996,189996,17821,2024-12,HS6,271019
1001,"NEW YORK, NY",4099,DENMARK,DET,31147,31147,13155,2024-12,HS6,271019
1001,"NEW YORK, NY",4120,UNITED KINGDOM,DET,753913,753913,237119,2024-12,HS6,271019
1001,"NEW YORK, NY",4190,IRELAND,DET,37543,37543,3480,2024-12,HS6,271019
1001,"NEW YORK, NY",4210,NETHERLANDS,DET,39642291,39642291,43608396,2024-12,HS6,271019
1001,"NEW YORK, NY",4231,BELGIUM,DET,1243602,1243602,312907,2024-12,HS6,271019
1001,"NEW YORK, NY",4279,FRANCE,DET,1296936,1296936,783600,2024-12,HS6,271019
1001,"NEW YORK, NY",4280,GERMANY,DET,9678060,9678060,8810942,2024-12,HS6,271019
1001,"NEW YORK, NY",4330,AUSTRIA,DET,408040,408040,90328,2024-12,HS6,271019
1001,"NEW YORK, NY",4351,CZECH REPUBLIC,DET,23416,23416,1758,2024-12,HS6,271019
1001,"NEW YORK, NY",4370,HUNGARY,DET,76628,76628,73414,2024-12,HS6,271019
1001,"NEW YORK, NY",4419,SWITZERLAND,DET,102185,102185,15403,2024-12,HS6,271019
1001,"NEW YORK, NY",4470,ESTONIA,DET,28789,28789,5439,2024-12,HS6,271019
1001,"NEW YORK, NY",4490,LATVIA,DET,117493,117493,24565,2024-12,HS6,271019
1001,"NEW YORK, NY",4510,LITHUANIA,DET,106327,106327,60511,2024-12,HS6,271019
1001,"NEW YORK, NY",4550,POLAND,DET,1971158,1971158,611794,2024-12,HS6,271019
1001,"NEW YORK, NY",4623,UKRAINE,DET,1343170,1343170,443500,2024-12,HS6,271019
1001,"NEW YORK, NY",4632,AZERBAIJAN,DET,175934,175934,41182,2024-12,HS6,271019
1001,"NEW YORK, NY",4633,GEORGIA,DET,1321698,1321698,365810,2024-12,HS6,271019
1001,"NEW YORK, NY",4634,KAZAKHSTAN,DET,409838,409838,68299,2024-12,HS6,271019
1001,"NEW YORK, NY",4635,KYRGYZSTAN,DET,1472509,1472509,222169,2024-12,HS6,271019
1001,"NEW YORK, NY",4643,TURKMENISTAN,DET,567061,567061,113715,2024-12,HS6,271019
1001,"NEW YORK, NY",4644,UZBEKISTAN,DET,319827,319827,87972,2024-12,HS6,271019
1001,"NEW YORK, NY",4700,SPAIN,DET,1933841,1933841,757925,2024-12,HS6,271019
1001,"NEW YORK, NY",4710,PORTUGAL,DET,106042,106042,31882,2024-12,HS6,271019
1001,"NEW YORK, NY",4759,ITALY,DET,691738,691738,181555,2024-12,HS6,271019
1001,"NEW YORK, NY",4791,CROATIA,DET,18900,18900,1087,2024-12,HS6,271019
1001,"NEW YORK, NY",4840,GREECE,DET,293564,293564,208465,2024-12,HS6,271019
1001,"NEW YORK, NY",4850,ROMANIA,DET,61528,61528,36047,2024-12,HS6,271019
1001,"NEW YORK, NY",4870,BULGARIA,DET,14767,14767,2532,2024-12,HS6,271019
1001,"NEW YORK, NY",4890,TURKEY,DET,2952922,2952922,1476684,2024-12,HS6,271019
1001,"NEW YORK, NY",4XXX,EUROPE,CGP,67797117,67797117,58847423,2024-12,HS6,271019
1001,"NEW YORK, NY",5040,LEBANON,DET,580494,580494,294825,2024-12,HS6,271019
1001,"NEW YORK, NY",5050,IRAQ,DET,4242020,4242020,2481924,2024-12,HS6,271019
1001,"NEW YORK, NY",5081,ISRAEL,DET,1634619,1634619,816953,2024-12,HS6,271019
1001,"NEW YORK, NY",5110,JORDAN,DET,820682,820682,515984,2024-12,HS6,271019
1001,"NEW YORK, NY",5130,KUWAIT,DET,215907,215907,130714,2024-12,HS6,271019
1001,"NEW YORK, NY",5170,SAUDI ARABIA,DET,5950787,5950787,5765586,2024-12,HS6,271019
1001,"NEW YORK, NY",5180,QATAR,DET,137298,137298,241716,2024-12,HS6,271019
1001,"NEW YORK, NY",5200,UNITED ARAB EMIRATES,DET,7265767,7265767,3429467,2024-12,HS6,271019
1001,"NEW YORK, NY",5230,OMAN,DET,154760,154760,22307,2024-12,HS6,271019
1001,"NEW YORK, NY",5250,BAHRAIN,DET,259823,259823,34420,2024-12,HS6,271019
1001,"NEW YORK, NY",5330,INDIA,DET,8103916,8103916,11666913,2024-12,HS6,271019
1001,"NEW YORK, NY",5350,PAKISTAN,DET,322604,322604,223168,2024-12,HS6,271019
1001,"NEW YORK, NY",5380,BANGLADESH,DET,64128,64128,15665,2024-12,HS6,271019
1001,"NEW YORK, NY",5420,SRI LANKA,DET,67306,67306,14738,2024-12,HS6,271019
1001,"NEW YORK, NY",5490,THAILAND,DET,1923141,1923141,713490,2024-12,HS6,271019
1001,"NEW YORK, NY",5520,VIETNAM,DET,275461,275461,157976,2024-12,HS6,271019
1001,"NEW YORK, NY",5550,CAMBODIA,DET,30532,30532,6336,2024-12,HS6,271019
1001,"NEW YORK, NY",5570,MALAYSIA,DET,590056,590056,268685,2024-12,HS6,271019
1001,"NEW YORK, NY",5590,SINGAPORE,DET,1573484,1573484,344304,2024-12,HS6,271019
1001,"NEW YORK, NY",5600,INDONESIA,DET,552978,552978,131529,2024-12,HS6,271019
1001,"NEW YORK, NY",5610,BRUNEI,DET,33193,33193,7569,2024-12,HS6,271019
1001,"NEW YORK, NY",5650,PHILIPPINES,DET,577404,577404,167984,2024-12,HS6,271019
1001,"NEW YORK, NY",5683,MALDIVES,DET,3784,3784,602,2024-12,HS6,271019
1001,"NEW YORK, NY",5700,CHINA,DET,5666592,5666592,3486983,2024-12,HS6,271019
1001,"NEW YORK, NY",5800,"KOREA, SOUTH",DET,1924280,1924280,1228907,2024-12,HS6,271019
1001,"NEW YORK, NY",5820,HONG KONG,DET,1416016,1416016,248909,2024-12,HS6,271019
1001,"NEW YORK, NY",5830,TAIWAN,DET,1013015,1013015,346097,2024-12,HS6,271019
1001,"NEW YORK, NY",5880,JAPAN,DET,6198627,6198627,3364059,2024-12,HS6,271019
1001,"NEW YORK, NY",5XXX,ASIA,CGP,51598674,51598674,36127810,2024-12,HS6,271019
1001,"NEW YORK, NY",6021,AUSTRALIA,DET,997392,997392,254043,2024-12,HS6,271019
1001,"NEW YORK, NY",6141,NEW ZEALAND,DET,120121,120121,29046,2024-12,HS6,271019
1001,"NEW YORK, NY",6412,NEW CALEDONIA,DET,5813,5813,1306,2024-12,HS6,271019
1001,"NEW YORK, NY",6414,FRENCH POLYNESIA,DET,6811,6811,1118,2024-12,HS6,271019
1001,"NEW YORK, NY",6XXX,AUSTRALIA AND OCEANIA,CGP,1130137,1130137,285513,2024-12,HS6,271019
1001,"NEW YORK, NY",7140,MOROCCO,DET,157203,157203,126628,2024-12,HS6,271019
1001,"NEW YORK, NY",7230,TUNISIA,DET,2800,2800,763,2024-12,HS6,271019
1001,"NEW YORK, NY",7250,LIBYA,DET,1119287,1119287,380803,2024-12,HS6,271019
1001,"NEW YORK, NY",7290,EGYPT,DET,222461,222461,186522,2024-12,HS6,271019
1001,"NEW YORK, NY",7410,MAURITANIA,DET,14231,14231,5482,2024-12,HS6,271019
1001,"NEW YORK, NY",7480,COTE D'IVOIRE,DET,33741,33741,4766,2024-12,HS6,271019
1001,"NEW YORK, NY",7490,GHANA,DET,396517,396517,136211,2024-12,HS6,271019
1001,"NEW YORK, NY",7520,TOGO,DET,32500,32500,11346,2024-12,HS6,271019
1001,"NEW YORK, NY",7530,NIGERIA,DET,374840,374840,151716,2024-12,HS6,271019
1001,"NEW YORK, NY",7550,GABON,DET,3920,3920,243,2024-12,HS6,271019
1001,"NEW YORK, NY",7600,BURKINA FASO,DET,25000,25000,5000,2024-12,HS6,271019
1001,"NEW YORK, NY",7790,KENYA,DET,10404,10404,16585,2024-12,HS6,271019
1001,"NEW YORK, NY",7910,SOUTH AFRICA,DET,1370525,1370525,461101,2024-12,HS6,271019
1001,"NEW YORK, NY",7XXX,AFRICA,CGP,3763429,3763429,1487166,2024-12,HS6,271019
1002,"ALBANY, NY",0020,USMCA (NAFTA),CGP,16892452,16892452,23884812,2024-12,HS6,271019
1002,"ALBANY, NY",0022,OECD,CGP,16892452,16892452,23884812,2024-12,HS6,271019
1002,"ALBANY, NY",0023,NATO,CGP,16892452,16892452,23884812,2024-12,HS6,271019
1002,"ALBANY, NY",0026,APEC,CGP,16892452,16892452,23884812,2024-12,HS6,271019
1002,"ALBANY, NY",1220,CANADA,DET,16892452,16892452,23884812,2024-12,HS6,271019
1002,"ALBANY, NY",1XXX,NORTH AMERICA,CGP,16892452,16892452,23884812,2024-12,HS6,271019
1003,"NEWARK, NJ",0003,EUROPEAN UNION,CGP,699448228,699089815,904862437,2024-12,HS6,271019
1003,"NEWARK, NJ",0014,PACIFIC RIM COUNTRIES,CGP,3415309,3415309,2505209,2024-12,HS6,271019
1003,"NEWARK, NJ",0017,CAFTA-DR,CGP,2536488,2536488,1799105,2024-12,HS6,271019
1003,"NEWARK, NJ",0020,USMCA (NAFTA),CGP,20060,0,0,2024-12,HS6,271019
1003,"NEWARK, NJ",0021,TWENTY LATIN AMERICAN REPUBLICS,CGP,29832297,29741060,30424026,2024-12,HS6,271019
1003,"NEWARK, NJ",0022,OECD,CGP,904676466,904227341,1180957943,2024-12,HS6,271019
1003,"NEWARK, NJ",0023,NATO,CGP,873851905,873457332,1149246598,2024-12,HS6,271019
1003,"NEWARK, NJ",0024,LAFTA,CGP,26956592,26865355,28563166,2024-12,HS6,271019
1003,"NEWARK, NJ",0025,EURO AREA,CGP,669565194,669249170,865331483,2024-12,HS6,271019
1003,"NEWARK, NJ",0026,APEC,CGP,5474642,5451121,2907611,2024-12,HS6,271019
1003,"NEWARK, NJ",0027,ASEAN,CGP,928093,924632,248400,2024-12,HS6,271019
1003,"NEWARK, NJ",0028,CACM,CGP,2274133,2274133,1703619,2024-12,HS6,271019
1003,"NEWARK, NJ",1XXX,NORTH AMERICA,CGP,20060,0,0,2024-12,HS6,271019
1003,"NEWARK, NJ",2010,MEXICO,DET,20060,0,0,2024-12,HS6,271019
1003,"NEWARK, NJ",2050,GUATEMALA,DET,151769,151769,30572,2024-12,HS6,271019
1003,"NEWARK, NJ",2110,EL SALVADOR,DET,94055,94055,20033,2024-12,HS6,271019
1003,"NEWARK, NJ",2150,HONDURAS,DET,428114,428114,96514,2024-12,HS6,271019
1003,"NEWARK, NJ",2190,NICARAGUA,DET,372639,372639,111414,2024-12,HS6,271019
1003,"NEWARK, NJ",2230,COSTA RICA,DET,1227556,1227556,1445086,2024-12,HS6,271019
1003,"NEWARK, NJ",2250,PANAMA,DET,339217,339217,61755,2024-12,HS6,271019
1003,"NEWARK, NJ",2320,BERMUDA,DET,4006198,4006198,5525029,2024-12,HS6,271019
1003,"NEWARK, NJ",2360,BAHAMAS,DET,4788389,4788389,6653803,2024-12,HS6,271019
1003,"NEWARK, NJ",2410,JAMAICA,DET,11990706,11990706,18021121,2024-12,HS6,271019
1003,"NEWARK, NJ",2470,DOMINICAN REPUBLIC,DET,262355,262355,95486,2024-12,HS6,271019
1003,"NEWARK, NJ",2740,TRINIDAD AND TOBAGO,DET,33840,33840,21905,2024-12,HS6,271019
1003,"NEWARK, NJ",2779,ARUBA,DET,18225,18225,3905,2024-12,HS6,271019
1003,"NEWARK, NJ",2XXX,CENTRAL AMERICA,CGP,23713063,23713063,32086623,2024-12,HS6,271019
1003,"NEWARK, NJ",3010,COLOMBIA,DET,24310090,24310090,28030842,2024-12,HS6,271019
1003,"NEWARK, NJ",3070,VENEZUELA,DET,255605,255605,78104,2024-12,HS6,271019
1003,"NEWARK, NJ",3120,GUYANA,DET,142847,142847,50286,2024-12,HS6,271019
1003,"NEWARK, NJ",3150,SURINAME,DET,158328,158328,49803,2024-12,HS6,271019
1003,"NEWARK, NJ",3330,PERU,DET,526530,526530,101337,2024-12,HS6,271019
1003,"NEWARK, NJ",3350,BOLIVIA,DET,52920,52920,19440,2024-12,HS6,271019
1003,"NEWARK, NJ",3370,CHILE,DET,1190514,1190514,218659,2024-12,HS6,271019
1003,"NEWARK, NJ",3510,BRAZIL,DET,429413,358236,62293,2024-12,HS6,271019
1003,"NEWARK, NJ",3570,ARGENTINA,DET,171460,171460,52491,2024-12,HS6,271019
1003,"NEWARK, NJ",3XXX,SOUTH AMERICA,CGP,27237707,27166530,28663255,2024-12,HS6,271019
1003,"NEWARK, NJ",4000,ICELAND,DET,44028,44028,12000,2024-12,HS6,271019
1003,"NEWARK, NJ",4010,SWEDEN,DET,38426,28729,44211,2024-12,HS6,271019
1003,"NEWARK, NJ",4039,NORWAY,DET,132295,132295,33518,2024-12,HS6,271019
1003,"NEWARK, NJ",4050,FINLAND,DET,77450,77450,113963,2024-12,HS6,271019
1003,"NEWARK, NJ",4091,FAROE ISLANDS,DET,12724,12724,22216,2024-12,HS6,271019
1003,"NEWARK, NJ",4099,DENMARK,DET,29753360,29736000,39477741,2024-12,HS6,271019
1003,"NEWARK, NJ",4120,UNITED KINGDOM,DET,173026955,173008609,243406304,2024-12,HS6,271019
1003,"NEWARK, NJ",4190,IRELAND,DET,7296,7296,979,2024-12,HS6,271019
1003,"NEWARK, NJ",4210,NETHERLANDS,DET,362028675,361863486,480843631,2024-12,HS6,271019
1003,"NEWARK, NJ",4231,BELGIUM,DET,118819234,118739745,153967971,2024-12,HS6,271019
1003,"NEWARK, NJ",4279,FRANCE,DET,178888614,178829067,211435854,2024-12,HS6,271019
1003,"NEWARK, NJ",4280,GERMANY,DET,9431491,9431491,18569607,2024-12,HS6,271019
1003,"NEWARK, NJ",4330,AUSTRIA,DET,27465,27465,5009,2024-12,HS6,271019
1003,"NEWARK, NJ",4370,HUNGARY,DET,44277,44277,2879,2024-12,HS6,271019
1003,"NEWARK, NJ",4419,SWITZERLAND,DET,8961,8961,1388,2024-12,HS6,271019
1003,"NEWARK, NJ",4470,ESTONIA,DET,2782,2782,240,2024-12,HS6,271019
1003,"NEWARK, NJ",4550,POLAND,DET,15632,15632,966,2024-12,HS6,271019
1003,"NEWARK, NJ",4623,UKRAINE,DET,192183,192183,63846,2024-12,HS6,271019
1003,"NEWARK, NJ",4634,KAZAKHSTAN,DET,5177,5177,1625,2024-12,HS6,271019
1003,"NEWARK, NJ",4700,SPAIN,DET,101997,90198,9990,2024-12,HS6,271019
1003,"NEWARK, NJ",4759,ITALY,DET,38814,38814,4211,2024-12,HS6,271019
1003,"NEWARK, NJ",4791,CROATIA,DET,9297,9297,1435,2024-12,HS6,271019
1003,"NEWARK, NJ",4792,SLOVENIA,DET,117371,117371,374992,2024-12,HS6,271019
1003,"NEWARK, NJ",4840,GREECE,DET,14708,14708,3601,2024-12,HS6,271019
1003,"NEWARK, NJ",4850,ROMANIA,DET,15332,0,0,2024-12,HS6,271019
1003,"NEWARK, NJ",4870,BULGARIA,DET,16007,16007,5157,2024-12,HS6,271019
1003,"NEWARK, NJ",4890,TURKEY,DET,1235160,1217346,938327,2024-12,HS6,271019
1003,"NEWARK, NJ",4XXX,EUROPE,CGP,874105711,873711138,1149341661,2024-12,HS6,271019
1003,"NEWARK, NJ",5040,LEBANON,DET,19530,19530,4825,2024-12,HS6,271019
1003,"NEWARK, NJ",5050,IRAQ,DET,1598522,1598522,2230980,2024-12,HS6,271019
1003,"NEWARK, NJ",5081,ISRAEL,DET,2802157,2752333,1176918,2024-12,HS6,271019
1003,"NEWARK, NJ",5110,JORDAN,DET,67355,67355,16556,2024-12,HS6,271019
1003,"NEWARK, NJ",5130,KUWAIT,DET,231916,231916,84286,2024-12,HS6,271019
1003,"NEWARK, NJ",5170,SAUDI ARABIA,DET,5607954,5604518,1486979,2024-12,HS6,271019
1003,"NEWARK, NJ",5180,QATAR,DET,29636,24516,90000,2024-12,HS6,271019
1003,"NEWARK, NJ",5200,UNITED ARAB EMIRATES,DET,2270257,2257294,612437,2024-12,HS6,271019
1003,"NEWARK, NJ",5250,BAHRAIN,DET,372809,372809,101054,2024-12,HS6,271019
1003,"NEWARK, NJ",5330,INDIA,DET,486096,486096,683175,2024-12,HS6,271019
1003,"NEWARK, NJ",5420,SRI LANKA,DET,18181,18181,2117,2024-12,HS6,271019
1003,"NEWARK, NJ",5490,THAILAND,DET,217807,214346,51468,2024-12,HS6,271019
1003,"NEWARK, NJ",5520,VIETNAM,DET,104422,104422,30938,2024-12,HS6,271019
1003,"NEWARK, NJ",5570,MALAYSIA,DET,14960,14960,3792,2024-12,HS6,271019
1003,"NEWARK, NJ",5590,SINGAPORE,DET,575940,575940,159431,2024-12,HS6,271019
1003,"NEWARK, NJ",5600,INDONESIA,DET,14964,14964,2771,2024-12,HS6,271019
1003,"NEWARK, NJ",5683,MALDIVES,DET,43398,43398,8236,2024-12,HS6,271019
1003,"NEWARK, NJ",5700,CHINA,DET,1400835,1400835,1435984,2024-12,HS6,271019
1003,"NEWARK, NJ",5800,"KOREA, SOUTH",DET,373165,373165,223387,2024-12,HS6,271019
1003,"NEWARK, NJ",5820,HONG KONG,DET,26331,26331,7390,2024-12,HS6,271019
1003,"NEWARK, NJ",5830,TAIWAN,DET,111181,111181,56785,2024-12,HS6,271019
1003,"NEWARK, NJ",5880,JAPAN,DET,621151,621151,578933,2024-12,HS6,271019
1003,"NEWARK, NJ",5XXX,ASIA,CGP,17008567,16933763,9048442,2024-12,HS6,271019
1003,"NEWARK, NJ",6021,AUSTRALIA,DET,188139,188139,22383,2024-12,HS6,271019
1003,"NEWARK, NJ",6141,NEW ZEALAND,DET,88643,88643,14353,2024-12,HS6,271019
1003,"NEWARK, NJ",6412,NEW CALEDONIA,DET,4554,4554,1182,2024-12,HS6,271019
1003,"NEWARK, NJ",6XXX,AUSTRALIA AND OCEANIA,CGP,281336,281336,37918,2024-12,HS6,271019
1003,"NEWARK, NJ",7140,MOROCCO,DET,36632570,36632570,44414674,2024-12,HS6,271019
1003,"NEWARK, NJ",7230,TUNISIA,DET,4252,4252,91,2024-12,HS6,271019
1003,"NEWARK, NJ",7250,LIBYA,DET,205840,205840,60376,2024-12,HS6,271019
1003,"NEWARK, NJ",7290,EGYPT,DET,209103,209103,83135,2024-12,HS6,271019
1003,"NEWARK, NJ",7440,SENEGAL,DET,34000,34000,36015,2024-12,HS6,271019
1003,"NEWARK, NJ",7490,GHANA,DET,474247,474247,60538,2024-12,HS6,271019
1003,"NEWARK, NJ",7500,GAMBIA,DET,4800,4800,3277,2024-12,HS6,271019
1003,"NEWARK, NJ",7520,TOGO,DET,136000,136000,24207,2024-12,HS6,271019
1003,"NEWARK, NJ",7530,NIGERIA,DET,5039,5039,413,2024-12,HS6,271019
1003,"NEWARK, NJ",7620,ANGOLA,DET,85631,85631,148480,2024-12,HS6,271019
1003,"NEWARK, NJ",7910,SOUTH AFRICA,DET,887195,882371,505326,2024-12,HS6,271019
1003,"NEWARK, NJ",7XXX,AFRICA,CGP,38678677,38673853,45336532,2024-12,HS6,271019
1004,"PERTH AMBOY, NJ",0003,EUROPEAN UNION,CGP,82911642,82911642,107027724,2024-12,HS6,271019
1004,"PERTH AMBOY, NJ",0021,TWENTY LATIN AMERICAN REPUBLICS,CGP,70376360,70376360,122417056,2024-12,HS6,271019
1004,"PERTH AMBOY, NJ",0022,OECD,CGP,92000645,92000645,120961424,2024-12,HS6,271019
1004,"PERTH AMBOY, NJ",0023,NATO,CGP,92000645,92000645,120961424,2024-12,HS6,271019
1004,"PERTH AMBOY, NJ",0025,EURO AREA,CGP,82911642,82911642,107027724,2024-12,HS6,271019
1004,"PERTH AMBOY, NJ",2250,PANAMA,DET,70376360,70376360,122417056,2024-12,HS6,271019
1004,"PERTH AMBOY, NJ",2XXX,CENTRAL AMERICA,CGP,70376360,70376360,122417056,2024-12,HS6,271019
1004,"PERTH AMBOY, NJ",4120,UNITED KINGDOM,DET,9089003,9089003,13933700,2024-12,HS6,271019
1004,"PERTH AMBOY, NJ",4210,NETHERLANDS,DET,82911642,82911642,107027724,2024-12,HS6,271019
1004,"PERTH AMBOY, NJ",4XXX,EUROPE,CGP,92000645,92000645,120961424,2024-12,HS6,271019
1012,"JFK INTERNATIONAL AIRPORT, NY",0003,EUROPEAN UNION,CGP,1440208,0,0,2024-12,HS6,271019
1012,"JFK INTERNATIONAL AIRPORT, NY",0014,PACIFIC RIM COUNTRIES,CGP,839859,0,0,2024-12,HS6,271019
1012,"JFK INTERNATIONAL AIRPORT, NY",0017,CAFTA-DR,CGP,4100,0,0,2024-12,HS6,271019
1012,"JFK INTERNATIONAL AIRPORT, NY",0021,TWENTY LATIN AMERICAN REPUBLICS,CGP,82075,0,0,2024-12,HS6,271019
1012,"JFK INTERNATIONAL AIRPORT, NY",0022,OECD,CGP,3589456,0,0,2024-12,HS6,271019
1012,"JFK INTERNATIONAL AIRPORT, NY",0023,NATO,CGP,1855008,0,0,2024-12,HS6,271019
1012,"JFK INTERNATIONAL AIRPORT, NY",0024,LAFTA,CGP,77975,0,0,2024-12,HS6,271019
1012,"JFK INTERNATIONAL AIRPORT, NY",0025,EURO AREA,CGP,1220030,0,0,2024-12,HS6,271019
1012,"JFK INTERNATIONAL AIRPORT, NY",0026,APEC,CGP,902780,0,0,2024-12,HS6,271019
1012,"JFK INTERNATIONAL AIRPORT, NY",0027,ASEAN,CGP,121760,0,0,2024-12,HS6,271019
1012,"JFK INTERNATIONAL AIRPORT, NY",0028,CACM,CGP,4100,0,0,2024-12,HS6,271019
1012,"JFK INTERNATIONAL AIRPORT, NY",2230,COSTA RICA,DET,4100,0,0,2024-12,HS6,271019
1012,"JFK INTERNATIONAL AIRPORT, NY",2XXX,CENTRAL AMERICA,CGP,4100,0,0,2024-12,HS6,271019
1012,"JFK INTERNATIONAL AIRPORT, NY",3330,PERU,DET,3684,0,0,2024-12,HS6,271019
1012,"JFK INTERNATIONAL AIRPORT, NY",3370,CHILE,DET,20293,0,0,2024-12,HS6,271019
1012,"JFK INTERNATIONAL AIRPORT, NY",3510,BRAZIL,DET,48040,0,0,2024-12,HS6,271019
1012,"JFK INTERNATIONAL AIRPORT, NY",3570,ARGENTINA,DET,5958,0,0,2024-12,HS6,271019
1012,"JFK INTERNATIONAL AIRPORT, NY",3XXX,SOUTH AMERICA,CGP,77975,0,0,2024-12,HS6,271019
1012,"JFK INTERNATIONAL AIRPORT, NY",4010,SWEDEN,DET,114497,0,0,2024-12,HS6,271019
1012,"JFK INTERNATIONAL AIRPORT, NY",4039,NORWAY,DET,6113,0,0,2024-12,HS6,271019
1012,"JFK INTERNATIONAL AIRPORT, NY",4120,UNITED KINGDOM,DET,45760,0,0,2024-12,HS6,271019
1012,"JFK INTERNATIONAL AIRPORT, NY",4190,IRELAND,DET,12503,0,0,2024-12,HS6,271019
1012,"JFK INTERNATIONAL AIRPORT, NY",4210,NETHERLANDS,DET,233046,0,0,2024-12,HS6,271019
1012,"JFK INTERNATIONAL AIRPORT, NY",4231,BELGIUM,DET,118737,0,0,2024-12,HS6,271019
1012,"JFK INTERNATIONAL AIRPORT, NY",4279,FRANCE,DET,167000,0,0,2024-12,HS6,271019
1012,"JFK INTERNATIONAL AIRPORT, NY",4280,GERMANY,DET,416507,0,0,2024-12,HS6,271019
1012,"JFK INTERNATIONAL AIRPORT, NY",4351,CZECH REPUBLIC,DET,26541,0,0,2024-12,HS6,271019
1012,"JFK INTERNATIONAL AIRPORT, NY",4370,HUNGARY,DET,25322,0,0,2024-12,HS6,271019
1012,"JFK INTERNATIONAL AIRPORT, NY",4419,SWITZERLAND,DET,22086,0,0,2024-12,HS6,271019
1012,"JFK INTERNATIONAL AIRPORT, NY",4510,LITHUANIA,DET,17217,0,0,2024-12,HS6,271019
1012,"JFK INTERNATIONAL AIRPORT, NY",4550,POLAND,DET,53818,0,0,2024-12,HS6,271019
1012,"JFK INTERNATIONAL AIRPORT, NY",4635,KYRGYZSTAN,DET,46566,0,0,2024-12,HS6,271019
1012,"JFK INTERNATIONAL AIRPORT, NY",4644,UZBEKISTAN,DET,63423,0,0,2024-12,HS6,271019
1012,"JFK INTERNATIONAL AIRPORT, NY",4700,SPAIN,DET,17661,0,0,2024-12,HS6,271019
1012,"JFK INTERNATIONAL AIRPORT, NY",4759,ITALY,DET,182498,0,0,2024-12,HS6,271019
1012,"JFK INTERNATIONAL AIRPORT, NY",4801,SERBIA,DET,5893,0,0,2024-12,HS6,271019
1012,"JFK INTERNATIONAL AIRPORT, NY",4840,GREECE,DET,54861,0,0,2024-12,HS6,271019
1012,"JFK INTERNATIONAL AIRPORT, NY",4890,TURKEY,DET,375430,0,0,2024-12,HS6,271019
1012,"JFK INTERNATIONAL AIRPORT, NY",4XXX,EUROPE,CGP,2005479,0,0,2024-12,HS6,271019
1012,"JFK INTERNATIONAL AIRPORT, NY",5050,IRAQ,DET,4800,0,0,2024-12,HS6,271019
1012,"JFK INTERNATIONAL AIRPORT, NY",5081,ISRAEL,DET,1291412,0,0,2024-12,HS6,271019
1012,"JFK INTERNATIONAL AIRPORT, NY",5110,JORDAN,DET,9656,0,0,2024-12,HS6,271019
1012,"JFK INTERNATIONAL AIRPORT, NY",5130,KUWAIT,DET,10283,0,0,2024-12,HS6,271019
1012,"JFK INTERNATIONAL AIRPORT, NY",5170,SAUDI ARABIA,DET,118792,0,0,2024-12,HS6,271019
1012,"JFK INTERNATIONAL AIRPORT, NY",5180,QATAR,DET,7029,0,0,2024-12,HS6,271019
1012,"JFK INTERNATIONAL AIRPORT, NY",5200,UNITED ARAB EMIRATES,DET,41744,0,0,2024-12,HS6,271019
1012,"JFK INTERNATIONAL AIRPORT, NY",5230,OMAN,DET,8288,0,0,2024-12,HS6,271019
1012,"JFK INTERNATIONAL AIRPORT, NY",5250,BAHRAIN,DET,2672,0,0,2024-12,HS6,271019
1012,"JFK INTERNATIONAL AIRPORT, NY",5330,INDIA,DET,149945,0,0,2024-12,HS6,271019
1012,"JFK INTERNATIONAL AIRPORT, NY",5350,PAKISTAN,DET,9068,0,0,2024-12,HS6,271019
1012,"JFK INTERNATIONAL AIRPORT, NY",5380,BANGLADESH,DET,6136,0,0,2024-12,HS6,271019
1012,"JFK INTERNATIONAL AIRPORT, NY",5420,SRI LANKA,DET,5562,0,0,2024-12,HS6,271019
1012,"JFK INTERNATIONAL AIRPORT, NY",5490,THAILAND,DET,29488,0,0,2024-12,HS6,271019
1012,"JFK INTERNATIONAL AIRPORT, NY",5520,VIETNAM,DET,9456,0,0,2024-12,HS6,271019
1012,"JFK INTERNATIONAL AIRPORT, NY",5550,CAMBODIA,DET,2600,0,0,2024-12,HS6,271019
1012,"JFK INTERNATIONAL AIRPORT, NY",5570,MALAYSIA,DET,22091,0,0,2024-12,HS6,271019
1012,"JFK INTERNATIONAL AIRPORT, NY",5590,SINGAPORE,DET,26125,0,0,2024-12,HS6,271019
1012,"JFK INTERNATIONAL AIRPORT, NY",5600,INDONESIA,DET,22200,0,0,2024-12,HS6,271019
1012,"JFK INTERNATIONAL AIRPORT, NY",5650,PHILIPPINES,DET,9800,0,0,2024-12,HS6,271019
1012,"JFK INTERNATIONAL AIRPORT, NY",5700,CHINA,DET,274574,0,0,2024-12,HS6,271019
1012,"JFK INTERNATIONAL AIRPORT, NY",5800,"KOREA, SOUTH",DET,223308,0,0,2024-12,HS6,271019
1012,"JFK INTERNATIONAL AIRPORT, NY",5820,HONG KONG,DET,19109,0,0,2024-12,HS6,271019
1012,"JFK INTERNATIONAL AIRPORT, NY",5830,TAIWAN,DET,81906,0,0,2024-12,HS6,271019
1012,"JFK INTERNATIONAL AIRPORT, NY",5880,JAPAN,DET,146089,0,0,2024-12,HS6,271019
1012,"JFK INTERNATIONAL AIRPORT, NY",5XXX,ASIA,CGP,2532133,0,0,2024-12,HS6,271019
1012,"JFK INTERNATIONAL AIRPORT, NY",6021,AUSTRALIA,DET,14657,0,0,2024-12,HS6,271019
1012,"JFK INTERNATIONAL AIRPORT, NY",6XXX,AUSTRALIA AND OCEANIA,CGP,14657,0,0,2024-12,HS6,271019
1012,"JFK INTERNATIONAL AIRPORT, NY",7140,MOROCCO,DET,33851,0,0,2024-12,HS6,271019
1012,"JFK INTERNATIONAL AIRPORT, NY",7210,ALGERIA,DET,3000,0,0,2024-12,HS6,271019
1012,"JFK INTERNATIONAL AIRPORT, NY",7290,EGYPT,DET,10789,0,0,2024-12,HS6,271019
1012,"JFK INTERNATIONAL AIRPORT, NY",7490,GHANA,DET,17851,0,0,2024-12,HS6,271019
1012,"JFK INTERNATIONAL AIRPORT, NY",7510,NIGER,DET,4044,0,0,2024-12,HS6,271019
1012,"JFK INTERNATIONAL AIRPORT, NY",7530,NIGERIA,DET,7027,0,0,2024-12,HS6,271019
1012,"JFK INTERNATIONAL AIRPORT, NY",7790,KENYA,DET,200000,0,0,2024-12,HS6,271019
1012,"JFK INTERNATIONAL AIRPORT, NY",7910,SOUTH AFRICA,DET,38209,0,0,2024-12,HS6,271019
1012,"JFK INTERNATIONAL AIRPORT, NY",7920,NAMIBIA,DET,3352,0,0,2024-12,HS6,271019
1012,"JFK INTERNATIONAL AIRPORT, NY",7XXX,AFRICA,CGP,318123,0,0,2024-12,HS6,271019
1101,"PHILADELPHIA, PA",0003,EUROPEAN UNION,CGP,58377638,58377638,86164024,2024-12,HS6,271019
1101,"PHILADELPHIA, PA",0014,PACIFIC RIM COUNTRIES,CGP,4707685,4707685,3506939,2024-12,HS6,271019
1101,"PHILADELPHIA, PA",0017,CAFTA-DR,CGP,438215,438215,132418,2024-12,HS6,271019
1101,"PHILADELPHIA, PA",0020,USMCA (NAFTA),CGP,86380210,86380210,166972382,2024-12,HS6,271019
1101,"PHILADELPHIA, PA",0021,TWENTY LATIN AMERICAN REPUBLICS,CGP,6427345,6427345,3890284,2024-12,HS6,271019
1101,"PHILADELPHIA, PA",0022,OECD,CGP,153084625,153084625,259718865,2024-12,HS6,271019
1101,"PHILADELPHIA, PA",0023,NATO,CGP,148757230,148757230,258136406,2024-12,HS6,271019
1101,"PHILADELPHIA, PA",0024,LAFTA,CGP,4976432,4976432,3057297,2024-12,HS6,271019
1101,"PHILADELPHIA, PA",0025,EURO AREA,CGP,58342138,58342138,86160431,2024-12,HS6,271019
1101,"PHILADELPHIA, PA",0026,APEC,CGP,97907280,97907280,180111238,2024-12,HS6,271019
1101,"PHILADELPHIA, PA",0027,ASEAN,CGP,7561842,7561842,11549763,2024-12,HS6,271019
1101,"PHILADELPHIA, PA",0028,CACM,CGP,397417,397417,91615,2024-12,HS6,271019
1101,"PHILADELPHIA, PA",1220,CANADA,DET,86380210,86380210,166972382,2024-12,HS6,271019
1101,"PHILADELPHIA, PA",1XXX,NORTH AMERICA,CGP,86380210,86380210,166972382,2024-12,HS6,271019
1101,"PHILADELPHIA, PA",2050,GUATEMALA,DET,59698,59698,18519,2024-12,HS6,271019
1101,"PHILADELPHIA, PA",2110,EL SALVADOR,DET,66518,66518,10473,2024-12,HS6,271019
1101,"PHILADELPHIA, PA",2230,COSTA RICA,DET,271201,271201,62623,2024-12,HS6,271019
1101,"PHILADELPHIA, PA",2250,PANAMA,DET,1012698,1012698,700569,2024-12,HS6,271019
1101,"PHILADELPHIA, PA",2410,JAMAICA,DET,234735,234735,219696,2024-12,HS6,271019
1101,"PHILADELPHIA, PA",2470,DOMINICAN REPUBLIC,DET,40798,40798,40803,2024-12,HS6,271019
1101,"PHILADELPHIA, PA",2XXX,CENTRAL AMERICA,CGP,1685648,1685648,1052683,2024-12,HS6,271019
1101,"PHILADELPHIA, PA",3010,COLOMBIA,DET,315701,315701,129230,2024-12,HS6,271019
1101,"PHILADELPHIA, PA",3310,ECUADOR,DET,877186,877186,765518,2024-12,HS6,271019
1101,"PHILADELPHIA, PA",3330,PERU,DET,224735,224735,198487,2024-12,HS6,271019
1101,"PHILADELPHIA, PA",3370,CHILE,DET,1577386,1577386,643565,2024-12,HS6,271019
1101,"PHILADELPHIA, PA",3510,BRAZIL,DET,1981424,1981424,1320497,2024-12,HS6,271019
1101,"PHILADELPHIA, PA",3XXX,SOUTH AMERICA,CGP,4976432,4976432,3057297,2024-12,HS6,271019
1101,"PHILADELPHIA, PA",4099,DENMARK,DET,35500,35500,3593,2024-12,HS6,271019
1101,"PHILADELPHIA, PA",4210,NETHERLANDS,DET,19759723,19759723,21797737,2024-12,HS6,271019
1101,"PHILADELPHIA, PA",4231,BELGIUM,DET,282175,282175,167815,2024-12,HS6,271019
1101,"PHILADELPHIA, PA",4279,FRANCE,DET,26540229,26540229,40720603,2024-12,HS6,271019
1101,"PHILADELPHIA, PA",4280,GERMANY,DET,11760011,11760011,23474276,2024-12,HS6,271019
1101,"PHILADELPHIA, PA",4720,GIBRALTAR,DET,24180192,24180192,36381102,2024-12,HS6,271019
1101,"PHILADELPHIA, PA",4890,TURKEY,DET,3999382,3999382,5000000,2024-12,HS6,271019
1101,"PHILADELPHIA, PA",4XXX,EUROPE,CGP,86557212,86557212,127545126,2024-12,HS6,271019
1101,"PHILADELPHIA, PA",5330,INDIA,DET,15270740,15270740,26874025,2024-12,HS6,271019
1101,"PHILADELPHIA, PA",5490,THAILAND,DET,5017264,5017264,8789865,2024-12,HS6,271019
1101,"PHILADELPHIA, PA",5570,MALAYSIA,DET,278090,278090,133555,2024-12,HS6,271019
1101,"PHILADELPHIA, PA",5590,SINGAPORE,DET,2208315,2208315,2613385,2024-12,HS6,271019
1101,"PHILADELPHIA, PA",5600,INDONESIA,DET,58173,58173,12958,2024-12,HS6,271019
1101,"PHILADELPHIA, PA",5880,JAPAN,DET,89200,89200,40180,2024-12,HS6,271019
1101,"PHILADELPHIA, PA",5XXX,ASIA,CGP,22921782,22921782,38463968,2024-12,HS6,271019
1101,"PHILADELPHIA, PA",6021,AUSTRALIA,DET,1854468,1854468,625764,2024-12,HS6,271019
1101,"PHILADELPHIA, PA",6141,NEW ZEALAND,DET,219439,219439,81097,2024-12,HS6,271019
1101,"PHILADELPHIA, PA",6XXX,AUSTRALIA AND OCEANIA,CGP,2073907,2073907,706861,2024-12,HS6,271019
1101,"PHILADELPHIA, PA",7530,NIGERIA,DET,15654720,15654720,14959000,2024-12,HS6,271019
1101,"PHILADELPHIA, PA",7620,ANGOLA,DET,8374675,8374675,4921049,2024-12,HS6,271019
1101,"PHILADELPHIA, PA",7XXX,AFRICA,CGP,24029395,24029395,19880049,2024-12,HS6,271019
1102,"CHESTER, PA",0003,EUROPEAN UNION,CGP,62299152,62299152,86231108,2024-12,HS6,271019
1102,"CHESTER, PA",0014,PACIFIC RIM COUNTRIES,CGP,23537591,23537591,36377465,2024-12,HS6,271019
1102,"CHESTER, PA",0021,TWENTY LATIN AMERICAN REPUBLICS,CGP,46372564,46372564,80673736,2024-12,HS6,271019
1102,"CHESTER, PA",0022,OECD,CGP,62414157,62414157,86349686,2024-12,HS6,271019
1102,"CHESTER, PA",0023,NATO,CGP,62410829,62410829,86349277,2024-12,HS6,271019
1102,"CHESTER, PA",0025,EURO AREA,CGP,60042092,60042092,84132402,2024-12,HS6,271019
1102,"CHESTER, PA",0026,APEC,CGP,23537591,23537591,36377465,2024-12,HS6,271019
1102,"CHESTER, PA",0027,ASEAN,CGP,23537591,23537591,36377465,2024-12,HS6,271019
1102,"CHESTER, PA",2250,PANAMA,DET,46372564,46372564,80673736,2024-12,HS6,271019
1102,"CHESTER, PA",2360,BAHAMAS,DET,49272291,49272291,90652934,2024-12,HS6,271019
1102,"CHESTER, PA",2410,JAMAICA,DET,162463,162463,113013,2024-12,HS6,271019
1102,"CHESTER, PA",2XXX,CENTRAL AMERICA,CGP,95807318,95807318,171439683,2024-12,HS6,271019
1102,"CHESTER, PA",4010,SWEDEN,DET,2257060,2257060,2098706,2024-12,HS6,271019
1102,"CHESTER, PA",4120,UNITED KINGDOM,DET,115005,115005,118578,2024-12,HS6,271019
1102,"CHESTER, PA",4190,IRELAND,DET,3328,3328,409,2024-12,HS6,271019
1102,"CHESTER, PA",4210,NETHERLANDS,DET,32410844,32410844,47241789,2024-12,HS6,271019
1102,"CHESTER, PA",4231,BELGIUM,DET,283342,283342,167118,2024-12,HS6,271019
1102,"CHESTER, PA",4280,GERMANY,DET,815917,815917,138619,2024-12,HS6,271019
1102,"CHESTER, PA",4700,SPAIN,DET,26528661,26528661,36584467,2024-12,HS6,271019
1102,"CHESTER, PA",4720,GIBRALTAR,DET,25065631,25065631,36419751,2024-12,HS6,271019
1102,"CHESTER, PA",4XXX,EUROPE,CGP,87479788,87479788,122769437,2024-12,HS6,271019
1102,"CHESTER, PA",5590,SINGAPORE,DET,23537591,23537591,36377465,2024-12,HS6,271019
1102,"CHESTER, PA",5XXX,ASIA,CGP,23537591,23537591,36377465,2024-12,HS6,271019
1102,"CHESTER, PA",7530,NIGERIA,DET,17766115,17766115,25889183,2024-12,HS6,271019
1102,"CHESTER, PA",7XXX,AFRICA,CGP,17766115,17766115,25889183,2024-12,HS6,271019
1103,"WILMINGTON, DE",0003,EUROPEAN UNION,CGP,38444687,38444687,54595843,2024-12,HS6,271019
1103,"WILMINGTON, DE",0017,CAFTA-DR,CGP,9665173,9665173,4255849,2024-12,HS6,271019
1103,"WILMINGTON, DE",0020,USMCA (NAFTA),CGP,35205932,35205932,42287411,2024-12,HS6,271019
1103,"WILMINGTON, DE",0021,TWENTY LATIN AMERICAN REPUBLICS,CGP,15796894,15796894,17032331,2024-12,HS6,271019
1103,"WILMINGTON, DE",0022,OECD,CGP,74172807,74172807,97048730,2024-12,HS6,271019
1103,"WILMINGTON, DE",0023,NATO,CGP,73650619,73650619,96883254,2024-12,HS6,271019
1103,"WILMINGTON, DE",0025,EURO AREA,CGP,38444687,38444687,54595843,2024-12,HS6,271019
1103,"WILMINGTON, DE",0026,APEC,CGP,35205932,35205932,42287411,2024-12,HS6,271019
1103,"WILMINGTON, DE",0028,CACM,CGP,9665173,9665173,4255849,2024-12,HS6,271019
1103,"WILMINGTON, DE",1220,CANADA,DET,35205932,35205932,42287411,2024-12,HS6,271019
1103,"WILMINGTON, DE",1XXX,NORTH AMERICA,CGP,35205932,35205932,42287411,2024-12,HS6,271019
1103,"WILMINGTON, DE",2050,GUATEMALA,DET,1757050,1757050,1730824,2024-12,HS6,271019
1103,"WILMINGTON, DE",2110,EL SALVADOR,DET,4390840,4390840,1385610,2024-12,HS6,271019
1103,"WILMINGTON, DE",2150,HONDURAS,DET,2114267,2114267,680400,2024-12,HS6,271019
1103,"WILMINGTON, DE",2190,NICARAGUA,DET,880828,880828,293539,2024-12,HS6,271019
1103,"WILMINGTON, DE",2230,COSTA RICA,DET,522188,522188,165476,2024-12,HS6,271019
1103,"WILMINGTON, DE",2250,PANAMA,DET,6131721,6131721,12776482,2024-12,HS6,271019
1103,"WILMINGTON, DE",2320,BERMUDA,DET,18088,18088,3261,2024-12,HS6,271019
1103,"WILMINGTON, DE",2360,BAHAMAS,DET,13260898,13260898,35576654,2024-12,HS6,271019
1103,"WILMINGTON, DE",2XXX,CENTRAL AMERICA,CGP,29075880,29075880,52612246,2024-12,HS6,271019
1103,"WILMINGTON, DE",4210,NETHERLANDS,DET,12296536,12296536,18466460,2024-12,HS6,271019
1103,"WILMINGTON, DE",4700,SPAIN,DET,26148151,26148151,36129383,2024-12,HS6,271019
1103,"WILMINGTON, DE",4720,GIBRALTAR,DET,72178530,72178530,108002262,2024-12,HS6,271019
1103,"WILMINGTON, DE",4XXX,EUROPE,CGP,110623217,110623217,162598105,2024-12,HS6,271019
1103,"WILMINGTON, DE",5050,IRAQ,DET,56792,0,0,2024-12,HS6,271019
1103,"WILMINGTON, DE",5330,INDIA,DET,9625714,9625714,17517553,2024-12,HS6,271019
1103,"WILMINGTON, DE",5XXX,ASIA,CGP,9682506,9625714,17517553,2024-12,HS6,271019
1104,"PITTSBURGH, PA",7910,SOUTH AFRICA,DET,4196,0,0,2024-12,HS6,271019
1104,"PITTSBURGH, PA",7XXX,AFRICA,CGP,4196,0,0,2024-12,HS6,271019
1108,"PHILADELPHIA INTERNATIONAL AIRPORT, PA",0003,EUROPEAN UNION,CGP,93507,0,0,2024-12,HS6,271019
1108,"PHILADELPHIA INTERNATIONAL AIRPORT, PA",0022,OECD,CGP,138517,0,0,2024-12,HS6,271019
1108,"PHILADELPHIA INTERNATIONAL AIRPORT, PA",0023,NATO,CGP,138517,0,0,2024-12,HS6,271019
1108,"PHILADELPHIA INTERNATIONAL AIRPORT, PA",0025,EURO AREA,CGP,93507,0,0,2024-12,HS6,271019
1108,"PHILADELPHIA INTERNATIONAL AIRPORT, PA",4120,UNITED KINGDOM,DET,40773,0,0,2024-12,HS6,271019
1108,"PHILADELPHIA INTERNATIONAL AIRPORT, PA",4210,NETHERLANDS,DET,11682,0,0,2024-12,HS6,271019
1108,"PHILADELPHIA INTERNATIONAL AIRPORT, PA",4279,FRANCE,DET,16272,0,0,2024-12,HS6,271019
1108,"PHILADELPHIA INTERNATIONAL AIRPORT, PA",4280,GERMANY,DET,32565,0,0,2024-12,HS6,271019
1108,"PHILADELPHIA INTERNATIONAL AIRPORT, PA",4643,TURKMENISTAN,DET,4229,0,0,2024-12,HS6,271019
1108,"PHILADELPHIA INTERNATIONAL AIRPORT, PA",4700,SPAIN,DET,16000,0,0,2024-12,HS6,271019
1108,"PHILADELPHIA INTERNATIONAL AIRPORT, PA",4759,ITALY,DET,16988,0,0,2024-12,HS6,271019
1108,"PHILADELPHIA INTERNATIONAL AIRPORT, PA",4890,TURKEY,DET,4237,0,0,2024-12,HS6,271019
1108,"PHILADELPHIA INTERNATIONAL AIRPORT, PA",4XXX,EUROPE,CGP,142746,0,0,2024-12,HS6,271019
1108,"PHILADELPHIA INTERNATIONAL AIRPORT, PA",5050,IRAQ,DET,2509,0,0,2024-12,HS6,271019
1108,"PHILADELPHIA INTERNATIONAL AIRPORT, PA",5130,KUWAIT,DET,13080,0,0,2024-12,HS6,271019
1108,"PHILADELPHIA INTERNATIONAL AIRPORT, PA",5170,SAUDI ARABIA,DET,3436,0,0,2024-12,HS6,271019
1108,"PHILADELPHIA INTERNATIONAL AIRPORT, PA",5180,QATAR,DET,4268,0,0,2024-12,HS6,271019
1108,"PHILADELPHIA INTERNATIONAL AIRPORT, PA",5XXX,ASIA,CGP,23293,0,0,2024-12,HS6,271019
1109,"HARRISBURG, PA",5050,IRAQ,DET,2748,0,0,2024-12,HS6,271019
1109,"HARRISBURG, PA",5XXX,ASIA,CGP,2748,0,0,2024-12,HS6,271019
1113,"GLOUCESTER CITY, NJ",0003,EUROPEAN UNION,CGP,48044447,48044447,63250569,2024-12,HS6,271019
1113,"GLOUCESTER CITY, NJ",0017,CAFTA-DR,CGP,62664,62664,47167,2024-12,HS6,271019
1113,"GLOUCESTER CITY, NJ",0021,TWENTY LATIN AMERICAN REPUBLICS,CGP,62664,62664,47167,2024-12,HS6,271019
1113,"GLOUCESTER CITY, NJ",0022,OECD,CGP,48107111,48107111,63297736,2024-12,HS6,271019
1113,"GLOUCESTER CITY, NJ",0023,NATO,CGP,48044447,48044447,63250569,2024-12,HS6,271019
1113,"GLOUCESTER CITY, NJ",0025,EURO AREA,CGP,48044447,48044447,63250569,2024-12,HS6,271019
1113,"GLOUCESTER CITY, NJ",0028,CACM,CGP,62664,62664,47167,2024-12,HS6,271019
1113,"GLOUCESTER CITY, NJ",2230,COSTA RICA,DET,62664,62664,47167,2024-12,HS6,271019
1113,"GLOUCESTER CITY, NJ",2XXX,CENTRAL AMERICA,CGP,62664,62664,47167,2024-12,HS6,271019
1113,"GLOUCESTER CITY, NJ",4210,NETHERLANDS,DET,14864963,14864963,22301946,2024-12,HS6,271019
1113,"GLOUCESTER CITY, NJ",4279,FRANCE,DET,33179484,33179484,40948623,2024-12,HS6,271019
1113,"GLOUCESTER CITY, NJ",4XXX,EUROPE,CGP,48044447,48044447,63250569,2024-12,HS6,271019
1303,"BALTIMORE, MD",0003,EUROPEAN UNION,CGP,106356,106356,58740,2024-12,HS6,271019
1303,"BALTIMORE, MD",0014,PACIFIC RIM COUNTRIES,CGP,1715493,1715493,269134,2024-12,HS6,271019
1303,"BALTIMORE, MD",0017,CAFTA-DR,CGP,116620,116620,32038,2024-12,HS6,271019
1303,"BALTIMORE, MD",0021,TWENTY LATIN AMERICAN REPUBLICS,CGP,4371127,4371127,1712907,2024-12,HS6,271019
1303,"BALTIMORE, MD",0022,OECD,CGP,3773125,3773125,1316405,2024-12,HS6,271019
1303,"BALTIMORE, MD",0023,NATO,CGP,163156,163156,66905,2024-12,HS6,271019
1303,"BALTIMORE, MD",0024,LAFTA,CGP,4254507,4254507,1680869,2024-12,HS6,271019
1303,"BALTIMORE, MD",0025,EURO AREA,CGP,106356,106356,58740,2024-12,HS6,271019
1303,"BALTIMORE, MD",0026,APEC,CGP,1844192,1844192,330317,2024-12,HS6,271019
1303,"BALTIMORE, MD",0027,ASEAN,CGP,1511943,1511943,216826,2024-12,HS6,271019
1303,"BALTIMORE, MD",0028,CACM,CGP,99902,99902,27708,2024-12,HS6,271019
1303,"BALTIMORE, MD",2230,COSTA RICA,DET,99902,99902,27708,2024-12,HS6,271019
1303,"BALTIMORE, MD",2410,JAMAICA,DET,1191000,1191000,298362,2024-12,HS6,271019
1303,"BALTIMORE, MD",2470,DOMINICAN REPUBLIC,DET,16718,16718,4330,2024-12,HS6,271019
1303,"BALTIMORE, MD",2XXX,CENTRAL AMERICA,CGP,1307620,1307620,330400,2024-12,HS6,271019
1303,"BALTIMORE, MD",3010,COLOMBIA,DET,3374868,3374868,1174003,2024-12,HS6,271019
1303,"BALTIMORE, MD",3330,PERU,DET,43237,43237,26594,2024-12,HS6,271019
1303,"BALTIMORE, MD",3370,CHILE,DET,85462,85462,34589,2024-12,HS6,271019
1303,"BALTIMORE, MD",3510,BRAZIL,DET,744205,744205,443767,2024-12,HS6,271019
1303,"BALTIMORE, MD",3550,URUGUAY,DET,6735,6735,1916,2024-12,HS6,271019
1303,"BALTIMORE, MD",3XXX,SOUTH AMERICA,CGP,4254507,4254507,1680869,2024-12,HS6,271019
1303,"BALTIMORE, MD",4000,ICELAND,DET,56800,56800,8165,2024-12,HS6,271019
1303,"BALTIMORE, MD",4231,BELGIUM,DET,106356,106356,58740,2024-12,HS6,271019
1303,"BALTIMORE, MD",4XXX,EUROPE,CGP,163156,163156,66905,2024-12,HS6,271019
1303,"BALTIMORE, MD",5170,SAUDI ARABIA,DET,34612,34612,36134,2024-12,HS6,271019
1303,"BALTIMORE, MD",5570,MALAYSIA,DET,1491329,1491329,211352,2024-12,HS6,271019
1303,"BALTIMORE, MD",5600,INDONESIA,DET,20614,20614,5474,2024-12,HS6,271019
1303,"BALTIMORE, MD",5700,CHINA,DET,41827,41827,13219,2024-12,HS6,271019
1303,"BALTIMORE, MD",5800,"KOREA, SOUTH",DET,49737,49737,13200,2024-12,HS6,271019
1303,"BALTIMORE, MD",5830,TAIWAN,DET,111986,111986,25889,2024-12,HS6,271019
1303,"BALTIMORE, MD",5XXX,ASIA,CGP,1750105,1750105,305268,2024-12,HS6,271019
1303,"BALTIMORE, MD",7490,GHANA,DET,65000,65000,15105,2024-12,HS6,271019
1303,"BALTIMORE, MD",7510,NIGER,DET,28128,28128,40507,2024-12,HS6,271019
1303,"BALTIMORE, MD",7XXX,AFRICA,CGP,93128,93128,55612,2024-12,HS6,271019
1305,"BALTIMORE-WASHINGTON INTERNATIONAL AIRPORT, MD",5130,KUWAIT,DET,12544,0,0,2024-12,HS6,271019
1305,"BALTIMORE-WASHINGTON INTERNATIONAL AIRPORT, MD",5XXX,ASIA,CGP,12544,0,0,2024-12,HS6,271019
1401,"NORFOLK-NEWPORT NEWS, VA",0003,EUROPEAN UNION,CGP,7101551,7101551,4838791,2024-12,HS6,271019
1401,"NORFOLK-NEWPORT NEWS, VA",0014,PACIFIC RIM COUNTRIES,CGP,8255961,8255961,3295188,2024-12,HS6,271019
1401,"NORFOLK-NEWPORT NEWS, VA",0017,CAFTA-DR,CGP,1565271,1565271,415234,2024-12,HS6,271019
1401,"NORFOLK-NEWPORT NEWS, VA",0021,TWENTY LATIN AMERICAN REPUBLICS,CGP,20271545,20271545,51046791,2024-12,HS6,271019
1401,"NORFOLK-NEWPORT NEWS, VA",0022,OECD,CGP,11806282,11806282,6414990,2024-12,HS6,271019
1401,"NORFOLK-NEWPORT NEWS, VA",0023,NATO,CGP,9347907,9347907,5587249,2024-12,HS6,271019
1401,"NORFOLK-NEWPORT NEWS, VA",0024,LAFTA,CGP,18252297,18252297,50461697,2024-12,HS6,271019
1401,"NORFOLK-NEWPORT NEWS, VA",0025,EURO AREA,CGP,6630203,6630203,4603386,2024-12,HS6,271019
1401,"NORFOLK-NEWPORT NEWS, VA",0026,APEC,CGP,9995759,9995759,3919119,2024-12,HS6,271019
1401,"NORFOLK-NEWPORT NEWS, VA",0027,ASEAN,CGP,4253333,4253333,1175265,2024-12,HS6,271019
1401,"NORFOLK-NEWPORT NEWS, VA",0028,CACM,CGP,395459,395459,265329,2024-12,HS6,271019
1401,"NORFOLK-NEWPORT NEWS, VA",2050,GUATEMALA,DET,49460,49460,26030,2024-12,HS6,271019
1401,"NORFOLK-NEWPORT NEWS, VA",2150,HONDURAS,DET,117394,117394,165438,2024-12,HS6,271019
1401,"NORFOLK-NEWPORT NEWS, VA",2190,NICARAGUA,DET,58742,58742,17992,2024-12,HS6,271019
1401,"NORFOLK-NEWPORT NEWS, VA",2230,COSTA RICA,DET,169863,169863,55869,2024-12,HS6,271019
1401,"NORFOLK-NEWPORT NEWS, VA",2250,PANAMA,DET,453977,453977,169860,2024-12,HS6,271019
1401,"NORFOLK-NEWPORT NEWS, VA",2410,JAMAICA,DET,75413,75413,27493,2024-12,HS6,271019
1401,"NORFOLK-NEWPORT NEWS, VA",2470,DOMINICAN REPUBLIC,DET,1169812,1169812,149905,2024-12,HS6,271019
1401,"NORFOLK-NEWPORT NEWS, VA",2740,TRINIDAD AND TOBAGO,DET,3775,3775,299,2024-12,HS6,271019
1401,"NORFOLK-NEWPORT NEWS, VA",2XXX,CENTRAL AMERICA,CGP,2098436,2098436,612886,2024-12,HS6,271019
1401,"NORFOLK-NEWPORT NEWS, VA",3010,COLOMBIA,DET,281248,281248,96756,2024-12,HS6,271019
1401,"NORFOLK-NEWPORT NEWS, VA",3070,VENEZUELA,DET,107834,107834,60726,2024-12,HS6,271019
1401,"NORFOLK-NEWPORT NEWS, VA",3310,ECUADOR,DET,12311111,12311111,48329721,2024-12,HS6,271019
1401,"NORFOLK-NEWPORT NEWS, VA",3330,PERU,DET,637306,637306,322583,2024-12,HS6,271019
1401,"NORFOLK-NEWPORT NEWS, VA",3370,CHILE,DET,71079,71079,23137,2024-12,HS6,271019
1401,"NORFOLK-NEWPORT NEWS, VA",3510,BRAZIL,DET,4167009,4167009,1379023,2024-12,HS6,271019
1401,"NORFOLK-NEWPORT NEWS, VA",3550,URUGUAY,DET,46760,46760,8007,2024-12,HS6,271019
1401,"NORFOLK-NEWPORT NEWS, VA",3570,ARGENTINA,DET,629950,629950,241744,2024-12,HS6,271019
1401,"NORFOLK-NEWPORT NEWS, VA",3XXX,SOUTH AMERICA,CGP,18252297,18252297,50461697,2024-12,HS6,271019
1401,"NORFOLK-NEWPORT NEWS, VA",4010,SWEDEN,DET,199159,199159,21798,2024-12,HS6,271019
1401,"NORFOLK-NEWPORT NEWS, VA",4039,NORWAY,DET,41585,41585,6694,2024-12,HS6,271019
1401,"NORFOLK-NEWPORT NEWS, VA",4050,FINLAND,DET,1477443,1477443,2168172,2024-12,HS6,271019
1401,"NORFOLK-NEWPORT NEWS, VA",4099,DENMARK,DET,14481,14481,2244,2024-12,HS6,271019
1401,"NORFOLK-NEWPORT NEWS, VA",4120,UNITED KINGDOM,DET,1070708,1070708,449403,2024-12,HS6,271019
1401,"NORFOLK-NEWPORT NEWS, VA",4190,IRELAND,DET,23845,23845,3178,2024-12,HS6,271019
1401,"NORFOLK-NEWPORT NEWS, VA",4210,NETHERLANDS,DET,981458,981458,698687,2024-12,HS6,271019
1401,"NORFOLK-NEWPORT NEWS, VA",4231,BELGIUM,DET,1513832,1513832,876776,2024-12,HS6,271019
1401,"NORFOLK-NEWPORT NEWS, VA",4279,FRANCE,DET,191139,191139,201795,2024-12,HS6,271019
1401,"NORFOLK-NEWPORT NEWS, VA",4280,GERMANY,DET,835431,835431,267253,2024-12,HS6,271019
1401,"NORFOLK-NEWPORT NEWS, VA",4330,AUSTRIA,DET,17090,17090,60467,2024-12,HS6,271019
1401,"NORFOLK-NEWPORT NEWS, VA",4351,CZECH REPUBLIC,DET,11763,11763,596,2024-12,HS6,271019
1401,"NORFOLK-NEWPORT NEWS, VA",4370,HUNGARY,DET,5521,5521,620,2024-12,HS6,271019
1401,"NORFOLK-NEWPORT NEWS, VA",4419,SWITZERLAND,DET,18382,18382,2559,2024-12,HS6,271019
1401,"NORFOLK-NEWPORT NEWS, VA",4490,LATVIA,DET,153805,153805,50574,2024-12,HS6,271019
1401,"NORFOLK-NEWPORT NEWS, VA",4510,LITHUANIA,DET,43836,43836,4815,2024-12,HS6,271019
1401,"NORFOLK-NEWPORT NEWS, VA",4550,POLAND,DET,214984,214984,69077,2024-12,HS6,271019
1401,"NORFOLK-NEWPORT NEWS, VA",4633,GEORGIA,DET,27384,27384,5132,2024-12,HS6,271019
1401,"NORFOLK-NEWPORT NEWS, VA",4634,KAZAKHSTAN,DET,2747,2747,4785,2024-12,HS6,271019
1401,"NORFOLK-NEWPORT NEWS, VA",4700,SPAIN,DET,1247806,1247806,235261,2024-12,HS6,271019
1401,"NORFOLK-NEWPORT NEWS, VA",4730,MALTA,DET,5515,5515,403,2024-12,HS6,271019
1401,"NORFOLK-NEWPORT NEWS, VA",4759,ITALY,DET,20595,20595,4633,2024-12,HS6,271019
1401,"NORFOLK-NEWPORT NEWS, VA",4791,CROATIA,DET,17757,17757,3390,2024-12,HS6,271019
1401,"NORFOLK-NEWPORT NEWS, VA",4840,GREECE,DET,100651,100651,27982,2024-12,HS6,271019
1401,"NORFOLK-NEWPORT NEWS, VA",4850,ROMANIA,DET,25440,25440,141070,2024-12,HS6,271019
1401,"NORFOLK-NEWPORT NEWS, VA",4890,TURKEY,DET,1180513,1180513,356409,2024-12,HS6,271019
1401,"NORFOLK-NEWPORT NEWS, VA",4XXX,EUROPE,CGP,9442870,9442870,5663773,2024-12,HS6,271019
1401,"NORFOLK-NEWPORT NEWS, VA",5040,LEBANON,DET,242351,242351,68986,2024-12,HS6,271019
1401,"NORFOLK-NEWPORT NEWS, VA",5050,IRAQ,DET,4883589,4883589,3274637,2024-12,HS6,271019
1401,"NORFOLK-NEWPORT NEWS, VA",5081,ISRAEL,DET,244711,244711,159130,2024-12,HS6,271019
1401,"NORFOLK-NEWPORT NEWS, VA",5110,JORDAN,DET,209692,209692,115711,2024-12,HS6,271019
1401,"NORFOLK-NEWPORT NEWS, VA",5130,KUWAIT,DET,505026,505026,147003,2024-12,HS6,271019
1401,"NORFOLK-NEWPORT NEWS, VA",5170,SAUDI ARABIA,DET,2515610,2515610,587680,2024-12,HS6,271019
1401,"NORFOLK-NEWPORT NEWS, VA",5180,QATAR,DET,43791,43791,9259,2024-12,HS6,271019
1401,"NORFOLK-NEWPORT NEWS, VA",5200,UNITED ARAB EMIRATES,DET,1754194,1754194,1190328,2024-12,HS6,271019
1401,"NORFOLK-NEWPORT NEWS, VA",5230,OMAN,DET,161219,161219,19743,2024-12,HS6,271019
1401,"NORFOLK-NEWPORT NEWS, VA",5250,BAHRAIN,DET,129815,129815,41015,2024-12,HS6,271019
1401,"NORFOLK-NEWPORT NEWS, VA",5330,INDIA,DET,1960820,1960820,811665,2024-12,HS6,271019
1401,"NORFOLK-NEWPORT NEWS, VA",5420,SRI LANKA,DET,5677,5677,725,2024-12,HS6,271019
1401,"NORFOLK-NEWPORT NEWS, VA",5460,BURMA,DET,155891,155891,43715,2024-12,HS6,271019
1401,"NORFOLK-NEWPORT NEWS, VA",5490,THAILAND,DET,498421,498421,114535,2024-12,HS6,271019
1401,"NORFOLK-NEWPORT NEWS, VA",5520,VIETNAM,DET,532992,532992,163676,2024-12,HS6,271019
1401,"NORFOLK-NEWPORT NEWS, VA",5530,LAOS,DET,38326,38326,11831,2024-12,HS6,271019
1401,"NORFOLK-NEWPORT NEWS, VA",5550,CAMBODIA,DET,61599,61599,25444,2024-12,HS6,271019
1401,"NORFOLK-NEWPORT NEWS, VA",5570,MALAYSIA,DET,641582,641582,117969,2024-12,HS6,271019
1401,"NORFOLK-NEWPORT NEWS, VA",5590,SINGAPORE,DET,1697311,1697311,456995,2024-12,HS6,271019
1401,"NORFOLK-NEWPORT NEWS, VA",5600,INDONESIA,DET,499390,499390,193407,2024-12,HS6,271019
1401,"NORFOLK-NEWPORT NEWS, VA",5650,PHILIPPINES,DET,127821,127821,47693,2024-12,HS6,271019
1401,"NORFOLK-NEWPORT NEWS, VA",5683,MALDIVES,DET,20689,20689,2694,2024-12,HS6,271019
1401,"NORFOLK-NEWPORT NEWS, VA",5700,CHINA,DET,2611956,2611956,1435056,2024-12,HS6,271019
1401,"NORFOLK-NEWPORT NEWS, VA",5800,"KOREA, SOUTH",DET,1136095,1136095,363643,2024-12,HS6,271019
1401,"NORFOLK-NEWPORT NEWS, VA",5820,HONG KONG,DET,244957,244957,108095,2024-12,HS6,271019
1401,"NORFOLK-NEWPORT NEWS, VA",5830,TAIWAN,DET,757590,757590,364868,2024-12,HS6,271019
1401,"NORFOLK-NEWPORT NEWS, VA",5880,JAPAN,DET,162036,162036,77690,2024-12,HS6,271019
1401,"NORFOLK-NEWPORT NEWS, VA",5XXX,ASIA,CGP,21843151,21843151,9953193,2024-12,HS6,271019
1401,"NORFOLK-NEWPORT NEWS, VA",6021,AUSTRALIA,DET,373129,373129,129096,2024-12,HS6,271019
1401,"NORFOLK-NEWPORT NEWS, VA",6141,NEW ZEALAND,DET,4094,4094,676,2024-12,HS6,271019
1401,"NORFOLK-NEWPORT NEWS, VA",6XXX,AUSTRALIA AND OCEANIA,CGP,377223,377223,129772,2024-12,HS6,271019
1401,"NORFOLK-NEWPORT NEWS, VA",7140,MOROCCO,DET,52143,52143,77046,2024-12,HS6,271019
1401,"NORFOLK-NEWPORT NEWS, VA",7230,TUNISIA,DET,39315,39315,66112,2024-12,HS6,271019
1401,"NORFOLK-NEWPORT NEWS, VA",7250,LIBYA,DET,1288766,1288766,467218,2024-12,HS6,271019
1401,"NORFOLK-NEWPORT NEWS, VA",7290,EGYPT,DET,250811,250811,128915,2024-12,HS6,271019
1401,"NORFOLK-NEWPORT NEWS, VA",7420,CAMEROON,DET,23920,23920,16579,2024-12,HS6,271019
1401,"NORFOLK-NEWPORT NEWS, VA",7490,GHANA,DET,275693,275693,86617,2024-12,HS6,271019
1401,"NORFOLK-NEWPORT NEWS, VA",7620,ANGOLA,DET,29971,29971,52200,2024-12,HS6,271019
1401,"NORFOLK-NEWPORT NEWS, VA",7650,LIBERIA,DET,202409,202409,64438,2024-12,HS6,271019
1401,"NORFOLK-NEWPORT NEWS, VA",7810,BRITISH INDIAN OCEAN TERRITORIES,DET,3423,3423,773,2024-12,HS6,271019
1401,"NORFOLK-NEWPORT NEWS, VA",7830,TANZANIA,DET,13251,13251,1655,2024-12,HS6,271019
1401,"NORFOLK-NEWPORT NEWS, VA",7910,SOUTH AFRICA,DET,93680,93680,30509,2024-12,HS6,271019
1401,"NORFOLK-NEWPORT NEWS, VA",7XXX,AFRICA,CGP,2273382,2273382,992062,2024-12,HS6,271019
1501,"WILMINGTON, NC",0003,EUROPEAN UNION,CGP,21922,21922,774,2024-12,HS6,271019
1501,"WILMINGTON, NC",0017,CAFTA-DR,CGP,332128,332128,106677,2024-12,HS6,271019
1501,"WILMINGTON, NC",0021,TWENTY LATIN AMERICAN REPUBLICS,CGP,379193,379193,125976,2024-12,HS6,271019
1501,"WILMINGTON, NC",0022,OECD,CGP,21922,21922,774,2024-12,HS6,271019
1501,"WILMINGTON, NC",0023,NATO,CGP,21922,21922,774,2024-12,HS6,271019
1501,"WILMINGTON, NC",0024,LAFTA,CGP,47065,47065,19299,2024-12,HS6,271019
1501,"WILMINGTON, NC",0025,EURO AREA,CGP,21922,21922,774,2024-12,HS6,271019
1501,"WILMINGTON, NC",0028,CACM,CGP,327862,327862,106444,2024-12,HS6,271019
1501,"WILMINGTON, NC",2110,EL SALVADOR,DET,48875,48875,19299,2024-12,HS6,271019
1501,"WILMINGTON, NC",2150,HONDURAS,DET,278987,278987,87145,2024-12,HS6,271019
1501,"WILMINGTON, NC",2470,DOMINICAN REPUBLIC,DET,4266,4266,233,2024-12,HS6,271019
1501,"WILMINGTON, NC",2XXX,CENTRAL AMERICA,CGP,332128,332128,106677,2024-12,HS6,271019
1501,"WILMINGTON, NC",3310,ECUADOR,DET,47065,47065,19299,2024-12,HS6,271019
1501,"WILMINGTON, NC",3XXX,SOUTH AMERICA,CGP,47065,47065,19299,2024-12,HS6,271019
1501,"WILMINGTON, NC",4231,BELGIUM,DET,21922,21922,774,2024-12,HS6,271019
1501,"WILMINGTON, NC",4XXX,EUROPE,CGP,21922,21922,774,2024-12,HS6,271019
1501,"WILMINGTON, NC",5170,SAUDI ARABIA,DET,115408,115408,123970,2024-12,HS6,271019
1501,"WILMINGTON, NC",5XXX,ASIA,CGP,115408,115408,123970,2024-12,HS6,271019
1512,"CHARLOTTE, NC",0003,EUROPEAN UNION,CGP,19227,0,0,2024-12,HS6,271019
1512,"CHARLOTTE, NC",0022,OECD,CGP,22199,0,0,2024-12,HS6,271019
1512,"CHARLOTTE, NC",0023,NATO,CGP,22199,0,0,2024-12,HS6,271019
1512,"CHARLOTTE, NC",0025,EURO AREA,CGP,6732,0,0,2024-12,HS6,271019
1512,"CHARLOTTE, NC",4120,UNITED KINGDOM,DET,2972,0,0,2024-12,HS6,271019
1512,"CHARLOTTE, NC",4351,CZECH REPUBLIC,DET,12495,0,0,2024-12,HS6,271019
1512,"CHARLOTTE, NC",4700,SPAIN,DET,6732,0,0,2024-12,HS6,271019
1512,"CHARLOTTE, NC",4XXX,EUROPE,CGP,22199,0,0,2024-12,HS6,271019
1601,"CHARLESTON, SC",0003,EUROPEAN UNION,CGP,1016739,1016739,556745,2024-12,HS6,271019
1601,"CHARLESTON, SC",0014,PACIFIC RIM COUNTRIES,CGP,3078719,3078719,1529471,2024-12,HS6,271019
1601,"CHARLESTON, SC",0017,CAFTA-DR,CGP,1003614,1003614,247350,2024-12,HS6,271019
1601,"CHARLESTON, SC",0020,USMCA (NAFTA),CGP,160943,160943,44616,2024-12,HS6,271019
1601,"CHARLESTON, SC",0021,TWENTY LATIN AMERICAN REPUBLICS,CGP,16175948,16175948,5707162,2024-12,HS6,271019
1601,"CHARLESTON, SC",0022,OECD,CGP,2522018,2522018,1063679,2024-12,HS6,271019
1601,"CHARLESTON, SC",0023,NATO,CGP,1227728,1227728,602783,2024-12,HS6,271019
1601,"CHARLESTON, SC",0024,LAFTA,CGP,15087517,15087517,5436847,2024-12,HS6,271019
1601,"CHARLESTON, SC",0025,EURO AREA,CGP,868684,868684,319944,2024-12,HS6,271019
1601,"CHARLESTON, SC",0026,APEC,CGP,3458100,3458100,1765840,2024-12,HS6,271019
1601,"CHARLESTON, SC",0027,ASEAN,CGP,508768,508768,227826,2024-12,HS6,271019
1601,"CHARLESTON, SC",1XXX,NORTH AMERICA,CGP,160943,160943,44616,2024-12,HS6,271019
1601,"CHARLESTON, SC",2010,MEXICO,DET,160943,160943,44616,2024-12,HS6,271019
1601,"CHARLESTON, SC",2250,PANAMA,DET,84817,84817,22965,2024-12,HS6,271019
1601,"CHARLESTON, SC",2470,DOMINICAN REPUBLIC,DET,1003614,1003614,247350,2024-12,HS6,271019
1601,"CHARLESTON, SC",2XXX,CENTRAL AMERICA,CGP,1088431,1088431,270315,2024-12,HS6,271019
1601,"CHARLESTON, SC",3010,COLOMBIA,DET,357684,357684,131502,2024-12,HS6,271019
1601,"CHARLESTON, SC",3070,VENEZUELA,DET,62496,62496,19504,2024-12,HS6,271019
1601,"CHARLESTON, SC",3310,ECUADOR,DET,12389477,12389477,4533491,2024-12,HS6,271019
1601,"CHARLESTON, SC",3330,PERU,DET,63265,63265,7784,2024-12,HS6,271019
1601,"CHARLESTON, SC",3370,CHILE,DET,13653,13653,722,2024-12,HS6,271019
1601,"CHARLESTON, SC",3510,BRAZIL,DET,1808104,1808104,633115,2024-12,HS6,271019
1601,"CHARLESTON, SC",3550,URUGUAY,DET,42848,42848,17758,2024-12,HS6,271019
1601,"CHARLESTON, SC",3570,ARGENTINA,DET,189047,189047,48355,2024-12,HS6,271019
1601,"CHARLESTON, SC",3XXX,SOUTH AMERICA,CGP,14926574,14926574,5392231,2024-12,HS6,271019
1601,"CHARLESTON, SC",4120,UNITED KINGDOM,DET,210989,210989,46038,2024-12,HS6,271019
1601,"CHARLESTON, SC",4210,NETHERLANDS,DET,567582,567582,137683,2024-12,HS6,271019
1601,"CHARLESTON, SC",4231,BELGIUM,DET,108796,108796,20828,2024-12,HS6,271019
1601,"CHARLESTON, SC",4279,FRANCE,DET,5333,5333,449,2024-12,HS6,271019
1601,"CHARLESTON, SC",4280,GERMANY,DET,22775,22775,106182,2024-12,HS6,271019
1601,"CHARLESTON, SC",4510,LITHUANIA,DET,35954,35954,19886,2024-12,HS6,271019
1601,"CHARLESTON, SC",4550,POLAND,DET,148055,148055,236801,2024-12,HS6,271019
1601,"CHARLESTON, SC",4791,CROATIA,DET,70154,70154,20685,2024-12,HS6,271019
1601,"CHARLESTON, SC",4840,GREECE,DET,58090,58090,14231,2024-12,HS6,271019
1601,"CHARLESTON, SC",4XXX,EUROPE,CGP,1227728,1227728,602783,2024-12,HS6,271019
1601,"CHARLESTON, SC",5081,ISRAEL,DET,131743,131743,71096,2024-12,HS6,271019
1601,"CHARLESTON, SC",5200,UNITED ARAB EMIRATES,DET,16084,16084,4270,2024-12,HS6,271019
1601,"CHARLESTON, SC",5330,INDIA,DET,172349,172349,148603,2024-12,HS6,271019
1601,"CHARLESTON, SC",5520,VIETNAM,DET,141520,141520,183247,2024-12,HS6,271019
1601,"CHARLESTON, SC",5570,MALAYSIA,DET,94382,94382,12885,2024-12,HS6,271019
1601,"CHARLESTON, SC",5590,SINGAPORE,DET,272866,272866,31694,2024-12,HS6,271019
1601,"CHARLESTON, SC",5700,CHINA,DET,2011050,2011050,1251247,2024-12,HS6,271019
1601,"CHARLESTON, SC",5800,"KOREA, SOUTH",DET,163349,163349,64045,2024-12,HS6,271019
1601,"CHARLESTON, SC",5880,JAPAN,DET,62128,62128,31783,2024-12,HS6,271019
1601,"CHARLESTON, SC",5XXX,ASIA,CGP,3065471,3065471,1798870,2024-12,HS6,271019
1601,"CHARLESTON, SC",6021,AUSTRALIA,DET,465865,465865,136834,2024-12,HS6,271019
1601,"CHARLESTON, SC",6141,NEW ZEALAND,DET,9079,9079,983,2024-12,HS6,271019
1601,"CHARLESTON, SC",6XXX,AUSTRALIA AND OCEANIA,CGP,474944,474944,137817,2024-12,HS6,271019
1601,"CHARLESTON, SC",7500,GAMBIA,DET,12000,12000,2850,2024-12,HS6,271019
1601,"CHARLESTON, SC",7530,NIGERIA,DET,14635,14635,23360,2024-12,HS6,271019
1601,"CHARLESTON, SC",7910,SOUTH AFRICA,DET,163285,163285,25824,2024-12,HS6,271019
1601,"CHARLESTON, SC",7XXX,AFRICA,CGP,189920,189920,52034,2024-12,HS6,271019
1602,"GEORGETOWN, SC",3120,GUYANA,DET,29785,29785,10397,2024-12,HS6,271019
1602,"GEORGETOWN, SC",3XXX,SOUTH AMERICA,CGP,29785,29785,10397,2024-12,HS6,271019
1603,"GREENVILLE-SPARTANSBURG, SC",0003,EUROPEAN UNION,CGP,23066,0,0,2024-12,HS6,271019
1603,"GREENVILLE-SPARTANSBURG, SC",0022,OECD,CGP,23066,0,0,2024-12,HS6,271019
1603,"GREENVILLE-SPARTANSBURG, SC",0023,NATO,CGP,23066,0,0,2024-12,HS6,271019
1603,"GREENVILLE-SPARTANSBURG, SC",0025,EURO AREA,CGP,23066,0,0,2024-12,HS6,271019
1603,"GREENVILLE-SPARTANSBURG, SC",4280,GERMANY,DET,23066,0,0,2024-12,HS6,271019
1603,"GREENVILLE-SPARTANSBURG, SC",4XXX,EUROPE,CGP,23066,0,0,2024-12,HS6,271019
1703,"SAVANNAH, GA",0003,EUROPEAN UNION,CGP,8244674,8244674,4834833,2024-12,HS6,271019
1703,"SAVANNAH, GA",0014,PACIFIC RIM COUNTRIES,CGP,5684701,5684701,1770630,2024-12,HS6,271019
1703,"SAVANNAH, GA",0017,CAFTA-DR,CGP,19152519,19152519,7781948,2024-12,HS6,271019
1703,"SAVANNAH, GA",0021,TWENTY LATIN AMERICAN REPUBLICS,CGP,34960635,34960635,31054005,2024-12,HS6,271019
1703,"SAVANNAH, GA",0022,OECD,CGP,16894083,16894083,7845121,2024-12,HS6,271019
